2026-08-02 21:43:03,628 - INFO - Starting game loop
2026-08-02 21:43:03,628 - DEBUG - Tick
2026-08-02 21:43:03,629 - DEBUG - Updating music
2026-08-02 21:43:03,629 - DEBUG - Entered _check_music
2026-08-02 21:43:03,629 - DEBUG - Paused: True, Music Playing: False
2026-08-02 21:43:03,629 - DEBUG - Tick
2026-08-02 21:43:03,630 - DEBUG - Updating music
2026-08-02 21:43:03,630 - DEBUG - Entered _check_music
2026-08-02 21:43:03,630 - DEBUG - Paused: True, Music Playing: False
2026-08-02 21:43:03,645 - DEBUG - Tick
2026-08-02 21:43:03,647 - DEBUG - Updating music
2026-08-02 21:43:03,647 - DEBUG - Entered _check_music
2026-08-02 21:43:03,647 - DEBUG - Paused: True, Music Playing: False
2026-08-02 21:43:03,661 - DEBUG - Tick
2026-08-02 21:43:03,663 - DEBUG - Updating music
2026-08-02 21:43:03,663 - DEBUG - Entered _check_music
2026-08-02 21:43:03,663 - DEBUG - Paused: True, Music Playing: False
2026-08-02 21:43:03,678 - DEBUG - Tick
2026-08-02 21:43:03,680 - DEBUG - Updating music
2026-08-02 21:43:03,680 - DEBUG - Entered _check_music
2026-08-02 21:43:03,680 - DEBUG - Paused: True, Music Playing: False
2026-08-02 21:43:03,694 - DEBUG - Tick
2026-08-02 21:43:03,696 - DEBUG - Updating music
2026-08-02 21:43:03,696 - DEBUG - Entered _check_music
2026-08-02 21:43:03,696 - DEBUG - Paused: True, Music Playing: False
2026-08-02 21:43:03,711 - DEBUG - Tick
2026-08-02 21:43:03,713 - DEBUG - Updating music
2026-08-02 21:43:03,713 - DEBUG - Entered _check_music
2026-08-02 21:43:03,713 - DEBUG - Paused: True, Music Playing: False
2026-08-02 21:43:03,727 - DEBUG - Tick
2026-08-02 21:43:03,728 - DEBUG - Updating music
2026-08-02 21:43:03,728 - DEBUG - Entered _check_music
2026-08-02 21:43:03,728 - DEBUG - Paused: True, Music Playing: False
2026-08-02 21:43:03,742 - DEBUG - Tick
2026-08-02 21:43:03,744 - DEBUG - Updating music
2026-08-02 21:43:03,744 - DEBUG - Entered _check_music
2026-08-02 21:43:03,744 - DEBUG - Paused: True, Music Playing: False
2026-08-02 21:43:03,758 - DEBUG - Tick
2026-08-02 21:43:03,760 - DEBUG - Updating music
2026-08-02 21:43:03,760 - DEBUG - Entered _check_music
2026-08-02 21:43:03,760 - DEBUG - Paused: True, Music Playing: False
2026-08-02 21:43:03,774 - DEBUG - Tick
2026-08-02 21:43:03,777 - DEBUG - Updating music
2026-08-02 21:43:03,777 - DEBUG - Entered _check_music
2026-08-02 21:43:03,777 - DEBUG - Paused: True, Music Playing: False
2026-08-02 21:43:03,790 - DEBUG - Tick
2026-08-02 21:43:03,793 - DEBUG - Updating music
2026-08-02 21:43:03,793 - DEBUG - Entered _check_music
2026-08-02 21:43:03,793 - DEBUG - Paused: True, Music Playing: False
2026-08-02 21:43:03,806 - DEBUG - Tick
2026-08-02 21:43:03,809 - DEBUG - Updating music
2026-08-02 21:43:03,809 - DEBUG - Entered _check_music
2026-08-02 21:43:03,809 - DEBUG - Paused: True, Music Playing: False
2026-08-02 21:43:03,822 - DEBUG - Tick
2026-08-02 21:43:03,824 - DEBUG - Updating music
2026-08-02 21:43:03,825 - DEBUG - Entered _check_music
2026-08-02 21:43:03,825 - DEBUG - Paused: True, Music Playing: False
2026-08-02 21:43:03,839 - DEBUG - Tick
2026-08-02 21:43:03,841 - DEBUG - Updating music
2026-08-02 21:43:03,841 - DEBUG - Entered _check_music
2026-08-02 21:43:03,841 - DEBUG - Paused: True, Music Playing: False
2026-08-02 21:43:03,854 - DEBUG - Tick
2026-08-02 21:43:03,857 - DEBUG - Updating music
2026-08-02 21:43:03,857 - DEBUG - Entered _check_music
2026-08-02 21:43:03,857 - DEBUG - Paused: True, Music Playing: False
2026-08-02 21:43:03,871 - DEBUG - Tick
2026-08-02 21:43:03,873 - DEBUG - Updating music
2026-08-02 21:43:03,874 - DEBUG - Entered _check_music
2026-08-02 21:43:03,874 - DEBUG - Paused: True, Music Playing: False
2026-08-02 21:43:03,888 - DEBUG - Tick
2026-08-02 21:43:03,890 - DEBUG - Updating music
2026-08-02 21:43:03,890 - DEBUG - Entered _check_music
2026-08-02 21:43:03,890 - DEBUG - Paused: True, Music Playing: False
2026-08-02 21:43:03,904 - DEBUG - Tick
2026-08-02 21:43:03,906 - DEBUG - Updating music
2026-08-02 21:43:03,906 - DEBUG - Entered _check_music
2026-08-02 21:43:03,906 - DEBUG - Paused: True, Music Playing: False
2026-08-02 21:43:03,919 - DEBUG - Tick
2026-08-02 21:43:03,922 - DEBUG - Updating music
2026-08-02 21:43:03,922 - DEBUG - Entered _check_music
2026-08-02 21:43:03,922 - DEBUG - Paused: True, Music Playing: False
2026-08-02 21:43:03,936 - DEBUG - Tick
2026-08-02 21:43:03,938 - DEBUG - Updating music
2026-08-02 21:43:03,938 - DEBUG - Entered _check_music
2026-08-02 21:43:03,938 - DEBUG - Paused: True, Music Playing: False
2026-08-02 21:43:03,952 - DEBUG - Tick
2026-08-02 21:43:03,954 - DEBUG - Updating music
2026-08-02 21:43:03,954 - DEBUG - Entered _check_music
2026-08-02 21:43:03,954 - DEBUG - Paused: True, Music Playing: False
2026-08-02 21:43:03,967 - DEBUG - Tick
2026-08-02 21:43:03,970 - DEBUG - Updating music
2026-08-02 21:43:03,970 - DEBUG - Entered _check_music
2026-08-02 21:43:03,970 - DEBUG - Paused: True, Music Playing: False
2026-08-02 21:43:03,983 - DEBUG - Tick
2026-08-02 21:43:03,986 - DEBUG - Updating music
2026-08-02 21:43:03,986 - DEBUG - Entered _check_music
2026-08-02 21:43:03,986 - DEBUG - Paused: True, Music Playing: False
2026-08-02 21:43:03,999 - DEBUG - Tick
2026-08-02 21:43:04,002 - DEBUG - Updating music
2026-08-02 21:43:04,002 - DEBUG - Entered _check_music
2026-08-02 21:43:04,002 - DEBUG - Paused: True, Music Playing: False
2026-08-02 21:43:04,015 - DEBUG - Tick
2026-08-02 21:43:04,017 - DEBUG - Updating music
2026-08-02 21:43:04,018 - DEBUG - Entered _check_music
2026-08-02 21:43:04,018 - DEBUG - Paused: True, Music Playing: False
2026-08-02 21:43:04,032 - DEBUG - Tick
2026-08-02 21:43:04,034 - DEBUG - Updating music
2026-08-02 21:43:04,034 - DEBUG - Entered _check_music
2026-08-02 21:43:04,034 - DEBUG - Paused: True, Music Playing: False
2026-08-02 21:43:04,048 - DEBUG - Tick
2026-08-02 21:43:04,050 - DEBUG - Updating music
2026-08-02 21:43:04,050 - DEBUG - Entered _check_music
2026-08-02 21:43:04,050 - DEBUG - Paused: True, Music Playing: False
2026-08-02 21:43:04,063 - DEBUG - Tick
2026-08-02 21:43:04,066 - DEBUG - Updating music
2026-08-02 21:43:04,066 - DEBUG - Entered _check_music
2026-08-02 21:43:04,066 - DEBUG - Paused: True, Music Playing: False
2026-08-02 21:43:04,079 - DEBUG - Tick
2026-08-02 21:43:04,081 - DEBUG - Updating music
2026-08-02 21:43:04,081 - DEBUG - Entered _check_music
2026-08-02 21:43:04,082 - DEBUG - Paused: True, Music Playing: False
2026-08-02 21:43:04,096 - DEBUG - Tick
2026-08-02 21:43:04,098 - DEBUG - Updating music
2026-08-02 21:43:04,098 - DEBUG - Entered _check_music
2026-08-02 21:43:04,098 - DEBUG - Paused: True, Music Playing: False
2026-08-02 21:43:04,111 - DEBUG - Tick
2026-08-02 21:43:04,114 - DEBUG - Updating music
2026-08-02 21:43:04,114 - DEBUG - Entered _check_music
2026-08-02 21:43:04,114 - DEBUG - Paused: True, Music Playing: False
2026-08-02 21:43:04,127 - DEBUG - Tick
2026-08-02 21:43:04,130 - DEBUG - Updating music
2026-08-02 21:43:04,130 - DEBUG - Entered _check_music
2026-08-02 21:43:04,130 - DEBUG - Paused: True, Music Playing: False
2026-08-02 21:43:04,144 - DEBUG - Tick
2026-08-02 21:43:04,147 - DEBUG - Updating music
2026-08-02 21:43:04,147 - DEBUG - Entered _check_music
2026-08-02 21:43:04,147 - DEBUG - Paused: True, Music Playing: False
2026-08-02 21:43:04,159 - DEBUG - Tick
2026-08-02 21:43:04,162 - DEBUG - Updating music
2026-08-02 21:43:04,162 - DEBUG - Entered _check_music
2026-08-02 21:43:04,163 - DEBUG - Paused: True, Music Playing: False
2026-08-02 21:43:04,176 - DEBUG - Tick
2026-08-02 21:43:04,179 - DEBUG - Updating music
2026-08-02 21:43:04,179 - DEBUG - Entered _check_music
2026-08-02 21:43:04,179 - DEBUG - Paused: True, Music Playing: False
2026-08-02 21:43:04,192 - DEBUG - Tick
2026-08-02 21:43:04,195 - DEBUG - Updating music
2026-08-02 21:43:04,195 - DEBUG - Entered _check_music
2026-08-02 21:43:04,195 - DEBUG - Paused: True, Music Playing: False
2026-08-02 21:43:04,209 - DEBUG - Tick
2026-08-02 21:43:04,212 - DEBUG - Updating music
2026-08-02 21:43:04,212 - DEBUG - Entered _check_music
2026-08-02 21:43:04,212 - DEBUG - Paused: True, Music Playing: False
2026-08-02 21:43:04,224 - DEBUG - Tick
2026-08-02 21:43:04,227 - DEBUG - Updating music
2026-08-02 21:43:04,227 - DEBUG - Entered _check_music
2026-08-02 21:43:04,227 - DEBUG - Paused: True, Music Playing: False
2026-08-02 21:43:04,241 - DEBUG - Tick
2026-08-02 21:43:04,243 - DEBUG - Updating music
2026-08-02 21:43:04,244 - DEBUG - Entered _check_music
2026-08-02 21:43:04,244 - DEBUG - Paused: True, Music Playing: False
2026-08-02 21:43:04,257 - DEBUG - Tick
2026-08-02 21:43:04,260 - DEBUG - Updating music
2026-08-02 21:43:04,260 - DEBUG - Entered _check_music
2026-08-02 21:43:04,260 - DEBUG - Paused: True, Music Playing: False
2026-08-02 21:43:04,272 - DEBUG - Tick
2026-08-02 21:43:04,275 - DEBUG - Updating music
2026-08-02 21:43:04,275 - DEBUG - Entered _check_music
2026-08-02 21:43:04,275 - DEBUG - Paused: True, Music Playing: False
2026-08-02 21:43:04,288 - DEBUG - Tick
2026-08-02 21:43:04,291 - DEBUG - Updating music
2026-08-02 21:43:04,291 - DEBUG - Entered _check_music
2026-08-02 21:43:04,291 - DEBUG - Paused: True, Music Playing: False
2026-08-02 21:43:04,305 - DEBUG - Tick
2026-08-02 21:43:04,308 - DEBUG - Updating music
2026-08-02 21:43:04,308 - DEBUG - Entered _check_music
2026-08-02 21:43:04,308 - DEBUG - Paused: True, Music Playing: False
2026-08-02 21:43:04,322 - DEBUG - Tick
2026-08-02 21:43:04,325 - DEBUG - Updating music
2026-08-02 21:43:04,325 - DEBUG - Entered _check_music
2026-08-02 21:43:04,325 - DEBUG - Paused: True, Music Playing: False
2026-08-02 21:43:04,339 - DEBUG - Tick
2026-08-02 21:43:04,341 - DEBUG - Updating music
2026-08-02 21:43:04,341 - DEBUG - Entered _check_music
2026-08-02 21:43:04,341 - DEBUG - Paused: True, Music Playing: False
2026-08-02 21:43:04,354 - DEBUG - Tick
2026-08-02 21:43:04,357 - DEBUG - Updating music
2026-08-02 21:43:04,357 - DEBUG - Entered _check_music
2026-08-02 21:43:04,357 - DEBUG - Paused: True, Music Playing: False
2026-08-02 21:43:04,370 - DEBUG - Tick
2026-08-02 21:43:04,372 - DEBUG - Updating music
2026-08-02 21:43:04,372 - DEBUG - Entered _check_music
2026-08-02 21:43:04,373 - DEBUG - Paused: True, Music Playing: False
2026-08-02 21:43:04,387 - DEBUG - Tick
2026-08-02 21:43:04,389 - DEBUG - Updating music
2026-08-02 21:43:04,389 - DEBUG - Entered _check_music
2026-08-02 21:43:04,389 - DEBUG - Paused: True, Music Playing: False
2026-08-02 21:43:04,402 - DEBUG - Tick
2026-08-02 21:43:04,405 - DEBUG - Updating music
2026-08-02 21:43:04,405 - DEBUG - Entered _check_music
2026-08-02 21:43:04,405 - DEBUG - Paused: True, Music Playing: False
2026-08-02 21:43:04,419 - DEBUG - Tick
2026-08-02 21:43:04,422 - DEBUG - Updating music
2026-08-02 21:43:04,422 - DEBUG - Entered _check_music
2026-08-02 21:43:04,422 - DEBUG - Paused: True, Music Playing: False
2026-08-02 21:43:04,435 - DEBUG - Tick
2026-08-02 21:43:04,438 - DEBUG - Updating music
2026-08-02 21:43:04,438 - DEBUG - Entered _check_music
2026-08-02 21:43:04,438 - DEBUG - Paused: True, Music Playing: False
2026-08-02 21:43:04,451 - DEBUG - Tick
2026-08-02 21:43:04,454 - DEBUG - Updating music
2026-08-02 21:43:04,454 - DEBUG - Entered _check_music
2026-08-02 21:43:04,454 - DEBUG - Paused: True, Music Playing: False
2026-08-02 21:43:04,468 - DEBUG - Tick
2026-08-02 21:43:04,470 - DEBUG - Updating music
2026-08-02 21:43:04,470 - DEBUG - Entered _check_music
2026-08-02 21:43:04,470 - DEBUG - Paused: True, Music Playing: False
2026-08-02 21:43:04,484 - DEBUG - Tick
2026-08-02 21:43:04,486 - DEBUG - Updating music
2026-08-02 21:43:04,487 - DEBUG - Entered _check_music
2026-08-02 21:43:04,487 - DEBUG - Paused: True, Music Playing: False
2026-08-02 21:43:04,500 - DEBUG - Tick
2026-08-02 21:43:04,502 - DEBUG - Updating music
2026-08-02 21:43:04,502 - DEBUG - Entered _check_music
2026-08-02 21:43:04,503 - DEBUG - Paused: True, Music Playing: False
2026-08-02 21:43:04,516 - DEBUG - Tick
2026-08-02 21:43:04,519 - DEBUG - Updating music
2026-08-02 21:43:04,519 - DEBUG - Entered _check_music
2026-08-02 21:43:04,519 - DEBUG - Paused: True, Music Playing: False
2026-08-02 21:43:04,532 - DEBUG - Tick
2026-08-02 21:43:04,535 - DEBUG - Updating music
2026-08-02 21:43:04,535 - DEBUG - Entered _check_music
2026-08-02 21:43:04,535 - DEBUG - Paused: True, Music Playing: False
2026-08-02 21:43:04,547 - DEBUG - Tick
2026-08-02 21:43:04,550 - DEBUG - Updating music
2026-08-02 21:43:04,550 - DEBUG - Entered _check_music
2026-08-02 21:43:04,550 - DEBUG - Paused: True, Music Playing: False
2026-08-02 21:43:04,563 - DEBUG - Tick
2026-08-02 21:43:04,566 - DEBUG - Updating music
2026-08-02 21:43:04,566 - DEBUG - Entered _check_music
2026-08-02 21:43:04,566 - DEBUG - Paused: True, Music Playing: False
2026-08-02 21:43:04,579 - DEBUG - Tick
2026-08-02 21:43:04,582 - DEBUG - Updating music
2026-08-02 21:43:04,582 - DEBUG - Entered _check_music
2026-08-02 21:43:04,582 - DEBUG - Paused: True, Music Playing: False
2026-08-02 21:43:04,595 - DEBUG - Tick
2026-08-02 21:43:04,598 - DEBUG - Updating music
2026-08-02 21:43:04,598 - DEBUG - Entered _check_music
2026-08-02 21:43:04,598 - DEBUG - Paused: True, Music Playing: False
2026-08-02 21:43:04,612 - DEBUG - Tick
2026-08-02 21:43:04,614 - DEBUG - Updating music
2026-08-02 21:43:04,615 - DEBUG - Entered _check_music
2026-08-02 21:43:04,615 - DEBUG - Paused: True, Music Playing: False
2026-08-02 21:43:04,628 - DEBUG - Tick
2026-08-02 21:43:04,630 - DEBUG - Updating music
2026-08-02 21:43:04,630 - DEBUG - Entered _check_music
2026-08-02 21:43:04,631 - DEBUG - Paused: True, Music Playing: False
2026-08-02 21:43:04,644 - DEBUG - Tick
2026-08-02 21:43:04,646 - DEBUG - Updating music
2026-08-02 21:43:04,647 - DEBUG - Entered _check_music
2026-08-02 21:43:04,647 - DEBUG - Paused: True, Music Playing: False
2026-08-02 21:43:04,660 - DEBUG - Tick
2026-08-02 21:43:04,663 - DEBUG - Updating music
2026-08-02 21:43:04,663 - DEBUG - Entered _check_music
2026-08-02 21:43:04,663 - DEBUG - Paused: True, Music Playing: False
2026-08-02 21:43:04,676 - DEBUG - Tick
2026-08-02 21:43:04,679 - DEBUG - Updating music
2026-08-02 21:43:04,679 - DEBUG - Entered _check_music
2026-08-02 21:43:04,679 - DEBUG - Paused: True, Music Playing: False
2026-08-02 21:43:04,692 - DEBUG - Tick
2026-08-02 21:43:04,695 - DEBUG - Updating music
2026-08-02 21:43:04,695 - DEBUG - Entered _check_music
2026-08-02 21:43:04,695 - DEBUG - Paused: True, Music Playing: False
2026-08-02 21:43:04,708 - DEBUG - Tick
2026-08-02 21:43:04,710 - DEBUG - Updating music
2026-08-02 21:43:04,711 - DEBUG - Entered _check_music
2026-08-02 21:43:04,711 - DEBUG - Paused: True, Music Playing: False
2026-08-02 21:43:04,725 - DEBUG - Tick
2026-08-02 21:43:04,728 - DEBUG - Updating music
2026-08-02 21:43:04,728 - DEBUG - Entered _check_music
2026-08-02 21:43:04,728 - DEBUG - Paused: True, Music Playing: False
2026-08-02 21:43:04,741 - DEBUG - Tick
2026-08-02 21:43:04,744 - DEBUG - Updating music
2026-08-02 21:43:04,744 - DEBUG - Entered _check_music
2026-08-02 21:43:04,744 - DEBUG - Paused: True, Music Playing: False
2026-08-02 21:43:04,757 - DEBUG - Tick
2026-08-02 21:43:04,760 - DEBUG - Updating music
2026-08-02 21:43:04,760 - DEBUG - Entered _check_music
2026-08-02 21:43:04,760 - DEBUG - Paused: True, Music Playing: False
2026-08-02 21:43:04,772 - DEBUG - Tick
2026-08-02 21:43:04,774 - DEBUG - Updating music
2026-08-02 21:43:04,775 - DEBUG - Entered _check_music
2026-08-02 21:43:04,775 - DEBUG - Paused: True, Music Playing: False
2026-08-02 21:43:04,789 - DEBUG - Tick
2026-08-02 21:43:04,792 - DEBUG - Updating music
2026-08-02 21:43:04,792 - DEBUG - Entered _check_music
2026-08-02 21:43:04,792 - DEBUG - Paused: True, Music Playing: False
2026-08-02 21:43:04,804 - DEBUG - Tick
2026-08-02 21:43:04,807 - DEBUG - Updating music
2026-08-02 21:43:04,807 - DEBUG - Entered _check_music
2026-08-02 21:43:04,807 - DEBUG - Paused: True, Music Playing: False
2026-08-02 21:43:04,820 - DEBUG - Tick
2026-08-02 21:43:04,823 - DEBUG - Updating music
2026-08-02 21:43:04,823 - DEBUG - Entered _check_music
2026-08-02 21:43:04,823 - DEBUG - Paused: True, Music Playing: False
2026-08-02 21:43:04,837 - DEBUG - Tick
2026-08-02 21:43:04,839 - DEBUG - Updating music
2026-08-02 21:43:04,840 - DEBUG - Entered _check_music
2026-08-02 21:43:04,840 - DEBUG - Paused: True, Music Playing: False
2026-08-02 21:43:04,853 - DEBUG - Tick
2026-08-02 21:43:04,855 - DEBUG - Updating music
2026-08-02 21:43:04,855 - DEBUG - Entered _check_music
2026-08-02 21:43:04,856 - DEBUG - Paused: True, Music Playing: False
2026-08-02 21:43:04,869 - DEBUG - Tick
2026-08-02 21:43:04,872 - DEBUG - Updating music
2026-08-02 21:43:04,872 - DEBUG - Entered _check_music
2026-08-02 21:43:04,872 - DEBUG - Paused: True, Music Playing: False
2026-08-02 21:43:04,884 - DEBUG - Tick
2026-08-02 21:43:04,887 - DEBUG - Updating music
2026-08-02 21:43:04,888 - DEBUG - Entered _check_music
2026-08-02 21:43:04,888 - DEBUG - Paused: True, Music Playing: False
2026-08-02 21:43:04,901 - DEBUG - Tick
2026-08-02 21:43:04,903 - DEBUG - Updating music
2026-08-02 21:43:04,904 - DEBUG - Entered _check_music
2026-08-02 21:43:04,904 - DEBUG - Paused: True, Music Playing: False
2026-08-02 21:43:04,917 - DEBUG - Tick
2026-08-02 21:43:04,920 - DEBUG - Updating music
2026-08-02 21:43:04,920 - DEBUG - Entered _check_music
2026-08-02 21:43:04,920 - DEBUG - Paused: True, Music Playing: False
2026-08-02 21:43:04,933 - DEBUG - Tick
2026-08-02 21:43:04,936 - DEBUG - Updating music
2026-08-02 21:43:04,936 - DEBUG - Entered _check_music
2026-08-02 21:43:04,936 - DEBUG - Paused: True, Music Playing: False
2026-08-02 21:43:04,948 - DEBUG - Tick
2026-08-02 21:43:04,951 - DEBUG - Updating music
2026-08-02 21:43:04,951 - DEBUG - Entered _check_music
2026-08-02 21:43:04,951 - DEBUG - Paused: True, Music Playing: False
2026-08-02 21:43:04,964 - DEBUG - Tick
2026-08-02 21:43:04,967 - DEBUG - Updating music
2026-08-02 21:43:04,968 - DEBUG - Entered _check_music
2026-08-02 21:43:04,968 - DEBUG - Paused: True, Music Playing: False
2026-08-02 21:43:04,981 - DEBUG - Tick
2026-08-02 21:43:04,984 - DEBUG - Updating music
2026-08-02 21:43:04,984 - DEBUG - Entered _check_music
2026-08-02 21:43:04,984 - DEBUG - Paused: True, Music Playing: False
2026-08-02 21:43:04,996 - DEBUG - Tick
2026-08-02 21:43:04,999 - DEBUG - Updating music
2026-08-02 21:43:04,999 - DEBUG - Entered _check_music
2026-08-02 21:43:04,999 - DEBUG - Paused: True, Music Playing: False
2026-08-02 21:43:05,012 - DEBUG - Tick
2026-08-02 21:43:05,015 - DEBUG - Updating music
2026-08-02 21:43:05,015 - DEBUG - Entered _check_music
2026-08-02 21:43:05,015 - DEBUG - Paused: True, Music Playing: False
2026-08-02 21:43:05,028 - DEBUG - Tick
2026-08-02 21:43:05,031 - DEBUG - Updating music
2026-08-02 21:43:05,031 - DEBUG - Entered _check_music
2026-08-02 21:43:05,031 - DEBUG - Paused: True, Music Playing: False
2026-08-02 21:43:05,044 - DEBUG - Tick
2026-08-02 21:43:05,047 - DEBUG - Updating music
2026-08-02 21:43:05,047 - DEBUG - Entered _check_music
2026-08-02 21:43:05,047 - DEBUG - Paused: True, Music Playing: False
2026-08-02 21:43:05,060 - DEBUG - Tick
2026-08-02 21:43:05,063 - DEBUG - Updating music
2026-08-02 21:43:05,063 - DEBUG - Entered _check_music
2026-08-02 21:43:05,063 - DEBUG - Paused: True, Music Playing: False
2026-08-02 21:43:05,076 - DEBUG - Tick
2026-08-02 21:43:05,079 - DEBUG - Updating music
2026-08-02 21:43:05,079 - DEBUG - Entered _check_music
2026-08-02 21:43:05,079 - DEBUG - Paused: True, Music Playing: False
2026-08-02 21:43:05,093 - DEBUG - Tick
2026-08-02 21:43:05,095 - DEBUG - Updating music
2026-08-02 21:43:05,095 - DEBUG - Entered _check_music
2026-08-02 21:43:05,095 - DEBUG - Paused: True, Music Playing: False
2026-08-02 21:43:05,108 - DEBUG - Tick
2026-08-02 21:43:05,111 - DEBUG - Updating music
2026-08-02 21:43:05,111 - DEBUG - Entered _check_music
2026-08-02 21:43:05,111 - DEBUG - Paused: True, Music Playing: False
2026-08-02 21:43:05,124 - DEBUG - Tick
2026-08-02 21:43:05,127 - DEBUG - Updating music
2026-08-02 21:43:05,127 - DEBUG - Entered _check_music
2026-08-02 21:43:05,127 - DEBUG - Paused: True, Music Playing: False
2026-08-02 21:43:05,140 - DEBUG - Tick
2026-08-02 21:43:05,143 - DEBUG - Updating music
2026-08-02 21:43:05,143 - DEBUG - Entered _check_music
2026-08-02 21:43:05,143 - DEBUG - Paused: True, Music Playing: False
2026-08-02 21:43:05,156 - DEBUG - Tick
2026-08-02 21:43:05,159 - DEBUG - Updating music
2026-08-02 21:43:05,159 - DEBUG - Entered _check_music
2026-08-02 21:43:05,159 - DEBUG - Paused: True, Music Playing: False
2026-08-02 21:43:05,173 - DEBUG - Tick
2026-08-02 21:43:05,175 - DEBUG - Updating music
2026-08-02 21:43:05,176 - DEBUG - Entered _check_music
2026-08-02 21:43:05,176 - DEBUG - Paused: True, Music Playing: False
2026-08-02 21:43:05,189 - DEBUG - Tick
2026-08-02 21:43:05,193 - DEBUG - Updating music
2026-08-02 21:43:05,193 - DEBUG - Entered _check_music
2026-08-02 21:43:05,193 - DEBUG - Paused: True, Music Playing: False
2026-08-02 21:43:05,204 - DEBUG - Tick
2026-08-02 21:43:05,208 - DEBUG - Updating music
2026-08-02 21:43:05,208 - DEBUG - Entered _check_music
2026-08-02 21:43:05,208 - DEBUG - Paused: True, Music Playing: False
2026-08-02 21:43:05,221 - DEBUG - Tick
2026-08-02 21:43:05,224 - DEBUG - Updating music
2026-08-02 21:43:05,224 - DEBUG - Entered _check_music
2026-08-02 21:43:05,224 - DEBUG - Paused: True, Music Playing: False
2026-08-02 21:43:05,237 - DEBUG - Tick
2026-08-02 21:43:05,240 - DEBUG - Updating music
2026-08-02 21:43:05,240 - DEBUG - Entered _check_music
2026-08-02 21:43:05,240 - DEBUG - Paused: True, Music Playing: False
2026-08-02 21:43:05,253 - DEBUG - Tick
2026-08-02 21:43:05,256 - DEBUG - Updating music
2026-08-02 21:43:05,256 - DEBUG - Entered _check_music
2026-08-02 21:43:05,256 - DEBUG - Paused: True, Music Playing: False
2026-08-02 21:43:05,269 - DEBUG - Tick
2026-08-02 21:43:05,272 - DEBUG - Updating music
2026-08-02 21:43:05,272 - DEBUG - Entered _check_music
2026-08-02 21:43:05,272 - DEBUG - Paused: True, Music Playing: False
2026-08-02 21:43:05,286 - DEBUG - Tick
2026-08-02 21:43:05,288 - DEBUG - Updating music
2026-08-02 21:43:05,289 - DEBUG - Entered _check_music
2026-08-02 21:43:05,289 - DEBUG - Paused: True, Music Playing: False
2026-08-02 21:43:05,302 - DEBUG - Tick
2026-08-02 21:43:05,305 - DEBUG - Updating music
2026-08-02 21:43:05,305 - DEBUG - Entered _check_music
2026-08-02 21:43:05,305 - DEBUG - Paused: True, Music Playing: False
2026-08-02 21:43:05,318 - DEBUG - Tick
2026-08-02 21:43:05,321 - DEBUG - Updating music
2026-08-02 21:43:05,321 - DEBUG - Entered _check_music
2026-08-02 21:43:05,321 - DEBUG - Paused: True, Music Playing: False
2026-08-02 21:43:05,333 - DEBUG - Tick
2026-08-02 21:43:05,336 - DEBUG - Updating music
2026-08-02 21:43:05,336 - DEBUG - Entered _check_music
2026-08-02 21:43:05,336 - DEBUG - Paused: True, Music Playing: False
2026-08-02 21:43:05,350 - DEBUG - Tick
2026-08-02 21:43:05,353 - DEBUG - Updating music
2026-08-02 21:43:05,353 - DEBUG - Entered _check_music
2026-08-02 21:43:05,353 - DEBUG - Paused: True, Music Playing: False
2026-08-02 21:43:05,365 - DEBUG - Tick
2026-08-02 21:43:05,368 - DEBUG - Updating music
2026-08-02 21:43:05,368 - DEBUG - Entered _check_music
2026-08-02 21:43:05,369 - DEBUG - Paused: True, Music Playing: False
2026-08-02 21:43:05,382 - DEBUG - Tick
2026-08-02 21:43:05,385 - DEBUG - Updating music
2026-08-02 21:43:05,385 - DEBUG - Entered _check_music
2026-08-02 21:43:05,385 - DEBUG - Paused: True, Music Playing: False
2026-08-02 21:43:05,397 - DEBUG - Tick
2026-08-02 21:43:05,400 - DEBUG - Updating music
2026-08-02 21:43:05,400 - DEBUG - Entered _check_music
2026-08-02 21:43:05,401 - DEBUG - Paused: True, Music Playing: False
2026-08-02 21:43:05,414 - DEBUG - Tick
2026-08-02 21:43:05,417 - DEBUG - Updating music
2026-08-02 21:43:05,417 - DEBUG - Entered _check_music
2026-08-02 21:43:05,417 - DEBUG - Paused: True, Music Playing: False
2026-08-02 21:43:05,430 - DEBUG - Tick
2026-08-02 21:43:05,433 - DEBUG - Updating music
2026-08-02 21:43:05,433 - DEBUG - Entered _check_music
2026-08-02 21:43:05,433 - DEBUG - Paused: True, Music Playing: False
2026-08-02 21:43:05,446 - DEBUG - Tick
2026-08-02 21:43:05,449 - DEBUG - Updating music
2026-08-02 21:43:05,449 - DEBUG - Entered _check_music
2026-08-02 21:43:05,449 - DEBUG - Paused: True, Music Playing: False
2026-08-02 21:43:05,462 - DEBUG - Tick
2026-08-02 21:43:05,465 - DEBUG - Updating music
2026-08-02 21:43:05,465 - DEBUG - Entered _check_music
2026-08-02 21:43:05,465 - DEBUG - Paused: True, Music Playing: False
2026-08-02 21:43:05,478 - DEBUG - Tick
2026-08-02 21:43:05,481 - DEBUG - Updating music
2026-08-02 21:43:05,481 - DEBUG - Entered _check_music
2026-08-02 21:43:05,482 - DEBUG - Paused: True, Music Playing: False
2026-08-02 21:43:05,495 - DEBUG - Tick
2026-08-02 21:43:05,498 - DEBUG - Updating music
2026-08-02 21:43:05,498 - DEBUG - Entered _check_music
2026-08-02 21:43:05,498 - DEBUG - Paused: True, Music Playing: False
2026-08-02 21:43:05,511 - DEBUG - Tick
2026-08-02 21:43:05,513 - DEBUG - Updating music
2026-08-02 21:43:05,514 - DEBUG - Entered _check_music
2026-08-02 21:43:05,514 - DEBUG - Paused: True, Music Playing: False
2026-08-02 21:43:05,528 - DEBUG - Tick
2026-08-02 21:43:05,530 - DEBUG - Updating music
2026-08-02 21:43:05,530 - DEBUG - Entered _check_music
2026-08-02 21:43:05,530 - DEBUG - Paused: True, Music Playing: False
2026-08-02 21:43:05,544 - DEBUG - Tick
2026-08-02 21:43:05,547 - DEBUG - Updating music
2026-08-02 21:43:05,547 - DEBUG - Entered _check_music
2026-08-02 21:43:05,547 - DEBUG - Paused: True, Music Playing: False
2026-08-02 21:43:05,560 - DEBUG - Tick
2026-08-02 21:43:05,562 - DEBUG - Updating music
2026-08-02 21:43:05,562 - DEBUG - Entered _check_music
2026-08-02 21:43:05,562 - DEBUG - Paused: True, Music Playing: False
2026-08-02 21:43:05,575 - DEBUG - Tick
2026-08-02 21:43:05,578 - DEBUG - Updating music
2026-08-02 21:43:05,578 - DEBUG - Entered _check_music
2026-08-02 21:43:05,578 - DEBUG - Paused: True, Music Playing: False
2026-08-02 21:43:05,592 - DEBUG - Tick
2026-08-02 21:43:05,594 - DEBUG - Updating music
2026-08-02 21:43:05,594 - DEBUG - Entered _check_music
2026-08-02 21:43:05,594 - DEBUG - Paused: True, Music Playing: False
2026-08-02 21:43:05,609 - DEBUG - Tick
2026-08-02 21:43:05,611 - DEBUG - Updating music
2026-08-02 21:43:05,611 - DEBUG - Entered _check_music
2026-08-02 21:43:05,611 - DEBUG - Paused: True, Music Playing: False
2026-08-02 21:43:05,624 - DEBUG - Tick
2026-08-02 21:43:05,627 - DEBUG - Updating music
2026-08-02 21:43:05,627 - DEBUG - Entered _check_music
2026-08-02 21:43:05,627 - DEBUG - Paused: True, Music Playing: False
2026-08-02 21:43:05,641 - DEBUG - Tick
2026-08-02 21:43:05,644 - DEBUG - Updating music
2026-08-02 21:43:05,644 - DEBUG - Entered _check_music
2026-08-02 21:43:05,644 - DEBUG - Paused: True, Music Playing: False
2026-08-02 21:43:05,657 - DEBUG - Tick
2026-08-02 21:43:05,660 - DEBUG - Updating music
2026-08-02 21:43:05,660 - DEBUG - Entered _check_music
2026-08-02 21:43:05,660 - DEBUG - Paused: True, Music Playing: False
2026-08-02 21:43:05,674 - DEBUG - Tick
2026-08-02 21:43:05,676 - DEBUG - Updating music
2026-08-02 21:43:05,677 - DEBUG - Entered _check_music
2026-08-02 21:43:05,677 - DEBUG - Paused: True, Music Playing: False
2026-08-02 21:43:05,690 - DEBUG - Tick
2026-08-02 21:43:05,693 - DEBUG - Updating music
2026-08-02 21:43:05,693 - DEBUG - Entered _check_music
2026-08-02 21:43:05,693 - DEBUG - Paused: True, Music Playing: False
2026-08-02 21:43:05,706 - DEBUG - Tick
2026-08-02 21:43:05,709 - DEBUG - Updating music
2026-08-02 21:43:05,709 - DEBUG - Entered _check_music
2026-08-02 21:43:05,709 - DEBUG - Paused: True, Music Playing: False
2026-08-02 21:43:05,721 - DEBUG - Tick
2026-08-02 21:43:05,724 - DEBUG - Updating music
2026-08-02 21:43:05,724 - DEBUG - Entered _check_music
2026-08-02 21:43:05,724 - DEBUG - Paused: True, Music Playing: False
2026-08-02 21:43:05,738 - DEBUG - Tick
2026-08-02 21:43:05,741 - DEBUG - Updating music
2026-08-02 21:43:05,741 - DEBUG - Entered _check_music
2026-08-02 21:43:05,741 - DEBUG - Paused: True, Music Playing: False
2026-08-02 21:43:05,754 - DEBUG - Tick
2026-08-02 21:43:05,757 - DEBUG - Updating music
2026-08-02 21:43:05,757 - DEBUG - Entered _check_music
2026-08-02 21:43:05,757 - DEBUG - Paused: True, Music Playing: False
2026-08-02 21:43:05,770 - DEBUG - Tick
2026-08-02 21:43:05,773 - DEBUG - Updating music
2026-08-02 21:43:05,773 - DEBUG - Entered _check_music
2026-08-02 21:43:05,773 - DEBUG - Paused: True, Music Playing: False
2026-08-02 21:43:05,787 - DEBUG - Tick
2026-08-02 21:43:05,790 - DEBUG - Updating music
2026-08-02 21:43:05,790 - DEBUG - Entered _check_music
2026-08-02 21:43:05,790 - DEBUG - Paused: True, Music Playing: False
2026-08-02 21:43:05,802 - DEBUG - Tick
2026-08-02 21:43:05,805 - DEBUG - Updating music
2026-08-02 21:43:05,805 - DEBUG - Entered _check_music
2026-08-02 21:43:05,805 - DEBUG - Paused: True, Music Playing: False
2026-08-02 21:43:05,819 - DEBUG - Tick
2026-08-02 21:43:05,822 - DEBUG - Updating music
2026-08-02 21:43:05,822 - DEBUG - Entered _check_music
2026-08-02 21:43:05,822 - DEBUG - Paused: True, Music Playing: False
2026-08-02 21:43:05,836 - DEBUG - Tick
2026-08-02 21:43:05,838 - DEBUG - Updating music
2026-08-02 21:43:05,838 - DEBUG - Entered _check_music
2026-08-02 21:43:05,839 - DEBUG - Paused: True, Music Playing: False
2026-08-02 21:43:05,852 - DEBUG - Tick
2026-08-02 21:43:05,854 - DEBUG - Updating music
2026-08-02 21:43:05,854 - DEBUG - Entered _check_music
2026-08-02 21:43:05,854 - DEBUG - Paused: True, Music Playing: False
2026-08-02 21:43:05,868 - DEBUG - Tick
2026-08-02 21:43:05,870 - DEBUG - Updating music
2026-08-02 21:43:05,870 - DEBUG - Entered _check_music
2026-08-02 21:43:05,870 - DEBUG - Paused: True, Music Playing: False
2026-08-02 21:43:05,883 - DEBUG - Tick
2026-08-02 21:43:05,886 - DEBUG - Updating music
2026-08-02 21:43:05,886 - DEBUG - Entered _check_music
2026-08-02 21:43:05,886 - DEBUG - Paused: True, Music Playing: False
2026-08-02 21:43:05,899 - DEBUG - Tick
2026-08-02 21:43:05,902 - DEBUG - Updating music
2026-08-02 21:43:05,902 - DEBUG - Entered _check_music
2026-08-02 21:43:05,902 - DEBUG - Paused: True, Music Playing: False
2026-08-02 21:43:05,916 - DEBUG - Tick
2026-08-02 21:43:05,919 - DEBUG - Updating music
2026-08-02 21:43:05,919 - DEBUG - Entered _check_music
2026-08-02 21:43:05,919 - DEBUG - Paused: True, Music Playing: False
2026-08-02 21:43:05,932 - DEBUG - Tick
2026-08-02 21:43:05,935 - DEBUG - Updating music
2026-08-02 21:43:05,935 - DEBUG - Entered _check_music
2026-08-02 21:43:05,935 - DEBUG - Paused: True, Music Playing: False
2026-08-02 21:43:05,947 - DEBUG - Tick
2026-08-02 21:43:05,950 - DEBUG - Updating music
2026-08-02 21:43:05,950 - DEBUG - Entered _check_music
2026-08-02 21:43:05,950 - DEBUG - Paused: True, Music Playing: False
2026-08-02 21:43:05,963 - DEBUG - Tick
2026-08-02 21:43:05,966 - DEBUG - Updating music
2026-08-02 21:43:05,966 - DEBUG - Entered _check_music
2026-08-02 21:43:05,966 - DEBUG - Paused: True, Music Playing: False
2026-08-02 21:43:05,979 - DEBUG - Tick
2026-08-02 21:43:05,982 - DEBUG - Updating music
2026-08-02 21:43:05,982 - DEBUG - Entered _check_music
2026-08-02 21:43:05,982 - DEBUG - Paused: True, Music Playing: False
2026-08-02 21:43:05,996 - DEBUG - Tick
2026-08-02 21:43:05,999 - DEBUG - Updating music
2026-08-02 21:43:05,999 - DEBUG - Entered _check_music
2026-08-02 21:43:05,999 - DEBUG - Paused: True, Music Playing: False
2026-08-02 21:43:06,012 - DEBUG - Tick
2026-08-02 21:43:06,015 - DEBUG - Updating music
2026-08-02 21:43:06,015 - DEBUG - Entered _check_music
2026-08-02 21:43:06,015 - DEBUG - Paused: True, Music Playing: False
2026-08-02 21:43:06,028 - DEBUG - Tick
2026-08-02 21:43:06,031 - DEBUG - Updating music
2026-08-02 21:43:06,031 - DEBUG - Entered _check_music
2026-08-02 21:43:06,031 - DEBUG - Paused: True, Music Playing: False
2026-08-02 21:43:06,044 - DEBUG - Tick
2026-08-02 21:43:06,047 - DEBUG - Updating music
2026-08-02 21:43:06,047 - DEBUG - Entered _check_music
2026-08-02 21:43:06,047 - DEBUG - Paused: True, Music Playing: False
2026-08-02 21:43:06,061 - DEBUG - Tick
2026-08-02 21:43:06,064 - DEBUG - Updating music
2026-08-02 21:43:06,064 - DEBUG - Entered _check_music
2026-08-02 21:43:06,064 - DEBUG - Paused: True, Music Playing: False
2026-08-02 21:43:06,077 - DEBUG - Tick
2026-08-02 21:43:06,080 - DEBUG - Updating music
2026-08-02 21:43:06,080 - DEBUG - Entered _check_music
2026-08-02 21:43:06,080 - DEBUG - Paused: True, Music Playing: False
2026-08-02 21:43:06,093 - DEBUG - Tick
2026-08-02 21:43:06,095 - DEBUG - Updating music
2026-08-02 21:43:06,095 - DEBUG - Entered _check_music
2026-08-02 21:43:06,095 - DEBUG - Paused: True, Music Playing: False
2026-08-02 21:43:06,109 - DEBUG - Tick
2026-08-02 21:43:06,111 - DEBUG - Updating music
2026-08-02 21:43:06,111 - DEBUG - Entered _check_music
2026-08-02 21:43:06,111 - DEBUG - Paused: True, Music Playing: False
2026-08-02 21:43:06,124 - DEBUG - Tick
2026-08-02 21:43:06,127 - DEBUG - Updating music
2026-08-02 21:43:06,127 - DEBUG - Entered _check_music
2026-08-02 21:43:06,127 - DEBUG - Paused: True, Music Playing: False
2026-08-02 21:43:06,141 - DEBUG - Tick
2026-08-02 21:43:06,143 - DEBUG - Updating music
2026-08-02 21:43:06,143 - DEBUG - Entered _check_music
2026-08-02 21:43:06,143 - DEBUG - Paused: True, Music Playing: False
2026-08-02 21:43:06,156 - DEBUG - Tick
2026-08-02 21:43:06,159 - DEBUG - Updating music
2026-08-02 21:43:06,159 - DEBUG - Entered _check_music
2026-08-02 21:43:06,159 - DEBUG - Paused: True, Music Playing: False
2026-08-02 21:43:06,173 - DEBUG - Tick
2026-08-02 21:43:06,175 - DEBUG - Updating music
2026-08-02 21:43:06,176 - DEBUG - Entered _check_music
2026-08-02 21:43:06,176 - DEBUG - Paused: True, Music Playing: False
2026-08-02 21:43:06,189 - DEBUG - Tick
2026-08-02 21:43:06,192 - DEBUG - Updating music
2026-08-02 21:43:06,192 - DEBUG - Entered _check_music
2026-08-02 21:43:06,192 - DEBUG - Paused: True, Music Playing: False
2026-08-02 21:43:06,204 - DEBUG - Tick
2026-08-02 21:43:06,207 - DEBUG - Updating music
2026-08-02 21:43:06,207 - DEBUG - Entered _check_music
2026-08-02 21:43:06,207 - DEBUG - Paused: True, Music Playing: False
2026-08-02 21:43:06,220 - DEBUG - Tick
2026-08-02 21:43:06,224 - DEBUG - Updating music
2026-08-02 21:43:06,224 - DEBUG - Entered _check_music
2026-08-02 21:43:06,224 - DEBUG - Paused: True, Music Playing: False
2026-08-02 21:43:06,237 - DEBUG - Tick
2026-08-02 21:43:06,240 - DEBUG - Updating music
2026-08-02 21:43:06,240 - DEBUG - Entered _check_music
2026-08-02 21:43:06,240 - DEBUG - Paused: True, Music Playing: False
2026-08-02 21:43:06,252 - DEBUG - Tick
2026-08-02 21:43:06,255 - DEBUG - Updating music
2026-08-02 21:43:06,255 - DEBUG - Entered _check_music
2026-08-02 21:43:06,255 - DEBUG - Paused: True, Music Playing: False
2026-08-02 21:43:06,268 - DEBUG - Tick
2026-08-02 21:43:06,272 - DEBUG - Updating music
2026-08-02 21:43:06,272 - DEBUG - Entered _check_music
2026-08-02 21:43:06,272 - DEBUG - Paused: True, Music Playing: False
2026-08-02 21:43:06,285 - DEBUG - Tick
2026-08-02 21:43:06,288 - DEBUG - Updating music
2026-08-02 21:43:06,288 - DEBUG - Entered _check_music
2026-08-02 21:43:06,288 - DEBUG - Paused: True, Music Playing: False
2026-08-02 21:43:06,300 - DEBUG - Tick
2026-08-02 21:43:06,303 - DEBUG - Updating music
2026-08-02 21:43:06,303 - DEBUG - Entered _check_music
2026-08-02 21:43:06,303 - DEBUG - Paused: True, Music Playing: False
2026-08-02 21:43:06,316 - DEBUG - Tick
2026-08-02 21:43:06,319 - DEBUG - Updating music
2026-08-02 21:43:06,320 - DEBUG - Entered _check_music
2026-08-02 21:43:06,320 - DEBUG - Paused: True, Music Playing: False
2026-08-02 21:43:06,333 - DEBUG - Tick
2026-08-02 21:43:06,336 - DEBUG - Updating music
2026-08-02 21:43:06,336 - DEBUG - Entered _check_music
2026-08-02 21:43:06,336 - DEBUG - Paused: True, Music Playing: False
2026-08-02 21:43:06,348 - DEBUG - Tick
2026-08-02 21:43:06,351 - DEBUG - Updating music
2026-08-02 21:43:06,351 - DEBUG - Entered _check_music
2026-08-02 21:43:06,351 - DEBUG - Paused: True, Music Playing: False
2026-08-02 21:43:06,365 - DEBUG - Tick
2026-08-02 21:43:06,368 - DEBUG - Updating music
2026-08-02 21:43:06,368 - DEBUG - Entered _check_music
2026-08-02 21:43:06,368 - DEBUG - Paused: True, Music Playing: False
2026-08-02 21:43:06,381 - DEBUG - Tick
2026-08-02 21:43:06,384 - DEBUG - Updating music
2026-08-02 21:43:06,384 - DEBUG - Entered _check_music
2026-08-02 21:43:06,384 - DEBUG - Paused: True, Music Playing: False
2026-08-02 21:43:06,396 - DEBUG - Tick
2026-08-02 21:43:06,399 - DEBUG - Updating music
2026-08-02 21:43:06,399 - DEBUG - Entered _check_music
2026-08-02 21:43:06,400 - DEBUG - Paused: True, Music Playing: False
2026-08-02 21:43:06,413 - DEBUG - Tick
2026-08-02 21:43:06,415 - DEBUG - Updating music
2026-08-02 21:43:06,416 - DEBUG - Entered _check_music
2026-08-02 21:43:06,416 - DEBUG - Paused: True, Music Playing: False
2026-08-02 21:43:06,429 - DEBUG - Tick
2026-08-02 21:43:06,431 - DEBUG - Updating music
2026-08-02 21:43:06,432 - DEBUG - Entered _check_music
2026-08-02 21:43:06,432 - DEBUG - Paused: True, Music Playing: False
2026-08-02 21:43:06,445 - DEBUG - Tick
2026-08-02 21:43:06,448 - DEBUG - Updating music
2026-08-02 21:43:06,448 - DEBUG - Entered _check_music
2026-08-02 21:43:06,448 - DEBUG - Paused: True, Music Playing: False
2026-08-02 21:43:06,460 - DEBUG - Tick
2026-08-02 21:43:06,463 - DEBUG - Updating music
2026-08-02 21:43:06,463 - DEBUG - Entered _check_music
2026-08-02 21:43:06,463 - DEBUG - Paused: True, Music Playing: False
2026-08-02 21:43:06,477 - DEBUG - Tick
2026-08-02 21:43:06,480 - DEBUG - Updating music
2026-08-02 21:43:06,480 - DEBUG - Entered _check_music
2026-08-02 21:43:06,480 - DEBUG - Paused: True, Music Playing: False
2026-08-02 21:43:06,493 - DEBUG - Tick
2026-08-02 21:43:06,496 - DEBUG - Updating music
2026-08-02 21:43:06,496 - DEBUG - Entered _check_music
2026-08-02 21:43:06,496 - DEBUG - Paused: True, Music Playing: False
2026-08-02 21:43:06,509 - DEBUG - Tick
2026-08-02 21:43:06,512 - DEBUG - Updating music
2026-08-02 21:43:06,512 - DEBUG - Entered _check_music
2026-08-02 21:43:06,512 - DEBUG - Paused: True, Music Playing: False
2026-08-02 21:43:06,525 - DEBUG - Tick
2026-08-02 21:43:06,529 - DEBUG - Updating music
2026-08-02 21:43:06,529 - DEBUG - Entered _check_music
2026-08-02 21:43:06,529 - DEBUG - Paused: True, Music Playing: False
2026-08-02 21:43:06,541 - DEBUG - Tick
2026-08-02 21:43:06,544 - DEBUG - Updating music
2026-08-02 21:43:06,544 - DEBUG - Entered _check_music
2026-08-02 21:43:06,544 - DEBUG - Paused: True, Music Playing: False
2026-08-02 21:43:06,557 - DEBUG - Tick
2026-08-02 21:43:06,560 - DEBUG - Updating music
2026-08-02 21:43:06,560 - DEBUG - Entered _check_music
2026-08-02 21:43:06,561 - DEBUG - Paused: True, Music Playing: False
2026-08-02 21:43:06,574 - DEBUG - Tick
2026-08-02 21:43:06,577 - DEBUG - Updating music
2026-08-02 21:43:06,577 - DEBUG - Entered _check_music
2026-08-02 21:43:06,577 - DEBUG - Paused: True, Music Playing: False
2026-08-02 21:43:06,590 - DEBUG - Tick
2026-08-02 21:43:06,593 - DEBUG - Updating music
2026-08-02 21:43:06,593 - DEBUG - Entered _check_music
2026-08-02 21:43:06,593 - DEBUG - Paused: True, Music Playing: False
2026-08-02 21:43:06,605 - DEBUG - Tick
2026-08-02 21:43:06,608 - DEBUG - Updating music
2026-08-02 21:43:06,609 - DEBUG - Entered _check_music
2026-08-02 21:43:06,609 - DEBUG - Paused: True, Music Playing: False
2026-08-02 21:43:06,622 - DEBUG - Tick
2026-08-02 21:43:06,625 - DEBUG - Updating music
2026-08-02 21:43:06,625 - DEBUG - Entered _check_music
2026-08-02 21:43:06,625 - DEBUG - Paused: True, Music Playing: False
2026-08-02 21:43:06,637 - DEBUG - Tick
2026-08-02 21:43:06,640 - DEBUG - Updating music
2026-08-02 21:43:06,640 - DEBUG - Entered _check_music
2026-08-02 21:43:06,640 - DEBUG - Paused: True, Music Playing: False
2026-08-02 21:43:06,653 - DEBUG - Tick
2026-08-02 21:43:06,656 - DEBUG - Updating music
2026-08-02 21:43:06,656 - DEBUG - Entered _check_music
2026-08-02 21:43:06,656 - DEBUG - Paused: True, Music Playing: False
2026-08-02 21:43:06,670 - DEBUG - Tick
2026-08-02 21:43:06,672 - DEBUG - Updating music
2026-08-02 21:43:06,672 - DEBUG - Entered _check_music
2026-08-02 21:43:06,672 - DEBUG - Paused: True, Music Playing: False
2026-08-02 21:43:06,686 - DEBUG - Tick
2026-08-02 21:43:06,707 - DEBUG - Updating ship...
2026-08-02 21:43:06,709 - DEBUG - Updating music
2026-08-02 21:43:06,709 - DEBUG - Entered _check_music
2026-08-02 21:43:06,709 - DEBUG - Paused: False, Music Playing: True
2026-08-02 21:43:06,709 - DEBUG - Tick
2026-08-02 21:43:06,709 - DEBUG - Updating ship...
2026-08-02 21:43:06,712 - DEBUG - Updating music
2026-08-02 21:43:06,712 - DEBUG - Entered _check_music
2026-08-02 21:43:06,712 - DEBUG - Paused: False, Music Playing: True
2026-08-02 21:43:06,726 - DEBUG - Tick
2026-08-02 21:43:06,726 - DEBUG - Updating ship...
2026-08-02 21:43:06,729 - DEBUG - Updating music
2026-08-02 21:43:06,729 - DEBUG - Entered _check_music
2026-08-02 21:43:06,729 - DEBUG - Paused: False, Music Playing: True
2026-08-02 21:43:06,742 - DEBUG - Tick
2026-08-02 21:43:06,742 - DEBUG - Updating ship...
2026-08-02 21:43:06,745 - DEBUG - Updating music
2026-08-02 21:43:06,745 - DEBUG - Entered _check_music
2026-08-02 21:43:06,745 - DEBUG - Paused: False, Music Playing: True
2026-08-02 21:43:06,758 - DEBUG - Tick
2026-08-02 21:43:06,758 - DEBUG - Updating ship...
2026-08-02 21:43:06,761 - DEBUG - Updating music
2026-08-02 21:43:06,762 - DEBUG - Entered _check_music
2026-08-02 21:43:06,762 - DEBUG - Paused: False, Music Playing: True
2026-08-02 21:43:06,775 - DEBUG - Tick
2026-08-02 21:43:06,775 - DEBUG - Updating ship...
2026-08-02 21:43:06,778 - DEBUG - Updating music
2026-08-02 21:43:06,778 - DEBUG - Entered _check_music
2026-08-02 21:43:06,778 - DEBUG - Paused: False, Music Playing: True
2026-08-02 21:43:06,790 - DEBUG - Tick
2026-08-02 21:43:06,790 - DEBUG - Updating ship...
2026-08-02 21:43:06,793 - DEBUG - Updating music
2026-08-02 21:43:06,794 - DEBUG - Entered _check_music
2026-08-02 21:43:06,794 - DEBUG - Paused: False, Music Playing: True
2026-08-02 21:43:06,807 - DEBUG - Tick
2026-08-02 21:43:06,807 - DEBUG - Updating ship...
2026-08-02 21:43:06,810 - DEBUG - Updating music
2026-08-02 21:43:06,810 - DEBUG - Entered _check_music
2026-08-02 21:43:06,810 - DEBUG - Paused: False, Music Playing: True
2026-08-02 21:43:06,823 - DEBUG - Tick
2026-08-02 21:43:06,823 - DEBUG - Updating ship...
2026-08-02 21:43:06,826 - DEBUG - Updating music
2026-08-02 21:43:06,826 - DEBUG - Entered _check_music
2026-08-02 21:43:06,826 - DEBUG - Paused: False, Music Playing: True
2026-08-02 21:43:06,838 - DEBUG - Tick
2026-08-02 21:43:06,839 - DEBUG - Updating ship...
2026-08-02 21:43:06,841 - DEBUG - Updating music
2026-08-02 21:43:06,841 - DEBUG - Entered _check_music
2026-08-02 21:43:06,841 - DEBUG - Paused: False, Music Playing: True
2026-08-02 21:43:06,855 - DEBUG - Tick
2026-08-02 21:43:06,855 - DEBUG - Updating ship...
2026-08-02 21:43:06,858 - DEBUG - Updating music
2026-08-02 21:43:06,858 - DEBUG - Entered _check_music
2026-08-02 21:43:06,858 - DEBUG - Paused: False, Music Playing: True
2026-08-02 21:43:06,871 - DEBUG - Tick
2026-08-02 21:43:06,871 - DEBUG - Updating ship...
2026-08-02 21:43:06,875 - DEBUG - Updating music
2026-08-02 21:43:06,875 - DEBUG - Entered _check_music
2026-08-02 21:43:06,875 - DEBUG - Paused: False, Music Playing: True
2026-08-02 21:43:06,888 - DEBUG - Tick
2026-08-02 21:43:06,888 - DEBUG - Updating ship...
2026-08-02 21:43:06,892 - DEBUG - Updating music
2026-08-02 21:43:06,892 - DEBUG - Entered _check_music
2026-08-02 21:43:06,892 - DEBUG - Paused: False, Music Playing: True
2026-08-02 21:43:06,905 - DEBUG - Tick
2026-08-02 21:43:06,905 - DEBUG - Updating ship...
2026-08-02 21:43:06,909 - DEBUG - Updating music
2026-08-02 21:43:06,909 - DEBUG - Entered _check_music
2026-08-02 21:43:06,909 - DEBUG - Paused: False, Music Playing: True
2026-08-02 21:43:06,921 - DEBUG - Tick
2026-08-02 21:43:06,921 - DEBUG - Updating ship...
2026-08-02 21:43:06,924 - DEBUG - Updating music
2026-08-02 21:43:06,924 - DEBUG - Entered _check_music
2026-08-02 21:43:06,925 - DEBUG - Paused: False, Music Playing: True
2026-08-02 21:43:06,937 - DEBUG - Tick
2026-08-02 21:43:06,937 - DEBUG - Updating ship...
2026-08-02 21:43:06,940 - DEBUG - Updating music
2026-08-02 21:43:06,940 - DEBUG - Entered _check_music
2026-08-02 21:43:06,940 - DEBUG - Paused: False, Music Playing: True
2026-08-02 21:43:06,952 - DEBUG - Tick
2026-08-02 21:43:06,952 - DEBUG - Updating ship...
2026-08-02 21:43:06,955 - DEBUG - Updating music
2026-08-02 21:43:06,955 - DEBUG - Entered _check_music
2026-08-02 21:43:06,955 - DEBUG - Paused: False, Music Playing: True
2026-08-02 21:43:06,969 - DEBUG - Tick
2026-08-02 21:43:06,969 - DEBUG - Updating ship...
2026-08-02 21:43:06,972 - DEBUG - Updating music
2026-08-02 21:43:06,972 - DEBUG - Entered _check_music
2026-08-02 21:43:06,972 - DEBUG - Paused: False, Music Playing: True
2026-08-02 21:43:06,985 - DEBUG - Tick
2026-08-02 21:43:06,985 - DEBUG - Updating ship...
2026-08-02 21:43:06,988 - DEBUG - Updating music
2026-08-02 21:43:06,988 - DEBUG - Entered _check_music
2026-08-02 21:43:06,988 - DEBUG - Paused: False, Music Playing: True
2026-08-02 21:43:07,001 - DEBUG - Tick
2026-08-02 21:43:07,001 - DEBUG - Updating ship...
2026-08-02 21:43:07,004 - DEBUG - Updating music
2026-08-02 21:43:07,004 - DEBUG - Entered _check_music
2026-08-02 21:43:07,004 - DEBUG - Paused: False, Music Playing: True
2026-08-02 21:43:07,017 - DEBUG - Tick
2026-08-02 21:43:07,017 - DEBUG - Updating ship...
2026-08-02 21:43:07,020 - DEBUG - Updating music
2026-08-02 21:43:07,020 - DEBUG - Entered _check_music
2026-08-02 21:43:07,020 - DEBUG - Paused: False, Music Playing: True
2026-08-02 21:43:07,032 - DEBUG - Tick
2026-08-02 21:43:07,033 - DEBUG - Updating ship...
2026-08-02 21:43:07,036 - DEBUG - Updating music
2026-08-02 21:43:07,036 - DEBUG - Entered _check_music
2026-08-02 21:43:07,036 - DEBUG - Paused: False, Music Playing: True
2026-08-02 21:43:07,049 - DEBUG - Tick
2026-08-02 21:43:07,049 - DEBUG - Updating ship...
2026-08-02 21:43:07,052 - DEBUG - Updating music
2026-08-02 21:43:07,053 - DEBUG - Entered _check_music
2026-08-02 21:43:07,053 - DEBUG - Paused: False, Music Playing: True
2026-08-02 21:43:07,066 - DEBUG - Tick
2026-08-02 21:43:07,066 - DEBUG - Updating ship...
2026-08-02 21:43:07,069 - DEBUG - Updating music
2026-08-02 21:43:07,070 - DEBUG - Entered _check_music
2026-08-02 21:43:07,070 - DEBUG - Paused: False, Music Playing: True
2026-08-02 21:43:07,082 - DEBUG - Tick
2026-08-02 21:43:07,082 - DEBUG - Updating ship...
2026-08-02 21:43:07,085 - DEBUG - Updating music
2026-08-02 21:43:07,085 - DEBUG - Entered _check_music
2026-08-02 21:43:07,085 - DEBUG - Paused: False, Music Playing: True
2026-08-02 21:43:07,098 - DEBUG - Tick
2026-08-02 21:43:07,098 - DEBUG - Updating ship...
2026-08-02 21:43:07,101 - DEBUG - Updating music
2026-08-02 21:43:07,101 - DEBUG - Entered _check_music
2026-08-02 21:43:07,101 - DEBUG - Paused: False, Music Playing: True
2026-08-02 21:43:07,113 - DEBUG - Tick
2026-08-02 21:43:07,114 - DEBUG - Updating ship...
2026-08-02 21:43:07,117 - DEBUG - Updating music
2026-08-02 21:43:07,117 - DEBUG - Entered _check_music
2026-08-02 21:43:07,117 - DEBUG - Paused: False, Music Playing: True
2026-08-02 21:43:07,130 - DEBUG - Tick
2026-08-02 21:43:07,130 - DEBUG - Updating ship...
2026-08-02 21:43:07,133 - DEBUG - Updating music
2026-08-02 21:43:07,133 - DEBUG - Entered _check_music
2026-08-02 21:43:07,133 - DEBUG - Paused: False, Music Playing: True
2026-08-02 21:43:07,147 - DEBUG - Tick
2026-08-02 21:43:07,147 - DEBUG - Updating ship...
2026-08-02 21:43:07,149 - DEBUG - Updating music
2026-08-02 21:43:07,150 - DEBUG - Entered _check_music
2026-08-02 21:43:07,150 - DEBUG - Paused: False, Music Playing: True
2026-08-02 21:43:07,163 - DEBUG - Tick
2026-08-02 21:43:07,163 - DEBUG - Updating ship...
2026-08-02 21:43:07,166 - DEBUG - Updating music
2026-08-02 21:43:07,166 - DEBUG - Entered _check_music
2026-08-02 21:43:07,166 - DEBUG - Paused: False, Music Playing: True
2026-08-02 21:43:07,179 - DEBUG - Tick
2026-08-02 21:43:07,179 - DEBUG - Updating ship...
2026-08-02 21:43:07,182 - DEBUG - Updating music
2026-08-02 21:43:07,182 - DEBUG - Entered _check_music
2026-08-02 21:43:07,182 - DEBUG - Paused: False, Music Playing: True
2026-08-02 21:43:07,194 - DEBUG - Tick
2026-08-02 21:43:07,195 - DEBUG - Updating ship...
2026-08-02 21:43:07,198 - DEBUG - Updating music
2026-08-02 21:43:07,198 - DEBUG - Entered _check_music
2026-08-02 21:43:07,198 - DEBUG - Paused: False, Music Playing: True
2026-08-02 21:43:07,211 - DEBUG - Tick
2026-08-02 21:43:07,211 - DEBUG - Updating ship...
2026-08-02 21:43:07,214 - DEBUG - Updating music
2026-08-02 21:43:07,215 - DEBUG - Entered _check_music
2026-08-02 21:43:07,215 - DEBUG - Paused: False, Music Playing: True
2026-08-02 21:43:07,228 - DEBUG - Tick
2026-08-02 21:43:07,228 - DEBUG - Updating ship...
2026-08-02 21:43:07,231 - DEBUG - Updating music
2026-08-02 21:43:07,232 - DEBUG - Entered _check_music
2026-08-02 21:43:07,232 - DEBUG - Paused: False, Music Playing: True
2026-08-02 21:43:07,245 - DEBUG - Tick
2026-08-02 21:43:07,245 - DEBUG - Updating ship...
2026-08-02 21:43:07,248 - DEBUG - Updating music
2026-08-02 21:43:07,248 - DEBUG - Entered _check_music
2026-08-02 21:43:07,248 - DEBUG - Paused: False, Music Playing: True
2026-08-02 21:43:07,262 - DEBUG - Tick
2026-08-02 21:43:07,262 - DEBUG - Updating ship...
2026-08-02 21:43:07,265 - DEBUG - Updating music
2026-08-02 21:43:07,265 - DEBUG - Entered _check_music
2026-08-02 21:43:07,265 - DEBUG - Paused: False, Music Playing: True
2026-08-02 21:43:07,277 - DEBUG - Tick
2026-08-02 21:43:07,278 - DEBUG - Updating ship...
2026-08-02 21:43:07,281 - DEBUG - Updating music
2026-08-02 21:43:07,281 - DEBUG - Entered _check_music
2026-08-02 21:43:07,281 - DEBUG - Paused: False, Music Playing: True
2026-08-02 21:43:07,293 - DEBUG - Tick
2026-08-02 21:43:07,294 - DEBUG - Updating ship...
2026-08-02 21:43:07,297 - DEBUG - Updating music
2026-08-02 21:43:07,297 - DEBUG - Entered _check_music
2026-08-02 21:43:07,297 - DEBUG - Paused: False, Music Playing: True
2026-08-02 21:43:07,309 - DEBUG - Tick
2026-08-02 21:43:07,310 - DEBUG - Updating ship...
2026-08-02 21:43:07,313 - DEBUG - Updating music
2026-08-02 21:43:07,313 - DEBUG - Entered _check_music
2026-08-02 21:43:07,313 - DEBUG - Paused: False, Music Playing: True
2026-08-02 21:43:07,325 - DEBUG - Tick
2026-08-02 21:43:07,326 - DEBUG - Updating ship...
2026-08-02 21:43:07,329 - DEBUG - Updating music
2026-08-02 21:43:07,329 - DEBUG - Entered _check_music
2026-08-02 21:43:07,329 - DEBUG - Paused: False, Music Playing: True
2026-08-02 21:43:07,341 - DEBUG - Tick
2026-08-02 21:43:07,342 - DEBUG - Updating ship...
2026-08-02 21:43:07,345 - DEBUG - Updating music
2026-08-02 21:43:07,345 - DEBUG - Entered _check_music
2026-08-02 21:43:07,345 - DEBUG - Paused: False, Music Playing: True
2026-08-02 21:43:07,358 - DEBUG - Tick
2026-08-02 21:43:07,358 - DEBUG - Updating ship...
2026-08-02 21:43:07,362 - DEBUG - Updating music
2026-08-02 21:43:07,362 - DEBUG - Entered _check_music
2026-08-02 21:43:07,362 - DEBUG - Paused: False, Music Playing: True
2026-08-02 21:43:07,374 - DEBUG - Tick
2026-08-02 21:43:07,374 - DEBUG - Updating ship...
2026-08-02 21:43:07,378 - DEBUG - Updating music
2026-08-02 21:43:07,378 - DEBUG - Entered _check_music
2026-08-02 21:43:07,378 - DEBUG - Paused: False, Music Playing: True
2026-08-02 21:43:07,390 - DEBUG - Tick
2026-08-02 21:43:07,390 - DEBUG - Updating ship...
2026-08-02 21:43:07,394 - DEBUG - Updating music
2026-08-02 21:43:07,394 - DEBUG - Entered _check_music
2026-08-02 21:43:07,394 - DEBUG - Paused: False, Music Playing: True
2026-08-02 21:43:07,406 - DEBUG - Tick
2026-08-02 21:43:07,406 - DEBUG - Updating ship...
2026-08-02 21:43:07,410 - DEBUG - Updating music
2026-08-02 21:43:07,410 - DEBUG - Entered _check_music
2026-08-02 21:43:07,410 - DEBUG - Paused: False, Music Playing: True
2026-08-02 21:43:07,423 - DEBUG - Tick
2026-08-02 21:43:07,423 - DEBUG - Updating ship...
2026-08-02 21:43:07,427 - DEBUG - Updating music
2026-08-02 21:43:07,427 - DEBUG - Entered _check_music
2026-08-02 21:43:07,427 - DEBUG - Paused: False, Music Playing: True
2026-08-02 21:43:07,439 - DEBUG - Tick
2026-08-02 21:43:07,439 - DEBUG - Updating ship...
2026-08-02 21:43:07,442 - DEBUG - Updating music
2026-08-02 21:43:07,443 - DEBUG - Entered _check_music
2026-08-02 21:43:07,443 - DEBUG - Paused: False, Music Playing: True
2026-08-02 21:43:07,456 - DEBUG - Tick
2026-08-02 21:43:07,456 - DEBUG - Updating ship...
2026-08-02 21:43:07,459 - DEBUG - Updating music
2026-08-02 21:43:07,460 - DEBUG - Entered _check_music
2026-08-02 21:43:07,460 - DEBUG - Paused: False, Music Playing: True
2026-08-02 21:43:07,472 - DEBUG - Tick
2026-08-02 21:43:07,472 - DEBUG - Updating ship...
2026-08-02 21:43:07,475 - DEBUG - Updating music
2026-08-02 21:43:07,475 - DEBUG - Entered _check_music
2026-08-02 21:43:07,475 - DEBUG - Paused: False, Music Playing: True
2026-08-02 21:43:07,488 - DEBUG - Tick
2026-08-02 21:43:07,488 - DEBUG - Updating ship...
2026-08-02 21:43:07,491 - DEBUG - Updating music
2026-08-02 21:43:07,491 - DEBUG - Entered _check_music
2026-08-02 21:43:07,491 - DEBUG - Paused: False, Music Playing: True
2026-08-02 21:43:07,503 - DEBUG - Tick
2026-08-02 21:43:07,504 - DEBUG - Updating ship...
2026-08-02 21:43:07,506 - DEBUG - Updating music
2026-08-02 21:43:07,507 - DEBUG - Entered _check_music
2026-08-02 21:43:07,507 - DEBUG - Paused: False, Music Playing: True
2026-08-02 21:43:07,520 - DEBUG - Tick
2026-08-02 21:43:07,520 - DEBUG - Updating ship...
2026-08-02 21:43:07,523 - DEBUG - Updating music
2026-08-02 21:43:07,523 - DEBUG - Entered _check_music
2026-08-02 21:43:07,523 - DEBUG - Paused: False, Music Playing: True
2026-08-02 21:43:07,536 - DEBUG - Tick
2026-08-02 21:43:07,536 - DEBUG - Updating ship...
2026-08-02 21:43:07,539 - DEBUG - Updating music
2026-08-02 21:43:07,539 - DEBUG - Entered _check_music
2026-08-02 21:43:07,539 - DEBUG - Paused: False, Music Playing: True
2026-08-02 21:43:07,552 - DEBUG - Tick
2026-08-02 21:43:07,552 - DEBUG - Updating ship...
2026-08-02 21:43:07,555 - DEBUG - Updating music
2026-08-02 21:43:07,555 - DEBUG - Entered _check_music
2026-08-02 21:43:07,555 - DEBUG - Paused: False, Music Playing: True
2026-08-02 21:43:07,569 - DEBUG - Tick
2026-08-02 21:43:07,569 - DEBUG - Updating ship...
2026-08-02 21:43:07,572 - DEBUG - Updating music
2026-08-02 21:43:07,572 - DEBUG - Entered _check_music
2026-08-02 21:43:07,572 - DEBUG - Paused: False, Music Playing: True
2026-08-02 21:43:07,585 - DEBUG - Tick
2026-08-02 21:43:07,585 - DEBUG - Updating ship...
2026-08-02 21:43:07,588 - DEBUG - Updating music
2026-08-02 21:43:07,588 - DEBUG - Entered _check_music
2026-08-02 21:43:07,588 - DEBUG - Paused: False, Music Playing: True
2026-08-02 21:43:07,600 - DEBUG - Tick
2026-08-02 21:43:07,600 - DEBUG - Updating ship...
2026-08-02 21:43:07,603 - DEBUG - Updating music
2026-08-02 21:43:07,603 - DEBUG - Entered _check_music
2026-08-02 21:43:07,603 - DEBUG - Paused: False, Music Playing: True
2026-08-02 21:43:07,617 - DEBUG - Tick
2026-08-02 21:43:07,617 - DEBUG - Updating ship...
2026-08-02 21:43:07,619 - DEBUG - Updating music
2026-08-02 21:43:07,619 - DEBUG - Entered _check_music
2026-08-02 21:43:07,619 - DEBUG - Paused: False, Music Playing: True
2026-08-02 21:43:07,633 - DEBUG - Tick
2026-08-02 21:43:07,633 - DEBUG - Updating ship...
2026-08-02 21:43:07,635 - DEBUG - Updating music
2026-08-02 21:43:07,635 - DEBUG - Entered _check_music
2026-08-02 21:43:07,635 - DEBUG - Paused: False, Music Playing: True
2026-08-02 21:43:07,648 - DEBUG - Tick
2026-08-02 21:43:07,648 - DEBUG - Updating ship...
2026-08-02 21:43:07,651 - DEBUG - Updating music
2026-08-02 21:43:07,651 - DEBUG - Entered _check_music
2026-08-02 21:43:07,651 - DEBUG - Paused: False, Music Playing: True
2026-08-02 21:43:07,664 - DEBUG - Tick
2026-08-02 21:43:07,664 - DEBUG - Updating ship...
2026-08-02 21:43:07,667 - DEBUG - Updating music
2026-08-02 21:43:07,667 - DEBUG - Entered _check_music
2026-08-02 21:43:07,667 - DEBUG - Paused: False, Music Playing: True
2026-08-02 21:43:07,680 - DEBUG - Tick
2026-08-02 21:43:07,680 - DEBUG - Updating ship...
2026-08-02 21:43:07,683 - DEBUG - Updating music
2026-08-02 21:43:07,683 - DEBUG - Entered _check_music
2026-08-02 21:43:07,683 - DEBUG - Paused: False, Music Playing: True
2026-08-02 21:43:07,696 - DEBUG - Tick
2026-08-02 21:43:07,696 - DEBUG - Updating ship...
2026-08-02 21:43:07,699 - DEBUG - Updating music
2026-08-02 21:43:07,699 - DEBUG - Entered _check_music
2026-08-02 21:43:07,699 - DEBUG - Paused: False, Music Playing: True
2026-08-02 21:43:07,712 - DEBUG - Tick
2026-08-02 21:43:07,713 - DEBUG - Updating ship...
2026-08-02 21:43:07,716 - DEBUG - Updating music
2026-08-02 21:43:07,716 - DEBUG - Entered _check_music
2026-08-02 21:43:07,716 - DEBUG - Paused: False, Music Playing: True
2026-08-02 21:43:07,729 - DEBUG - Tick
2026-08-02 21:43:07,729 - DEBUG - Updating ship...
2026-08-02 21:43:07,732 - DEBUG - Updating music
2026-08-02 21:43:07,732 - DEBUG - Entered _check_music
2026-08-02 21:43:07,732 - DEBUG - Paused: False, Music Playing: True
2026-08-02 21:43:07,745 - DEBUG - Tick
2026-08-02 21:43:07,745 - DEBUG - Updating ship...
2026-08-02 21:43:07,748 - DEBUG - Updating music
2026-08-02 21:43:07,749 - DEBUG - Entered _check_music
2026-08-02 21:43:07,749 - DEBUG - Paused: False, Music Playing: True
2026-08-02 21:43:07,761 - DEBUG - Tick
2026-08-02 21:43:07,761 - DEBUG - Updating ship...
2026-08-02 21:43:07,764 - DEBUG - Updating music
2026-08-02 21:43:07,764 - DEBUG - Entered _check_music
2026-08-02 21:43:07,764 - DEBUG - Paused: False, Music Playing: True
2026-08-02 21:43:07,776 - DEBUG - Tick
2026-08-02 21:43:07,776 - DEBUG - Updating ship...
2026-08-02 21:43:07,780 - DEBUG - Updating music
2026-08-02 21:43:07,780 - DEBUG - Entered _check_music
2026-08-02 21:43:07,780 - DEBUG - Paused: False, Music Playing: True
2026-08-02 21:43:07,793 - DEBUG - Tick
2026-08-02 21:43:07,793 - DEBUG - Updating ship...
2026-08-02 21:43:07,796 - DEBUG - Updating music
2026-08-02 21:43:07,796 - DEBUG - Entered _check_music
2026-08-02 21:43:07,797 - DEBUG - Paused: False, Music Playing: True
2026-08-02 21:43:07,809 - DEBUG - Tick
2026-08-02 21:43:07,809 - DEBUG - Updating ship...
2026-08-02 21:43:07,812 - DEBUG - Updating music
2026-08-02 21:43:07,812 - DEBUG - Entered _check_music
2026-08-02 21:43:07,812 - DEBUG - Paused: False, Music Playing: True
2026-08-02 21:43:07,825 - DEBUG - Tick
2026-08-02 21:43:07,825 - DEBUG - Updating ship...
2026-08-02 21:43:07,828 - DEBUG - Updating music
2026-08-02 21:43:07,828 - DEBUG - Entered _check_music
2026-08-02 21:43:07,828 - DEBUG - Paused: False, Music Playing: True
2026-08-02 21:43:07,842 - DEBUG - Tick
2026-08-02 21:43:07,842 - DEBUG - Updating ship...
2026-08-02 21:43:07,846 - DEBUG - Updating music
2026-08-02 21:43:07,846 - DEBUG - Entered _check_music
2026-08-02 21:43:07,847 - DEBUG - Paused: False, Music Playing: True
2026-08-02 21:43:07,858 - DEBUG - Tick
2026-08-02 21:43:07,858 - DEBUG - Updating ship...
2026-08-02 21:43:07,861 - DEBUG - Updating music
2026-08-02 21:43:07,861 - DEBUG - Entered _check_music
2026-08-02 21:43:07,861 - DEBUG - Paused: False, Music Playing: True
2026-08-02 21:43:07,874 - DEBUG - Tick
2026-08-02 21:43:07,874 - DEBUG - Updating ship...
2026-08-02 21:43:07,877 - DEBUG - Updating music
2026-08-02 21:43:07,877 - DEBUG - Entered _check_music
2026-08-02 21:43:07,877 - DEBUG - Paused: False, Music Playing: True
2026-08-02 21:43:07,890 - DEBUG - Tick
2026-08-02 21:43:07,890 - DEBUG - Updating ship...
2026-08-02 21:43:07,893 - DEBUG - Updating music
2026-08-02 21:43:07,893 - DEBUG - Entered _check_music
2026-08-02 21:43:07,893 - DEBUG - Paused: False, Music Playing: True
2026-08-02 21:43:07,906 - DEBUG - Tick
2026-08-02 21:43:07,906 - DEBUG - Updating ship...
2026-08-02 21:43:07,909 - DEBUG - Updating music
2026-08-02 21:43:07,909 - DEBUG - Entered _check_music
2026-08-02 21:43:07,909 - DEBUG - Paused: False, Music Playing: True
2026-08-02 21:43:07,922 - DEBUG - Tick
2026-08-02 21:43:07,922 - DEBUG - Updating ship...
2026-08-02 21:43:07,925 - DEBUG - Updating music
2026-08-02 21:43:07,925 - DEBUG - Entered _check_music
2026-08-02 21:43:07,925 - DEBUG - Paused: False, Music Playing: True
2026-08-02 21:43:07,937 - DEBUG - Tick
2026-08-02 21:43:07,938 - DEBUG - Updating ship...
2026-08-02 21:43:07,941 - DEBUG - Updating music
2026-08-02 21:43:07,941 - DEBUG - Entered _check_music
2026-08-02 21:43:07,941 - DEBUG - Paused: False, Music Playing: True
2026-08-02 21:43:07,953 - DEBUG - Tick
2026-08-02 21:43:07,954 - DEBUG - Updating ship...
2026-08-02 21:43:07,957 - DEBUG - Updating music
2026-08-02 21:43:07,957 - DEBUG - Entered _check_music
2026-08-02 21:43:07,957 - DEBUG - Paused: False, Music Playing: True
2026-08-02 21:43:07,970 - DEBUG - Tick
2026-08-02 21:43:07,970 - DEBUG - Updating ship...
2026-08-02 21:43:07,973 - DEBUG - Updating music
2026-08-02 21:43:07,973 - DEBUG - Entered _check_music
2026-08-02 21:43:07,974 - DEBUG - Paused: False, Music Playing: True
2026-08-02 21:43:07,986 - DEBUG - Tick
2026-08-02 21:43:07,986 - DEBUG - Updating ship...
2026-08-02 21:43:07,989 - DEBUG - Updating music
2026-08-02 21:43:07,989 - DEBUG - Entered _check_music
2026-08-02 21:43:07,989 - DEBUG - Paused: False, Music Playing: True
2026-08-02 21:43:08,002 - DEBUG - Tick
2026-08-02 21:43:08,002 - DEBUG - Updating ship...
2026-08-02 21:43:08,005 - DEBUG - Updating music
2026-08-02 21:43:08,005 - DEBUG - Entered _check_music
2026-08-02 21:43:08,005 - DEBUG - Paused: False, Music Playing: True
2026-08-02 21:43:08,018 - DEBUG - Tick
2026-08-02 21:43:08,018 - DEBUG - Updating ship...
2026-08-02 21:43:08,021 - DEBUG - Updating music
2026-08-02 21:43:08,021 - DEBUG - Entered _check_music
2026-08-02 21:43:08,021 - DEBUG - Paused: False, Music Playing: True
2026-08-02 21:43:08,035 - DEBUG - Tick
2026-08-02 21:43:08,035 - DEBUG - Updating ship...
2026-08-02 21:43:08,037 - DEBUG - Updating music
2026-08-02 21:43:08,037 - DEBUG - Entered _check_music
2026-08-02 21:43:08,037 - DEBUG - Paused: False, Music Playing: True
2026-08-02 21:43:08,051 - DEBUG - Tick
2026-08-02 21:43:08,051 - DEBUG - Updating ship...
2026-08-02 21:43:08,053 - DEBUG - Updating music
2026-08-02 21:43:08,053 - DEBUG - Entered _check_music
2026-08-02 21:43:08,053 - DEBUG - Paused: False, Music Playing: True
2026-08-02 21:43:08,067 - DEBUG - Tick
2026-08-02 21:43:08,067 - DEBUG - Updating ship...
2026-08-02 21:43:08,070 - DEBUG - Updating music
2026-08-02 21:43:08,070 - DEBUG - Entered _check_music
2026-08-02 21:43:08,070 - DEBUG - Paused: False, Music Playing: True
2026-08-02 21:43:08,083 - DEBUG - Tick
2026-08-02 21:43:08,083 - DEBUG - Updating ship...
2026-08-02 21:43:08,086 - DEBUG - Updating music
2026-08-02 21:43:08,086 - DEBUG - Entered _check_music
2026-08-02 21:43:08,086 - DEBUG - Paused: False, Music Playing: True
2026-08-02 21:43:08,098 - DEBUG - Tick
2026-08-02 21:43:08,098 - DEBUG - Updating ship...
2026-08-02 21:43:08,101 - DEBUG - Updating music
2026-08-02 21:43:08,102 - DEBUG - Entered _check_music
2026-08-02 21:43:08,102 - DEBUG - Paused: False, Music Playing: True
2026-08-02 21:43:08,115 - DEBUG - Tick
2026-08-02 21:43:08,115 - DEBUG - Updating ship...
2026-08-02 21:43:08,118 - DEBUG - Updating music
2026-08-02 21:43:08,118 - DEBUG - Entered _check_music
2026-08-02 21:43:08,118 - DEBUG - Paused: False, Music Playing: True
2026-08-02 21:43:08,130 - DEBUG - Tick
2026-08-02 21:43:08,130 - DEBUG - Updating ship...
2026-08-02 21:43:08,133 - DEBUG - Updating music
2026-08-02 21:43:08,133 - DEBUG - Entered _check_music
2026-08-02 21:43:08,133 - DEBUG - Paused: False, Music Playing: True
2026-08-02 21:43:08,146 - DEBUG - Tick
2026-08-02 21:43:08,146 - DEBUG - Updating ship...
2026-08-02 21:43:08,150 - DEBUG - Updating music
2026-08-02 21:43:08,150 - DEBUG - Entered _check_music
2026-08-02 21:43:08,150 - DEBUG - Paused: False, Music Playing: True
2026-08-02 21:43:08,162 - DEBUG - Tick
2026-08-02 21:43:08,162 - DEBUG - Updating ship...
2026-08-02 21:43:08,165 - DEBUG - Updating music
2026-08-02 21:43:08,165 - DEBUG - Entered _check_music
2026-08-02 21:43:08,165 - DEBUG - Paused: False, Music Playing: True
2026-08-02 21:43:08,178 - DEBUG - Tick
2026-08-02 21:43:08,179 - DEBUG - Updating ship...
2026-08-02 21:43:08,181 - DEBUG - Updating music
2026-08-02 21:43:08,181 - DEBUG - Entered _check_music
2026-08-02 21:43:08,182 - DEBUG - Paused: False, Music Playing: True
2026-08-02 21:43:08,195 - DEBUG - Tick
2026-08-02 21:43:08,195 - DEBUG - Updating ship...
2026-08-02 21:43:08,198 - DEBUG - Updating music
2026-08-02 21:43:08,198 - DEBUG - Entered _check_music
2026-08-02 21:43:08,198 - DEBUG - Paused: False, Music Playing: True
2026-08-02 21:43:08,210 - DEBUG - Tick
2026-08-02 21:43:08,210 - DEBUG - Updating ship...
2026-08-02 21:43:08,213 - DEBUG - Updating music
2026-08-02 21:43:08,214 - DEBUG - Entered _check_music
2026-08-02 21:43:08,214 - DEBUG - Paused: False, Music Playing: True
2026-08-02 21:43:08,227 - DEBUG - Tick
2026-08-02 21:43:08,227 - DEBUG - Updating ship...
2026-08-02 21:43:08,230 - DEBUG - Updating music
2026-08-02 21:43:08,230 - DEBUG - Entered _check_music
2026-08-02 21:43:08,230 - DEBUG - Paused: False, Music Playing: True
2026-08-02 21:43:08,243 - DEBUG - Tick
2026-08-02 21:43:08,243 - DEBUG - Updating ship...
2026-08-02 21:43:08,246 - DEBUG - Updating music
2026-08-02 21:43:08,246 - DEBUG - Entered _check_music
2026-08-02 21:43:08,246 - DEBUG - Paused: False, Music Playing: True
2026-08-02 21:43:08,258 - DEBUG - Tick
2026-08-02 21:43:08,258 - DEBUG - Updating ship...
2026-08-02 21:43:08,262 - DEBUG - Updating music
2026-08-02 21:43:08,262 - DEBUG - Entered _check_music
2026-08-02 21:43:08,262 - DEBUG - Paused: False, Music Playing: True
2026-08-02 21:43:08,274 - DEBUG - Tick
2026-08-02 21:43:08,275 - DEBUG - Updating ship...
2026-08-02 21:43:08,278 - DEBUG - Updating music
2026-08-02 21:43:08,278 - DEBUG - Entered _check_music
2026-08-02 21:43:08,278 - DEBUG - Paused: False, Music Playing: True
2026-08-02 21:43:08,291 - DEBUG - Tick
2026-08-02 21:43:08,291 - DEBUG - Updating ship...
2026-08-02 21:43:08,294 - DEBUG - Updating music
2026-08-02 21:43:08,294 - DEBUG - Entered _check_music
2026-08-02 21:43:08,294 - DEBUG - Paused: False, Music Playing: True
2026-08-02 21:43:08,306 - DEBUG - Tick
2026-08-02 21:43:08,307 - DEBUG - Updating ship...
2026-08-02 21:43:08,310 - DEBUG - Updating music
2026-08-02 21:43:08,310 - DEBUG - Entered _check_music
2026-08-02 21:43:08,310 - DEBUG - Paused: False, Music Playing: True
2026-08-02 21:43:08,322 - DEBUG - Tick
2026-08-02 21:43:08,323 - DEBUG - Updating ship...
2026-08-02 21:43:08,326 - DEBUG - Updating music
2026-08-02 21:43:08,326 - DEBUG - Entered _check_music
2026-08-02 21:43:08,326 - DEBUG - Paused: False, Music Playing: True
2026-08-02 21:43:08,338 - DEBUG - Tick
2026-08-02 21:43:08,338 - DEBUG - Updating ship...
2026-08-02 21:43:08,341 - DEBUG - Updating music
2026-08-02 21:43:08,342 - DEBUG - Entered _check_music
2026-08-02 21:43:08,342 - DEBUG - Paused: False, Music Playing: True
2026-08-02 21:43:08,355 - DEBUG - Tick
2026-08-02 21:43:08,355 - DEBUG - Updating ship...
2026-08-02 21:43:08,358 - DEBUG - Updating music
2026-08-02 21:43:08,359 - DEBUG - Entered _check_music
2026-08-02 21:43:08,359 - DEBUG - Paused: False, Music Playing: True
2026-08-02 21:43:08,371 - DEBUG - Tick
2026-08-02 21:43:08,371 - DEBUG - Updating ship...
2026-08-02 21:43:08,374 - DEBUG - Updating music
2026-08-02 21:43:08,374 - DEBUG - Entered _check_music
2026-08-02 21:43:08,374 - DEBUG - Paused: False, Music Playing: True
2026-08-02 21:43:08,386 - DEBUG - Tick
2026-08-02 21:43:08,386 - DEBUG - Updating ship...
2026-08-02 21:43:08,389 - DEBUG - Updating music
2026-08-02 21:43:08,389 - DEBUG - Entered _check_music
2026-08-02 21:43:08,389 - DEBUG - Paused: False, Music Playing: True
2026-08-02 21:43:08,402 - DEBUG - Tick
2026-08-02 21:43:08,403 - DEBUG - Updating ship...
2026-08-02 21:43:08,405 - DEBUG - Updating music
2026-08-02 21:43:08,405 - DEBUG - Entered _check_music
2026-08-02 21:43:08,405 - DEBUG - Paused: False, Music Playing: True
2026-08-02 21:43:08,419 - DEBUG - Tick
2026-08-02 21:43:08,419 - DEBUG - Updating ship...
2026-08-02 21:43:08,422 - DEBUG - Updating music
2026-08-02 21:43:08,422 - DEBUG - Entered _check_music
2026-08-02 21:43:08,422 - DEBUG - Paused: False, Music Playing: True
2026-08-02 21:43:08,435 - DEBUG - Tick
2026-08-02 21:43:08,435 - DEBUG - Updating ship...
2026-08-02 21:43:08,438 - DEBUG - Updating music
2026-08-02 21:43:08,438 - DEBUG - Entered _check_music
2026-08-02 21:43:08,438 - DEBUG - Paused: False, Music Playing: True
2026-08-02 21:43:08,450 - DEBUG - Tick
2026-08-02 21:43:08,451 - DEBUG - Updating ship...
2026-08-02 21:43:08,453 - DEBUG - Updating music
2026-08-02 21:43:08,454 - DEBUG - Entered _check_music
2026-08-02 21:43:08,454 - DEBUG - Paused: False, Music Playing: True
2026-08-02 21:43:08,467 - DEBUG - Tick
2026-08-02 21:43:08,467 - DEBUG - Updating ship...
2026-08-02 21:43:08,470 - DEBUG - Updating music
2026-08-02 21:43:08,470 - DEBUG - Entered _check_music
2026-08-02 21:43:08,471 - DEBUG - Paused: False, Music Playing: True
2026-08-02 21:43:08,483 - DEBUG - Tick
2026-08-02 21:43:08,483 - DEBUG - Updating ship...
2026-08-02 21:43:08,486 - DEBUG - Updating music
2026-08-02 21:43:08,486 - DEBUG - Entered _check_music
2026-08-02 21:43:08,486 - DEBUG - Paused: False, Music Playing: True
2026-08-02 21:43:08,499 - DEBUG - Tick
2026-08-02 21:43:08,499 - DEBUG - Updating ship...
2026-08-02 21:43:08,502 - DEBUG - Updating music
2026-08-02 21:43:08,502 - DEBUG - Entered _check_music
2026-08-02 21:43:08,502 - DEBUG - Paused: False, Music Playing: True
2026-08-02 21:43:08,514 - DEBUG - Tick
2026-08-02 21:43:08,515 - DEBUG - Updating ship...
2026-08-02 21:43:08,518 - DEBUG - Updating music
2026-08-02 21:43:08,518 - DEBUG - Entered _check_music
2026-08-02 21:43:08,518 - DEBUG - Paused: False, Music Playing: True
2026-08-02 21:43:08,531 - DEBUG - Tick
2026-08-02 21:43:08,531 - DEBUG - Updating ship...
2026-08-02 21:43:08,534 - DEBUG - Updating music
2026-08-02 21:43:08,534 - DEBUG - Entered _check_music
2026-08-02 21:43:08,534 - DEBUG - Paused: False, Music Playing: True
2026-08-02 21:43:08,547 - DEBUG - Tick
2026-08-02 21:43:08,547 - DEBUG - Updating ship...
2026-08-02 21:43:08,550 - DEBUG - Updating music
2026-08-02 21:43:08,550 - DEBUG - Entered _check_music
2026-08-02 21:43:08,550 - DEBUG - Paused: False, Music Playing: True
2026-08-02 21:43:08,563 - DEBUG - Tick
2026-08-02 21:43:08,563 - DEBUG - Updating ship...
2026-08-02 21:43:08,566 - DEBUG - Updating music
2026-08-02 21:43:08,566 - DEBUG - Entered _check_music
2026-08-02 21:43:08,566 - DEBUG - Paused: False, Music Playing: True
2026-08-02 21:43:08,579 - DEBUG - Tick
2026-08-02 21:43:08,579 - DEBUG - Updating ship...
2026-08-02 21:43:08,582 - DEBUG - Updating music
2026-08-02 21:43:08,582 - DEBUG - Entered _check_music
2026-08-02 21:43:08,582 - DEBUG - Paused: False, Music Playing: True
2026-08-02 21:43:08,595 - DEBUG - Tick
2026-08-02 21:43:08,596 - DEBUG - Updating ship...
2026-08-02 21:43:08,598 - DEBUG - Updating music
2026-08-02 21:43:08,598 - DEBUG - Entered _check_music
2026-08-02 21:43:08,598 - DEBUG - Paused: False, Music Playing: True
2026-08-02 21:43:08,612 - DEBUG - Tick
2026-08-02 21:43:08,612 - DEBUG - Updating ship...
2026-08-02 21:43:08,614 - DEBUG - Updating music
2026-08-02 21:43:08,615 - DEBUG - Entered _check_music
2026-08-02 21:43:08,615 - DEBUG - Paused: False, Music Playing: True
2026-08-02 21:43:08,628 - DEBUG - Tick
2026-08-02 21:43:08,628 - DEBUG - Updating ship...
2026-08-02 21:43:08,631 - DEBUG - Updating music
2026-08-02 21:43:08,631 - DEBUG - Entered _check_music
2026-08-02 21:43:08,631 - DEBUG - Paused: False, Music Playing: True
2026-08-02 21:43:08,644 - DEBUG - Tick
2026-08-02 21:43:08,644 - DEBUG - Updating ship...
2026-08-02 21:43:08,647 - DEBUG - Updating music
2026-08-02 21:43:08,647 - DEBUG - Entered _check_music
2026-08-02 21:43:08,647 - DEBUG - Paused: False, Music Playing: True
2026-08-02 21:43:08,660 - DEBUG - Tick
2026-08-02 21:43:08,661 - DEBUG - Updating ship...
2026-08-02 21:43:08,663 - DEBUG - Updating music
2026-08-02 21:43:08,664 - DEBUG - Entered _check_music
2026-08-02 21:43:08,664 - DEBUG - Paused: False, Music Playing: True
2026-08-02 21:43:08,677 - DEBUG - Tick
2026-08-02 21:43:08,677 - DEBUG - Updating ship...
2026-08-02 21:43:08,680 - DEBUG - Updating music
2026-08-02 21:43:08,680 - DEBUG - Entered _check_music
2026-08-02 21:43:08,680 - DEBUG - Paused: False, Music Playing: True
2026-08-02 21:43:08,692 - DEBUG - Tick
2026-08-02 21:43:08,692 - DEBUG - Updating ship...
2026-08-02 21:43:08,695 - DEBUG - Updating music
2026-08-02 21:43:08,695 - DEBUG - Entered _check_music
2026-08-02 21:43:08,695 - DEBUG - Paused: False, Music Playing: True
2026-08-02 21:43:08,709 - DEBUG - Tick
2026-08-02 21:43:08,709 - DEBUG - Updating ship...
2026-08-02 21:43:08,712 - DEBUG - Updating music
2026-08-02 21:43:08,712 - DEBUG - Entered _check_music
2026-08-02 21:43:08,712 - DEBUG - Paused: False, Music Playing: True
2026-08-02 21:43:08,724 - DEBUG - Tick
2026-08-02 21:43:08,724 - DEBUG - Updating ship...
2026-08-02 21:43:08,727 - DEBUG - Updating music
2026-08-02 21:43:08,727 - DEBUG - Entered _check_music
2026-08-02 21:43:08,728 - DEBUG - Paused: False, Music Playing: True
2026-08-02 21:43:08,741 - DEBUG - Tick
2026-08-02 21:43:08,741 - DEBUG - Updating ship...
2026-08-02 21:43:08,744 - DEBUG - Updating music
2026-08-02 21:43:08,744 - DEBUG - Entered _check_music
2026-08-02 21:43:08,744 - DEBUG - Paused: False, Music Playing: True
2026-08-02 21:43:08,756 - DEBUG - Tick
2026-08-02 21:43:08,757 - DEBUG - Updating ship...
2026-08-02 21:43:08,760 - DEBUG - Updating music
2026-08-02 21:43:08,760 - DEBUG - Entered _check_music
2026-08-02 21:43:08,760 - DEBUG - Paused: False, Music Playing: True
2026-08-02 21:43:08,773 - DEBUG - Tick
2026-08-02 21:43:08,773 - DEBUG - Updating ship...
2026-08-02 21:43:08,776 - DEBUG - Updating music
2026-08-02 21:43:08,776 - DEBUG - Entered _check_music
2026-08-02 21:43:08,776 - DEBUG - Paused: False, Music Playing: True
2026-08-02 21:43:08,789 - DEBUG - Tick
2026-08-02 21:43:08,789 - DEBUG - Updating ship...
2026-08-02 21:43:08,792 - DEBUG - Updating music
2026-08-02 21:43:08,792 - DEBUG - Entered _check_music
2026-08-02 21:43:08,792 - DEBUG - Paused: False, Music Playing: True
2026-08-02 21:43:08,804 - DEBUG - Tick
2026-08-02 21:43:08,804 - DEBUG - Updating ship...
2026-08-02 21:43:08,807 - DEBUG - Updating music
2026-08-02 21:43:08,808 - DEBUG - Entered _check_music
2026-08-02 21:43:08,808 - DEBUG - Paused: False, Music Playing: True
2026-08-02 21:43:08,821 - DEBUG - Tick
2026-08-02 21:43:08,821 - DEBUG - Updating ship...
2026-08-02 21:43:08,824 - DEBUG - Updating music
2026-08-02 21:43:08,824 - DEBUG - Entered _check_music
2026-08-02 21:43:08,824 - DEBUG - Paused: False, Music Playing: True
2026-08-02 21:43:08,836 - DEBUG - Tick
2026-08-02 21:43:08,836 - DEBUG - Updating ship...
2026-08-02 21:43:08,839 - DEBUG - Updating music
2026-08-02 21:43:08,839 - DEBUG - Entered _check_music
2026-08-02 21:43:08,840 - DEBUG - Paused: False, Music Playing: True
2026-08-02 21:43:08,853 - DEBUG - Tick
2026-08-02 21:43:08,853 - DEBUG - Updating ship...
2026-08-02 21:43:08,856 - DEBUG - Updating music
2026-08-02 21:43:08,856 - DEBUG - Entered _check_music
2026-08-02 21:43:08,856 - DEBUG - Paused: False, Music Playing: True
2026-08-02 21:43:08,869 - DEBUG - Tick
2026-08-02 21:43:08,869 - DEBUG - Updating ship...
2026-08-02 21:43:08,872 - DEBUG - Updating music
2026-08-02 21:43:08,872 - DEBUG - Entered _check_music
2026-08-02 21:43:08,873 - DEBUG - Paused: False, Music Playing: True
2026-08-02 21:43:08,886 - DEBUG - Tick
2026-08-02 21:43:08,886 - DEBUG - Updating ship...
2026-08-02 21:43:08,888 - DEBUG - Updating music
2026-08-02 21:43:08,889 - DEBUG - Entered _check_music
2026-08-02 21:43:08,889 - DEBUG - Paused: False, Music Playing: True
2026-08-02 21:43:08,902 - DEBUG - Tick
2026-08-02 21:43:08,902 - DEBUG - Updating ship...
2026-08-02 21:43:08,905 - DEBUG - Updating music
2026-08-02 21:43:08,905 - DEBUG - Entered _check_music
2026-08-02 21:43:08,905 - DEBUG - Paused: False, Music Playing: True
2026-08-02 21:43:08,917 - DEBUG - Tick
2026-08-02 21:43:08,917 - DEBUG - Updating ship...
2026-08-02 21:43:08,920 - DEBUG - Updating music
2026-08-02 21:43:08,920 - DEBUG - Entered _check_music
2026-08-02 21:43:08,920 - DEBUG - Paused: False, Music Playing: True
2026-08-02 21:43:08,933 - DEBUG - Tick
2026-08-02 21:43:08,933 - DEBUG - Updating ship...
2026-08-02 21:43:08,936 - DEBUG - Updating music
2026-08-02 21:43:08,936 - DEBUG - Entered _check_music
2026-08-02 21:43:08,936 - DEBUG - Paused: False, Music Playing: True
2026-08-02 21:43:08,949 - DEBUG - Tick
2026-08-02 21:43:08,950 - DEBUG - Updating ship...
2026-08-02 21:43:08,952 - DEBUG - Updating music
2026-08-02 21:43:08,952 - DEBUG - Entered _check_music
2026-08-02 21:43:08,952 - DEBUG - Paused: False, Music Playing: True
2026-08-02 21:43:08,966 - DEBUG - Tick
2026-08-02 21:43:08,966 - DEBUG - Updating ship...
2026-08-02 21:43:08,969 - DEBUG - Updating music
2026-08-02 21:43:08,969 - DEBUG - Entered _check_music
2026-08-02 21:43:08,969 - DEBUG - Paused: False, Music Playing: True
2026-08-02 21:43:08,981 - DEBUG - Tick
2026-08-02 21:43:08,981 - DEBUG - Updating ship...
2026-08-02 21:43:08,984 - DEBUG - Updating music
2026-08-02 21:43:08,984 - DEBUG - Entered _check_music
2026-08-02 21:43:08,984 - DEBUG - Paused: False, Music Playing: True
2026-08-02 21:43:08,997 - DEBUG - Tick
2026-08-02 21:43:08,997 - DEBUG - Updating ship...
2026-08-02 21:43:09,000 - DEBUG - Updating music
2026-08-02 21:43:09,000 - DEBUG - Entered _check_music
2026-08-02 21:43:09,000 - DEBUG - Paused: False, Music Playing: True
2026-08-02 21:43:09,013 - DEBUG - Tick
2026-08-02 21:43:09,014 - DEBUG - Updating ship...
2026-08-02 21:43:09,016 - DEBUG - Updating music
2026-08-02 21:43:09,017 - DEBUG - Entered _check_music
2026-08-02 21:43:09,017 - DEBUG - Paused: False, Music Playing: True
2026-08-02 21:43:09,030 - DEBUG - Tick
2026-08-02 21:43:09,030 - DEBUG - Updating ship...
2026-08-02 21:43:09,033 - DEBUG - Updating music
2026-08-02 21:43:09,033 - DEBUG - Entered _check_music
2026-08-02 21:43:09,033 - DEBUG - Paused: False, Music Playing: True
2026-08-02 21:43:09,045 - DEBUG - Tick
2026-08-02 21:43:09,045 - DEBUG - Updating ship...
2026-08-02 21:43:09,049 - DEBUG - Updating music
2026-08-02 21:43:09,049 - DEBUG - Entered _check_music
2026-08-02 21:43:09,049 - DEBUG - Paused: False, Music Playing: True
2026-08-02 21:43:09,062 - DEBUG - Tick
2026-08-02 21:43:09,065 - DEBUG - Updating ship...
2026-08-02 21:43:09,068 - DEBUG - Updating music
2026-08-02 21:43:09,068 - DEBUG - Entered _check_music
2026-08-02 21:43:09,069 - DEBUG - Paused: False, Music Playing: True
2026-08-02 21:43:09,078 - DEBUG - Tick
2026-08-02 21:43:09,078 - DEBUG - Updating ship...
2026-08-02 21:43:09,081 - DEBUG - Updating music
2026-08-02 21:43:09,081 - DEBUG - Entered _check_music
2026-08-02 21:43:09,081 - DEBUG - Paused: False, Music Playing: True
2026-08-02 21:43:09,093 - DEBUG - Tick
2026-08-02 21:43:09,093 - DEBUG - Updating ship...
2026-08-02 21:43:09,097 - DEBUG - Updating music
2026-08-02 21:43:09,097 - DEBUG - Entered _check_music
2026-08-02 21:43:09,097 - DEBUG - Paused: False, Music Playing: True
2026-08-02 21:43:09,110 - DEBUG - Tick
2026-08-02 21:43:09,110 - DEBUG - Updating ship...
2026-08-02 21:43:09,113 - DEBUG - Updating music
2026-08-02 21:43:09,113 - DEBUG - Entered _check_music
2026-08-02 21:43:09,113 - DEBUG - Paused: False, Music Playing: True
2026-08-02 21:43:09,126 - DEBUG - Tick
2026-08-02 21:43:09,126 - DEBUG - Updating ship...
2026-08-02 21:43:09,129 - DEBUG - Updating music
2026-08-02 21:43:09,129 - DEBUG - Entered _check_music
2026-08-02 21:43:09,129 - DEBUG - Paused: False, Music Playing: True
2026-08-02 21:43:09,141 - DEBUG - Tick
2026-08-02 21:43:09,142 - DEBUG - Updating ship...
2026-08-02 21:43:09,145 - DEBUG - Updating music
2026-08-02 21:43:09,145 - DEBUG - Entered _check_music
2026-08-02 21:43:09,145 - DEBUG - Paused: False, Music Playing: True
2026-08-02 21:43:09,157 - DEBUG - Tick
2026-08-02 21:43:09,157 - DEBUG - Updating ship...
2026-08-02 21:43:09,161 - DEBUG - Updating music
2026-08-02 21:43:09,161 - DEBUG - Entered _check_music
2026-08-02 21:43:09,161 - DEBUG - Paused: False, Music Playing: True
2026-08-02 21:43:09,173 - DEBUG - Tick
2026-08-02 21:43:09,173 - DEBUG - Updating ship...
2026-08-02 21:43:09,176 - DEBUG - Updating music
2026-08-02 21:43:09,177 - DEBUG - Entered _check_music
2026-08-02 21:43:09,177 - DEBUG - Paused: False, Music Playing: True
2026-08-02 21:43:09,190 - DEBUG - Tick
2026-08-02 21:43:09,190 - DEBUG - Updating ship...
2026-08-02 21:43:09,193 - DEBUG - Updating music
2026-08-02 21:43:09,193 - DEBUG - Entered _check_music
2026-08-02 21:43:09,193 - DEBUG - Paused: False, Music Playing: True
2026-08-02 21:43:09,206 - DEBUG - Tick
2026-08-02 21:43:09,206 - DEBUG - Updating ship...
2026-08-02 21:43:09,209 - DEBUG - Updating music
2026-08-02 21:43:09,209 - DEBUG - Entered _check_music
2026-08-02 21:43:09,209 - DEBUG - Paused: False, Music Playing: True
2026-08-02 21:43:09,222 - DEBUG - Tick
2026-08-02 21:43:09,222 - DEBUG - Updating ship...
2026-08-02 21:43:09,226 - DEBUG - Updating music
2026-08-02 21:43:09,226 - DEBUG - Entered _check_music
2026-08-02 21:43:09,226 - DEBUG - Paused: False, Music Playing: True
2026-08-02 21:43:09,238 - DEBUG - Tick
2026-08-02 21:43:09,238 - DEBUG - Updating ship...
2026-08-02 21:43:09,243 - DEBUG - Updating music
2026-08-02 21:43:09,243 - DEBUG - Entered _check_music
2026-08-02 21:43:09,243 - DEBUG - Paused: False, Music Playing: True
2026-08-02 21:43:09,253 - DEBUG - Tick
2026-08-02 21:43:09,254 - DEBUG - Updating ship...
2026-08-02 21:43:09,257 - DEBUG - Updating music
2026-08-02 21:43:09,257 - DEBUG - Entered _check_music
2026-08-02 21:43:09,258 - DEBUG - Paused: False, Music Playing: True
2026-08-02 21:43:09,270 - DEBUG - Tick
2026-08-02 21:43:09,270 - DEBUG - Updating ship...
2026-08-02 21:43:09,273 - DEBUG - Updating music
2026-08-02 21:43:09,273 - DEBUG - Entered _check_music
2026-08-02 21:43:09,273 - DEBUG - Paused: False, Music Playing: True
2026-08-02 21:43:09,285 - DEBUG - Tick
2026-08-02 21:43:09,286 - DEBUG - Updating ship...
2026-08-02 21:43:09,289 - DEBUG - Updating music
2026-08-02 21:43:09,289 - DEBUG - Entered _check_music
2026-08-02 21:43:09,289 - DEBUG - Paused: False, Music Playing: True
2026-08-02 21:43:09,302 - DEBUG - Tick
2026-08-02 21:43:09,302 - DEBUG - Updating ship...
2026-08-02 21:43:09,305 - DEBUG - Updating music
2026-08-02 21:43:09,305 - DEBUG - Entered _check_music
2026-08-02 21:43:09,305 - DEBUG - Paused: False, Music Playing: True
2026-08-02 21:43:09,318 - DEBUG - Tick
2026-08-02 21:43:09,318 - DEBUG - Updating ship...
2026-08-02 21:43:09,321 - DEBUG - Updating music
2026-08-02 21:43:09,321 - DEBUG - Entered _check_music
2026-08-02 21:43:09,321 - DEBUG - Paused: False, Music Playing: True
2026-08-02 21:43:09,334 - DEBUG - Tick
2026-08-02 21:43:09,335 - DEBUG - Updating ship...
2026-08-02 21:43:09,337 - DEBUG - Updating music
2026-08-02 21:43:09,338 - DEBUG - Entered _check_music
2026-08-02 21:43:09,338 - DEBUG - Paused: False, Music Playing: True
2026-08-02 21:43:09,351 - DEBUG - Tick
2026-08-02 21:43:09,351 - DEBUG - Updating ship...
2026-08-02 21:43:09,354 - DEBUG - Updating music
2026-08-02 21:43:09,354 - DEBUG - Entered _check_music
2026-08-02 21:43:09,354 - DEBUG - Paused: False, Music Playing: True
2026-08-02 21:43:09,367 - DEBUG - Tick
2026-08-02 21:43:09,367 - DEBUG - Updating ship...
2026-08-02 21:43:09,370 - DEBUG - Updating music
2026-08-02 21:43:09,370 - DEBUG - Entered _check_music
2026-08-02 21:43:09,370 - DEBUG - Paused: False, Music Playing: True
2026-08-02 21:43:09,382 - DEBUG - Tick
2026-08-02 21:43:09,382 - DEBUG - Updating ship...
2026-08-02 21:43:09,386 - DEBUG - Updating music
2026-08-02 21:43:09,386 - DEBUG - Entered _check_music
2026-08-02 21:43:09,386 - DEBUG - Paused: False, Music Playing: True
2026-08-02 21:43:09,398 - DEBUG - Tick
2026-08-02 21:43:09,398 - DEBUG - Updating ship...
2026-08-02 21:43:09,401 - DEBUG - Updating music
2026-08-02 21:43:09,401 - DEBUG - Entered _check_music
2026-08-02 21:43:09,401 - DEBUG - Paused: False, Music Playing: True
2026-08-02 21:43:09,413 - DEBUG - Tick
2026-08-02 21:43:09,414 - DEBUG - Updating ship...
2026-08-02 21:43:09,417 - DEBUG - Updating music
2026-08-02 21:43:09,417 - DEBUG - Entered _check_music
2026-08-02 21:43:09,417 - DEBUG - Paused: False, Music Playing: True
2026-08-02 21:43:09,430 - DEBUG - Tick
2026-08-02 21:43:09,430 - DEBUG - Updating ship...
2026-08-02 21:43:09,433 - DEBUG - Updating music
2026-08-02 21:43:09,434 - DEBUG - Entered _check_music
2026-08-02 21:43:09,434 - DEBUG - Paused: False, Music Playing: True
2026-08-02 21:43:09,446 - DEBUG - Tick
2026-08-02 21:43:09,446 - DEBUG - Updating ship...
2026-08-02 21:43:09,449 - DEBUG - Updating music
2026-08-02 21:43:09,449 - DEBUG - Entered _check_music
2026-08-02 21:43:09,449 - DEBUG - Paused: False, Music Playing: True
2026-08-02 21:43:09,461 - DEBUG - Tick
2026-08-02 21:43:09,462 - DEBUG - Updating ship...
2026-08-02 21:43:09,464 - DEBUG - Updating music
2026-08-02 21:43:09,464 - DEBUG - Entered _check_music
2026-08-02 21:43:09,465 - DEBUG - Paused: False, Music Playing: True
2026-08-02 21:43:09,478 - DEBUG - Tick
2026-08-02 21:43:09,478 - DEBUG - Updating ship...
2026-08-02 21:43:09,481 - DEBUG - Updating music
2026-08-02 21:43:09,481 - DEBUG - Entered _check_music
2026-08-02 21:43:09,482 - DEBUG - Paused: False, Music Playing: True
2026-08-02 21:43:09,494 - DEBUG - Tick
2026-08-02 21:43:09,494 - DEBUG - Updating ship...
2026-08-02 21:43:09,497 - DEBUG - Updating music
2026-08-02 21:43:09,497 - DEBUG - Entered _check_music
2026-08-02 21:43:09,497 - DEBUG - Paused: False, Music Playing: True
2026-08-02 21:43:09,509 - DEBUG - Tick
2026-08-02 21:43:09,509 - DEBUG - Updating ship...
2026-08-02 21:43:09,513 - DEBUG - Updating music
2026-08-02 21:43:09,514 - DEBUG - Entered _check_music
2026-08-02 21:43:09,514 - DEBUG - Paused: False, Music Playing: True
2026-08-02 21:43:09,526 - DEBUG - Tick
2026-08-02 21:43:09,526 - DEBUG - Updating ship...
2026-08-02 21:43:09,530 - DEBUG - Updating music
2026-08-02 21:43:09,530 - DEBUG - Entered _check_music
2026-08-02 21:43:09,530 - DEBUG - Paused: False, Music Playing: True
2026-08-02 21:43:09,542 - DEBUG - Tick
2026-08-02 21:43:09,542 - DEBUG - Updating ship...
2026-08-02 21:43:09,545 - DEBUG - Updating music
2026-08-02 21:43:09,545 - DEBUG - Entered _check_music
2026-08-02 21:43:09,545 - DEBUG - Paused: False, Music Playing: True
2026-08-02 21:43:09,558 - DEBUG - Tick
2026-08-02 21:43:09,558 - DEBUG - Updating ship...
2026-08-02 21:43:09,561 - DEBUG - Updating music
2026-08-02 21:43:09,561 - DEBUG - Entered _check_music
2026-08-02 21:43:09,561 - DEBUG - Paused: False, Music Playing: True
2026-08-02 21:43:09,573 - DEBUG - Tick
2026-08-02 21:43:09,573 - DEBUG - Updating ship...
2026-08-02 21:43:09,577 - DEBUG - Updating music
2026-08-02 21:43:09,577 - DEBUG - Entered _check_music
2026-08-02 21:43:09,577 - DEBUG - Paused: False, Music Playing: True
2026-08-02 21:43:09,590 - DEBUG - Tick
2026-08-02 21:43:09,590 - DEBUG - Updating ship...
2026-08-02 21:43:09,593 - DEBUG - Updating music
2026-08-02 21:43:09,593 - DEBUG - Entered _check_music
2026-08-02 21:43:09,593 - DEBUG - Paused: False, Music Playing: True
2026-08-02 21:43:09,606 - DEBUG - Tick
2026-08-02 21:43:09,606 - DEBUG - Updating ship...
2026-08-02 21:43:09,609 - DEBUG - Updating music
2026-08-02 21:43:09,609 - DEBUG - Entered _check_music
2026-08-02 21:43:09,609 - DEBUG - Paused: False, Music Playing: True
2026-08-02 21:43:09,621 - DEBUG - Tick
2026-08-02 21:43:09,621 - DEBUG - Updating ship...
2026-08-02 21:43:09,625 - DEBUG - Updating music
2026-08-02 21:43:09,625 - DEBUG - Entered _check_music
2026-08-02 21:43:09,625 - DEBUG - Paused: False, Music Playing: True
2026-08-02 21:43:09,638 - DEBUG - Tick
2026-08-02 21:43:09,638 - DEBUG - Updating ship...
2026-08-02 21:43:09,641 - DEBUG - Updating music
2026-08-02 21:43:09,641 - DEBUG - Entered _check_music
2026-08-02 21:43:09,641 - DEBUG - Paused: False, Music Playing: True
2026-08-02 21:43:09,654 - DEBUG - Tick
2026-08-02 21:43:09,654 - DEBUG - Updating ship...
2026-08-02 21:43:09,657 - DEBUG - Updating music
2026-08-02 21:43:09,657 - DEBUG - Entered _check_music
2026-08-02 21:43:09,657 - DEBUG - Paused: False, Music Playing: True
2026-08-02 21:43:09,670 - DEBUG - Tick
2026-08-02 21:43:09,670 - DEBUG - Updating ship...
2026-08-02 21:43:09,673 - DEBUG - Updating music
2026-08-02 21:43:09,673 - DEBUG - Entered _check_music
2026-08-02 21:43:09,673 - DEBUG - Paused: False, Music Playing: True
2026-08-02 21:43:09,686 - DEBUG - Tick
2026-08-02 21:43:09,686 - DEBUG - Updating ship...
2026-08-02 21:43:09,689 - DEBUG - Updating music
2026-08-02 21:43:09,689 - DEBUG - Entered _check_music
2026-08-02 21:43:09,689 - DEBUG - Paused: False, Music Playing: True
2026-08-02 21:43:09,702 - DEBUG - Tick
2026-08-02 21:43:09,702 - DEBUG - Updating ship...
2026-08-02 21:43:09,705 - DEBUG - Updating music
2026-08-02 21:43:09,705 - DEBUG - Entered _check_music
2026-08-02 21:43:09,705 - DEBUG - Paused: False, Music Playing: True
2026-08-02 21:43:09,717 - DEBUG - Tick
2026-08-02 21:43:09,718 - DEBUG - Updating ship...
2026-08-02 21:43:09,720 - DEBUG - Updating music
2026-08-02 21:43:09,721 - DEBUG - Entered _check_music
2026-08-02 21:43:09,721 - DEBUG - Paused: False, Music Playing: True
2026-08-02 21:43:09,734 - DEBUG - Tick
2026-08-02 21:43:09,734 - DEBUG - Updating ship...
2026-08-02 21:43:09,737 - DEBUG - Updating music
2026-08-02 21:43:09,737 - DEBUG - Entered _check_music
2026-08-02 21:43:09,738 - DEBUG - Paused: False, Music Playing: True
2026-08-02 21:43:09,750 - DEBUG - Tick
2026-08-02 21:43:09,750 - DEBUG - Updating ship...
2026-08-02 21:43:09,753 - DEBUG - Updating music
2026-08-02 21:43:09,753 - DEBUG - Entered _check_music
2026-08-02 21:43:09,753 - DEBUG - Paused: False, Music Playing: True
2026-08-02 21:43:09,765 - DEBUG - Tick
2026-08-02 21:43:09,766 - DEBUG - Updating ship...
2026-08-02 21:43:09,769 - DEBUG - Updating music
2026-08-02 21:43:09,769 - DEBUG - Entered _check_music
2026-08-02 21:43:09,770 - DEBUG - Paused: False, Music Playing: True
2026-08-02 21:43:09,782 - DEBUG - Tick
2026-08-02 21:43:09,782 - DEBUG - Updating ship...
2026-08-02 21:43:09,784 - DEBUG - Updating music
2026-08-02 21:43:09,785 - DEBUG - Entered _check_music
2026-08-02 21:43:09,785 - DEBUG - Paused: False, Music Playing: True
2026-08-02 21:43:09,798 - DEBUG - Tick
2026-08-02 21:43:09,798 - DEBUG - Updating ship...
2026-08-02 21:43:09,801 - DEBUG - Updating music
2026-08-02 21:43:09,801 - DEBUG - Entered _check_music
2026-08-02 21:43:09,801 - DEBUG - Paused: False, Music Playing: True
2026-08-02 21:43:09,813 - DEBUG - Tick
2026-08-02 21:43:09,814 - DEBUG - Updating ship...
2026-08-02 21:43:09,816 - DEBUG - Updating music
2026-08-02 21:43:09,817 - DEBUG - Entered _check_music
2026-08-02 21:43:09,817 - DEBUG - Paused: False, Music Playing: True
2026-08-02 21:43:09,830 - DEBUG - Tick
2026-08-02 21:43:09,830 - DEBUG - Updating ship...
2026-08-02 21:43:09,833 - DEBUG - Updating music
2026-08-02 21:43:09,834 - DEBUG - Entered _check_music
2026-08-02 21:43:09,834 - DEBUG - Paused: False, Music Playing: True
2026-08-02 21:43:09,846 - DEBUG - Tick
2026-08-02 21:43:09,846 - DEBUG - Updating ship...
2026-08-02 21:43:09,849 - DEBUG - Updating music
2026-08-02 21:43:09,849 - DEBUG - Entered _check_music
2026-08-02 21:43:09,849 - DEBUG - Paused: False, Music Playing: True
2026-08-02 21:43:09,861 - DEBUG - Tick
2026-08-02 21:43:09,862 - DEBUG - Updating ship...
2026-08-02 21:43:09,865 - DEBUG - Updating music
2026-08-02 21:43:09,865 - DEBUG - Entered _check_music
2026-08-02 21:43:09,865 - DEBUG - Paused: False, Music Playing: True
2026-08-02 21:43:09,878 - DEBUG - Tick
2026-08-02 21:43:09,878 - DEBUG - Updating ship...
2026-08-02 21:43:09,881 - DEBUG - Updating music
2026-08-02 21:43:09,881 - DEBUG - Entered _check_music
2026-08-02 21:43:09,881 - DEBUG - Paused: False, Music Playing: True
2026-08-02 21:43:09,894 - DEBUG - Tick
2026-08-02 21:43:09,894 - DEBUG - Updating ship...
2026-08-02 21:43:09,897 - DEBUG - Updating music
2026-08-02 21:43:09,897 - DEBUG - Entered _check_music
2026-08-02 21:43:09,897 - DEBUG - Paused: False, Music Playing: True
2026-08-02 21:43:09,909 - DEBUG - Tick
2026-08-02 21:43:09,909 - DEBUG - Updating ship...
2026-08-02 21:43:09,912 - DEBUG - Updating music
2026-08-02 21:43:09,912 - DEBUG - Entered _check_music
2026-08-02 21:43:09,912 - DEBUG - Paused: False, Music Playing: True
2026-08-02 21:43:09,925 - DEBUG - Tick
2026-08-02 21:43:09,925 - DEBUG - Updating ship...
2026-08-02 21:43:09,927 - DEBUG - Updating music
2026-08-02 21:43:09,927 - DEBUG - Entered _check_music
2026-08-02 21:43:09,927 - DEBUG - Paused: False, Music Playing: True
2026-08-02 21:43:09,942 - DEBUG - Tick
2026-08-02 21:43:09,942 - DEBUG - Updating ship...
2026-08-02 21:43:09,943 - DEBUG - Updating music
2026-08-02 21:43:09,944 - DEBUG - Entered _check_music
2026-08-02 21:43:09,944 - DEBUG - Paused: False, Music Playing: True
2026-08-02 21:43:09,958 - DEBUG - Tick
2026-08-02 21:43:09,958 - DEBUG - Updating ship...
2026-08-02 21:43:09,959 - DEBUG - Updating music
2026-08-02 21:43:09,959 - DEBUG - Entered _check_music
2026-08-02 21:43:09,959 - DEBUG - Paused: False, Music Playing: True
2026-08-02 21:43:09,974 - DEBUG - Tick
2026-08-02 21:43:09,974 - DEBUG - Updating ship...
2026-08-02 21:43:09,975 - DEBUG - Updating music
2026-08-02 21:43:09,975 - DEBUG - Entered _check_music
2026-08-02 21:43:09,975 - DEBUG - Paused: False, Music Playing: True
2026-08-02 21:43:09,989 - DEBUG - Tick
2026-08-02 21:43:09,989 - DEBUG - Updating ship...
2026-08-02 21:43:09,992 - DEBUG - Updating music
2026-08-02 21:43:09,992 - DEBUG - Entered _check_music
2026-08-02 21:43:09,992 - DEBUG - Paused: False, Music Playing: True
2026-08-02 21:43:10,006 - DEBUG - Tick
2026-08-02 21:43:10,006 - DEBUG - Updating ship...
2026-08-02 21:43:10,009 - DEBUG - Updating music
2026-08-02 21:43:10,010 - DEBUG - Entered _check_music
2026-08-02 21:43:10,010 - DEBUG - Paused: False, Music Playing: True
2026-08-02 21:43:10,023 - DEBUG - Tick
2026-08-02 21:43:10,023 - DEBUG - Updating ship...
2026-08-02 21:43:10,026 - DEBUG - Updating music
2026-08-02 21:43:10,027 - DEBUG - Entered _check_music
2026-08-02 21:43:10,027 - DEBUG - Paused: False, Music Playing: True
2026-08-02 21:43:10,039 - DEBUG - Tick
2026-08-02 21:43:10,039 - DEBUG - Updating ship...
2026-08-02 21:43:10,042 - DEBUG - Updating music
2026-08-02 21:43:10,042 - DEBUG - Entered _check_music
2026-08-02 21:43:10,042 - DEBUG - Paused: False, Music Playing: True
2026-08-02 21:43:10,055 - DEBUG - Tick
2026-08-02 21:43:10,055 - DEBUG - Updating ship...
2026-08-02 21:43:10,058 - DEBUG - Updating music
2026-08-02 21:43:10,058 - DEBUG - Entered _check_music
2026-08-02 21:43:10,058 - DEBUG - Paused: False, Music Playing: True
2026-08-02 21:43:10,071 - DEBUG - Tick
2026-08-02 21:43:10,071 - DEBUG - Updating ship...
2026-08-02 21:43:10,074 - DEBUG - Updating music
2026-08-02 21:43:10,074 - DEBUG - Entered _check_music
2026-08-02 21:43:10,074 - DEBUG - Paused: False, Music Playing: True
2026-08-02 21:43:10,087 - DEBUG - Tick
2026-08-02 21:43:10,087 - DEBUG - Updating ship...
2026-08-02 21:43:10,090 - DEBUG - Updating music
2026-08-02 21:43:10,090 - DEBUG - Entered _check_music
2026-08-02 21:43:10,090 - DEBUG - Paused: False, Music Playing: True
2026-08-02 21:43:10,102 - DEBUG - Tick
2026-08-02 21:43:10,103 - DEBUG - Updating ship...
2026-08-02 21:43:10,106 - DEBUG - Updating music
2026-08-02 21:43:10,106 - DEBUG - Entered _check_music
2026-08-02 21:43:10,106 - DEBUG - Paused: False, Music Playing: True
2026-08-02 21:43:10,118 - DEBUG - Tick
2026-08-02 21:43:10,119 - DEBUG - Updating ship...
2026-08-02 21:43:10,122 - DEBUG - Updating music
2026-08-02 21:43:10,122 - DEBUG - Entered _check_music
2026-08-02 21:43:10,122 - DEBUG - Paused: False, Music Playing: True
2026-08-02 21:43:10,134 - DEBUG - Tick
2026-08-02 21:43:10,135 - DEBUG - Updating ship...
2026-08-02 21:43:10,138 - DEBUG - Updating music
2026-08-02 21:43:10,138 - DEBUG - Entered _check_music
2026-08-02 21:43:10,138 - DEBUG - Paused: False, Music Playing: True
2026-08-02 21:43:10,151 - DEBUG - Tick
2026-08-02 21:43:10,151 - DEBUG - Updating ship...
2026-08-02 21:43:10,154 - DEBUG - Updating music
2026-08-02 21:43:10,154 - DEBUG - Entered _check_music
2026-08-02 21:43:10,154 - DEBUG - Paused: False, Music Playing: True
2026-08-02 21:43:10,166 - DEBUG - Tick
2026-08-02 21:43:10,166 - DEBUG - Updating ship...
2026-08-02 21:43:10,169 - DEBUG - Updating music
2026-08-02 21:43:10,169 - DEBUG - Entered _check_music
2026-08-02 21:43:10,169 - DEBUG - Paused: False, Music Playing: True
2026-08-02 21:43:10,182 - DEBUG - Tick
2026-08-02 21:43:10,183 - DEBUG - Updating ship...
2026-08-02 21:43:10,186 - DEBUG - Updating music
2026-08-02 21:43:10,186 - DEBUG - Entered _check_music
2026-08-02 21:43:10,186 - DEBUG - Paused: False, Music Playing: True
2026-08-02 21:43:10,199 - DEBUG - Tick
2026-08-02 21:43:10,199 - DEBUG - Updating ship...
2026-08-02 21:43:10,202 - DEBUG - Updating music
2026-08-02 21:43:10,202 - DEBUG - Entered _check_music
2026-08-02 21:43:10,202 - DEBUG - Paused: False, Music Playing: True
2026-08-02 21:43:10,214 - DEBUG - Tick
2026-08-02 21:43:10,215 - DEBUG - Updating ship...
2026-08-02 21:43:10,217 - DEBUG - Updating music
2026-08-02 21:43:10,218 - DEBUG - Entered _check_music
2026-08-02 21:43:10,218 - DEBUG - Paused: False, Music Playing: True
2026-08-02 21:43:10,231 - DEBUG - Tick
2026-08-02 21:43:10,231 - DEBUG - Updating ship...
2026-08-02 21:43:10,234 - DEBUG - Updating music
2026-08-02 21:43:10,234 - DEBUG - Entered _check_music
2026-08-02 21:43:10,234 - DEBUG - Paused: False, Music Playing: True
2026-08-02 21:43:10,246 - DEBUG - Tick
2026-08-02 21:43:10,247 - DEBUG - Updating ship...
2026-08-02 21:43:10,249 - DEBUG - Updating music
2026-08-02 21:43:10,250 - DEBUG - Entered _check_music
2026-08-02 21:43:10,250 - DEBUG - Paused: False, Music Playing: True
2026-08-02 21:43:10,263 - DEBUG - Tick
2026-08-02 21:43:10,263 - DEBUG - Updating ship...
2026-08-02 21:43:10,266 - DEBUG - Updating music
2026-08-02 21:43:10,266 - DEBUG - Entered _check_music
2026-08-02 21:43:10,266 - DEBUG - Paused: False, Music Playing: True
2026-08-02 21:43:10,279 - DEBUG - Tick
2026-08-02 21:43:10,279 - DEBUG - Updating ship...
2026-08-02 21:43:10,282 - DEBUG - Updating music
2026-08-02 21:43:10,282 - DEBUG - Entered _check_music
2026-08-02 21:43:10,282 - DEBUG - Paused: False, Music Playing: True
2026-08-02 21:43:10,295 - DEBUG - Tick
2026-08-02 21:43:10,296 - DEBUG - Updating ship...
2026-08-02 21:43:10,299 - DEBUG - Updating music
2026-08-02 21:43:10,299 - DEBUG - Entered _check_music
2026-08-02 21:43:10,299 - DEBUG - Paused: False, Music Playing: True
2026-08-02 21:43:10,312 - DEBUG - Tick
2026-08-02 21:43:10,312 - DEBUG - Updating ship...
2026-08-02 21:43:10,315 - DEBUG - Updating music
2026-08-02 21:43:10,315 - DEBUG - Entered _check_music
2026-08-02 21:43:10,315 - DEBUG - Paused: False, Music Playing: True
2026-08-02 21:43:10,327 - DEBUG - Tick
2026-08-02 21:43:10,328 - DEBUG - Updating ship...
2026-08-02 21:43:10,331 - DEBUG - Updating music
2026-08-02 21:43:10,331 - DEBUG - Entered _check_music
2026-08-02 21:43:10,331 - DEBUG - Paused: False, Music Playing: True
2026-08-02 21:43:10,344 - DEBUG - Tick
2026-08-02 21:43:10,344 - DEBUG - Updating ship...
2026-08-02 21:43:10,347 - DEBUG - Updating music
2026-08-02 21:43:10,347 - DEBUG - Entered _check_music
2026-08-02 21:43:10,347 - DEBUG - Paused: False, Music Playing: True
2026-08-02 21:43:10,361 - DEBUG - Tick
2026-08-02 21:43:10,361 - DEBUG - Updating ship...
2026-08-02 21:43:10,364 - DEBUG - Updating music
2026-08-02 21:43:10,364 - DEBUG - Entered _check_music
2026-08-02 21:43:10,364 - DEBUG - Paused: False, Music Playing: True
2026-08-02 21:43:10,377 - DEBUG - Tick
2026-08-02 21:43:10,377 - DEBUG - Updating ship...
2026-08-02 21:43:10,380 - DEBUG - Updating music
2026-08-02 21:43:10,381 - DEBUG - Entered _check_music
2026-08-02 21:43:10,381 - DEBUG - Paused: False, Music Playing: True
2026-08-02 21:43:10,394 - DEBUG - Tick
2026-08-02 21:43:10,394 - DEBUG - Updating ship...
2026-08-02 21:43:10,397 - DEBUG - Updating music
2026-08-02 21:43:10,397 - DEBUG - Entered _check_music
2026-08-02 21:43:10,397 - DEBUG - Paused: False, Music Playing: True
2026-08-02 21:43:10,409 - DEBUG - Tick
2026-08-02 21:43:10,409 - DEBUG - Updating ship...
2026-08-02 21:43:10,413 - DEBUG - Updating music
2026-08-02 21:43:10,413 - DEBUG - Entered _check_music
2026-08-02 21:43:10,413 - DEBUG - Paused: False, Music Playing: True
2026-08-02 21:43:10,426 - DEBUG - Tick
2026-08-02 21:43:10,426 - DEBUG - Updating ship...
2026-08-02 21:43:10,429 - DEBUG - Updating music
2026-08-02 21:43:10,430 - DEBUG - Entered _check_music
2026-08-02 21:43:10,430 - DEBUG - Paused: False, Music Playing: True
2026-08-02 21:43:10,443 - DEBUG - Tick
2026-08-02 21:43:10,443 - DEBUG - Updating ship...
2026-08-02 21:43:10,446 - DEBUG - Updating music
2026-08-02 21:43:10,446 - DEBUG - Entered _check_music
2026-08-02 21:43:10,446 - DEBUG - Paused: False, Music Playing: True
2026-08-02 21:43:10,458 - DEBUG - Tick
2026-08-02 21:43:10,458 - DEBUG - Updating ship...
2026-08-02 21:43:10,461 - DEBUG - Updating music
2026-08-02 21:43:10,462 - DEBUG - Entered _check_music
2026-08-02 21:43:10,462 - DEBUG - Paused: False, Music Playing: True
2026-08-02 21:43:10,475 - DEBUG - Tick
2026-08-02 21:43:10,475 - DEBUG - Updating ship...
2026-08-02 21:43:10,478 - DEBUG - Updating music
2026-08-02 21:43:10,478 - DEBUG - Entered _check_music
2026-08-02 21:43:10,478 - DEBUG - Paused: False, Music Playing: True
2026-08-02 21:43:10,490 - DEBUG - Tick
2026-08-02 21:43:10,491 - DEBUG - Updating ship...
2026-08-02 21:43:10,493 - DEBUG - Updating music
2026-08-02 21:43:10,494 - DEBUG - Entered _check_music
2026-08-02 21:43:10,494 - DEBUG - Paused: False, Music Playing: True
2026-08-02 21:43:10,507 - DEBUG - Tick
2026-08-02 21:43:10,507 - DEBUG - Updating ship...
2026-08-02 21:43:10,510 - DEBUG - Updating music
2026-08-02 21:43:10,511 - DEBUG - Entered _check_music
2026-08-02 21:43:10,511 - DEBUG - Paused: False, Music Playing: True
2026-08-02 21:43:10,523 - DEBUG - Tick
2026-08-02 21:43:10,523 - DEBUG - Updating ship...
2026-08-02 21:43:10,526 - DEBUG - Updating music
2026-08-02 21:43:10,526 - DEBUG - Entered _check_music
2026-08-02 21:43:10,526 - DEBUG - Paused: False, Music Playing: True
2026-08-02 21:43:10,538 - DEBUG - Tick
2026-08-02 21:43:10,539 - DEBUG - Updating ship...
2026-08-02 21:43:10,542 - DEBUG - Updating music
2026-08-02 21:43:10,542 - DEBUG - Entered _check_music
2026-08-02 21:43:10,542 - DEBUG - Paused: False, Music Playing: True
2026-08-02 21:43:10,555 - DEBUG - Tick
2026-08-02 21:43:10,555 - DEBUG - Updating ship...
2026-08-02 21:43:10,558 - DEBUG - Updating music
2026-08-02 21:43:10,558 - DEBUG - Entered _check_music
2026-08-02 21:43:10,558 - DEBUG - Paused: False, Music Playing: True
2026-08-02 21:43:10,572 - DEBUG - Tick
2026-08-02 21:43:10,572 - DEBUG - Updating ship...
2026-08-02 21:43:10,575 - DEBUG - Updating music
2026-08-02 21:43:10,575 - DEBUG - Entered _check_music
2026-08-02 21:43:10,575 - DEBUG - Paused: False, Music Playing: True
2026-08-02 21:43:10,587 - DEBUG - Tick
2026-08-02 21:43:10,587 - DEBUG - Updating ship...
2026-08-02 21:43:10,590 - DEBUG - Updating music
2026-08-02 21:43:10,590 - DEBUG - Entered _check_music
2026-08-02 21:43:10,590 - DEBUG - Paused: False, Music Playing: True
2026-08-02 21:43:10,604 - DEBUG - Tick
2026-08-02 21:43:10,604 - DEBUG - Updating ship...
2026-08-02 21:43:10,607 - DEBUG - Updating music
2026-08-02 21:43:10,607 - DEBUG - Entered _check_music
2026-08-02 21:43:10,607 - DEBUG - Paused: False, Music Playing: True
2026-08-02 21:43:10,620 - DEBUG - Tick
2026-08-02 21:43:10,620 - DEBUG - Updating ship...
2026-08-02 21:43:10,623 - DEBUG - Updating music
2026-08-02 21:43:10,623 - DEBUG - Entered _check_music
2026-08-02 21:43:10,623 - DEBUG - Paused: False, Music Playing: True
2026-08-02 21:43:10,636 - DEBUG - Tick
2026-08-02 21:43:10,636 - DEBUG - Updating ship...
2026-08-02 21:43:10,639 - DEBUG - Updating music
2026-08-02 21:43:10,639 - DEBUG - Entered _check_music
2026-08-02 21:43:10,639 - DEBUG - Paused: False, Music Playing: True
2026-08-02 21:43:10,653 - DEBUG - Tick
2026-08-02 21:43:10,653 - DEBUG - Updating ship...
2026-08-02 21:43:10,656 - DEBUG - Updating music
2026-08-02 21:43:10,656 - DEBUG - Entered _check_music
2026-08-02 21:43:10,656 - DEBUG - Paused: False, Music Playing: True
2026-08-02 21:43:10,669 - DEBUG - Tick
2026-08-02 21:43:10,669 - DEBUG - Updating ship...
2026-08-02 21:43:10,672 - DEBUG - Updating music
2026-08-02 21:43:10,672 - DEBUG - Entered _check_music
2026-08-02 21:43:10,672 - DEBUG - Paused: False, Music Playing: True
2026-08-02 21:43:10,685 - DEBUG - Tick
2026-08-02 21:43:10,685 - DEBUG - Updating ship...
2026-08-02 21:43:10,688 - DEBUG - Updating music
2026-08-02 21:43:10,688 - DEBUG - Entered _check_music
2026-08-02 21:43:10,688 - DEBUG - Paused: False, Music Playing: True
2026-08-02 21:43:10,701 - DEBUG - Tick
2026-08-02 21:43:10,702 - DEBUG - Updating ship...
2026-08-02 21:43:10,704 - DEBUG - Updating music
2026-08-02 21:43:10,704 - DEBUG - Entered _check_music
2026-08-02 21:43:10,704 - DEBUG - Paused: False, Music Playing: True
2026-08-02 21:43:10,718 - DEBUG - Tick
2026-08-02 21:43:10,718 - DEBUG - Updating ship...
2026-08-02 21:43:10,720 - DEBUG - Updating music
2026-08-02 21:43:10,720 - DEBUG - Entered _check_music
2026-08-02 21:43:10,720 - DEBUG - Paused: False, Music Playing: True
2026-08-02 21:43:10,733 - DEBUG - Tick
2026-08-02 21:43:10,733 - DEBUG - Updating ship...
2026-08-02 21:43:10,736 - DEBUG - Updating music
2026-08-02 21:43:10,736 - DEBUG - Entered _check_music
2026-08-02 21:43:10,736 - DEBUG - Paused: False, Music Playing: True
2026-08-02 21:43:10,750 - DEBUG - Tick
2026-08-02 21:43:10,750 - DEBUG - Updating ship...
2026-08-02 21:43:10,753 - DEBUG - Updating music
2026-08-02 21:43:10,753 - DEBUG - Entered _check_music
2026-08-02 21:43:10,753 - DEBUG - Paused: False, Music Playing: True
2026-08-02 21:43:10,767 - DEBUG - Tick
2026-08-02 21:43:10,767 - DEBUG - Updating ship...
2026-08-02 21:43:10,770 - DEBUG - Updating music
2026-08-02 21:43:10,770 - DEBUG - Entered _check_music
2026-08-02 21:43:10,770 - DEBUG - Paused: False, Music Playing: True
2026-08-02 21:43:10,783 - DEBUG - Tick
2026-08-02 21:43:10,784 - DEBUG - Updating ship...
2026-08-02 21:43:10,787 - DEBUG - Updating music
2026-08-02 21:43:10,787 - DEBUG - Entered _check_music
2026-08-02 21:43:10,787 - DEBUG - Paused: False, Music Playing: True
2026-08-02 21:43:10,799 - DEBUG - Tick
2026-08-02 21:43:10,799 - DEBUG - Updating ship...
2026-08-02 21:43:10,802 - DEBUG - Updating music
2026-08-02 21:43:10,802 - DEBUG - Entered _check_music
2026-08-02 21:43:10,802 - DEBUG - Paused: False, Music Playing: True
2026-08-02 21:43:10,816 - DEBUG - Tick
2026-08-02 21:43:10,816 - DEBUG - Updating ship...
2026-08-02 21:43:10,819 - DEBUG - Updating music
2026-08-02 21:43:10,819 - DEBUG - Entered _check_music
2026-08-02 21:43:10,819 - DEBUG - Paused: False, Music Playing: True
2026-08-02 21:43:10,831 - DEBUG - Tick
2026-08-02 21:43:10,832 - DEBUG - Updating ship...
2026-08-02 21:43:10,834 - DEBUG - Updating music
2026-08-02 21:43:10,834 - DEBUG - Entered _check_music
2026-08-02 21:43:10,834 - DEBUG - Paused: False, Music Playing: True
2026-08-02 21:43:10,848 - DEBUG - Tick
2026-08-02 21:43:10,848 - DEBUG - Updating ship...
2026-08-02 21:43:10,851 - DEBUG - Updating music
2026-08-02 21:43:10,851 - DEBUG - Entered _check_music
2026-08-02 21:43:10,851 - DEBUG - Paused: False, Music Playing: True
2026-08-02 21:43:10,863 - DEBUG - Tick
2026-08-02 21:43:10,864 - DEBUG - Updating ship...
2026-08-02 21:43:10,867 - DEBUG - Updating music
2026-08-02 21:43:10,867 - DEBUG - Entered _check_music
2026-08-02 21:43:10,867 - DEBUG - Paused: False, Music Playing: True
2026-08-02 21:43:10,879 - DEBUG - Tick
2026-08-02 21:43:10,880 - DEBUG - Updating ship...
2026-08-02 21:43:10,883 - DEBUG - Updating music
2026-08-02 21:43:10,883 - DEBUG - Entered _check_music
2026-08-02 21:43:10,883 - DEBUG - Paused: False, Music Playing: True
2026-08-02 21:43:10,895 - DEBUG - Tick
2026-08-02 21:43:10,896 - DEBUG - Updating ship...
2026-08-02 21:43:10,898 - DEBUG - Updating music
2026-08-02 21:43:10,899 - DEBUG - Entered _check_music
2026-08-02 21:43:10,899 - DEBUG - Paused: False, Music Playing: True
2026-08-02 21:43:10,912 - DEBUG - Tick
2026-08-02 21:43:10,912 - DEBUG - Updating ship...
2026-08-02 21:43:10,915 - DEBUG - Updating music
2026-08-02 21:43:10,915 - DEBUG - Entered _check_music
2026-08-02 21:43:10,915 - DEBUG - Paused: False, Music Playing: True
2026-08-02 21:43:10,928 - DEBUG - Tick
2026-08-02 21:43:10,928 - DEBUG - Updating ship...
2026-08-02 21:43:10,931 - DEBUG - Updating music
2026-08-02 21:43:10,931 - DEBUG - Entered _check_music
2026-08-02 21:43:10,931 - DEBUG - Paused: False, Music Playing: True
2026-08-02 21:43:10,944 - DEBUG - Tick
2026-08-02 21:43:10,944 - DEBUG - Updating ship...
2026-08-02 21:43:10,947 - DEBUG - Updating music
2026-08-02 21:43:10,948 - DEBUG - Entered _check_music
2026-08-02 21:43:10,948 - DEBUG - Paused: False, Music Playing: True
2026-08-02 21:43:10,960 - DEBUG - Tick
2026-08-02 21:43:10,960 - DEBUG - Updating ship...
2026-08-02 21:43:10,963 - DEBUG - Updating music
2026-08-02 21:43:10,964 - DEBUG - Entered _check_music
2026-08-02 21:43:10,964 - DEBUG - Paused: False, Music Playing: True
2026-08-02 21:43:10,976 - DEBUG - Tick
2026-08-02 21:43:10,976 - DEBUG - Updating ship...
2026-08-02 21:43:10,979 - DEBUG - Updating music
2026-08-02 21:43:10,980 - DEBUG - Entered _check_music
2026-08-02 21:43:10,980 - DEBUG - Paused: False, Music Playing: True
2026-08-02 21:43:10,992 - DEBUG - Tick
2026-08-02 21:43:10,992 - DEBUG - Updating ship...
2026-08-02 21:43:10,996 - DEBUG - Updating music
2026-08-02 21:43:10,996 - DEBUG - Entered _check_music
2026-08-02 21:43:10,996 - DEBUG - Paused: False, Music Playing: True
2026-08-02 21:43:11,008 - DEBUG - Tick
2026-08-02 21:43:11,008 - DEBUG - Updating ship...
2026-08-02 21:43:11,011 - DEBUG - Updating music
2026-08-02 21:43:11,012 - DEBUG - Entered _check_music
2026-08-02 21:43:11,012 - DEBUG - Paused: False, Music Playing: True
2026-08-02 21:43:11,024 - DEBUG - Tick
2026-08-02 21:43:11,024 - DEBUG - Updating ship...
2026-08-02 21:43:11,028 - DEBUG - Updating music
2026-08-02 21:43:11,028 - DEBUG - Entered _check_music
2026-08-02 21:43:11,028 - DEBUG - Paused: False, Music Playing: True
2026-08-02 21:43:11,039 - DEBUG - Tick
2026-08-02 21:43:11,040 - DEBUG - Updating ship...
2026-08-02 21:43:11,043 - DEBUG - Updating music
2026-08-02 21:43:11,043 - DEBUG - Entered _check_music
2026-08-02 21:43:11,043 - DEBUG - Paused: False, Music Playing: True
2026-08-02 21:43:11,055 - DEBUG - Tick
2026-08-02 21:43:11,055 - DEBUG - Updating ship...
2026-08-02 21:43:11,058 - DEBUG - Updating music
2026-08-02 21:43:11,059 - DEBUG - Entered _check_music
2026-08-02 21:43:11,059 - DEBUG - Paused: False, Music Playing: True
2026-08-02 21:43:11,072 - DEBUG - Tick
2026-08-02 21:43:11,072 - DEBUG - Updating ship...
2026-08-02 21:43:11,075 - DEBUG - Updating music
2026-08-02 21:43:11,076 - DEBUG - Entered _check_music
2026-08-02 21:43:11,076 - DEBUG - Paused: False, Music Playing: True
2026-08-02 21:43:11,088 - DEBUG - Tick
2026-08-02 21:43:11,088 - DEBUG - Updating ship...
2026-08-02 21:43:11,091 - DEBUG - Updating music
2026-08-02 21:43:11,091 - DEBUG - Entered _check_music
2026-08-02 21:43:11,091 - DEBUG - Paused: False, Music Playing: True
2026-08-02 21:43:11,103 - DEBUG - Tick
2026-08-02 21:43:11,104 - DEBUG - Updating ship...
2026-08-02 21:43:11,106 - DEBUG - Updating music
2026-08-02 21:43:11,107 - DEBUG - Entered _check_music
2026-08-02 21:43:11,107 - DEBUG - Paused: False, Music Playing: True
2026-08-02 21:43:11,120 - DEBUG - Tick
2026-08-02 21:43:11,120 - DEBUG - Updating ship...
2026-08-02 21:43:11,123 - DEBUG - Updating music
2026-08-02 21:43:11,123 - DEBUG - Entered _check_music
2026-08-02 21:43:11,123 - DEBUG - Paused: False, Music Playing: True
2026-08-02 21:43:11,135 - DEBUG - Tick
2026-08-02 21:43:11,135 - DEBUG - Updating ship...
2026-08-02 21:43:11,138 - DEBUG - Updating music
2026-08-02 21:43:11,138 - DEBUG - Entered _check_music
2026-08-02 21:43:11,138 - DEBUG - Paused: False, Music Playing: True
2026-08-02 21:43:11,151 - DEBUG - Tick
2026-08-02 21:43:11,151 - DEBUG - Updating ship...
2026-08-02 21:43:11,154 - DEBUG - Updating music
2026-08-02 21:43:11,154 - DEBUG - Entered _check_music
2026-08-02 21:43:11,154 - DEBUG - Paused: False, Music Playing: True
2026-08-02 21:43:11,167 - DEBUG - Tick
2026-08-02 21:43:11,167 - DEBUG - Updating ship...
2026-08-02 21:43:11,170 - DEBUG - Updating music
2026-08-02 21:43:11,171 - DEBUG - Entered _check_music
2026-08-02 21:43:11,171 - DEBUG - Paused: False, Music Playing: True
2026-08-02 21:43:11,184 - DEBUG - Tick
2026-08-02 21:43:11,184 - DEBUG - Updating ship...
2026-08-02 21:43:11,187 - DEBUG - Updating music
2026-08-02 21:43:11,187 - DEBUG - Entered _check_music
2026-08-02 21:43:11,187 - DEBUG - Paused: False, Music Playing: True
2026-08-02 21:43:11,200 - DEBUG - Tick
2026-08-02 21:43:11,200 - DEBUG - Updating ship...
2026-08-02 21:43:11,203 - DEBUG - Updating music
2026-08-02 21:43:11,203 - DEBUG - Entered _check_music
2026-08-02 21:43:11,203 - DEBUG - Paused: False, Music Playing: True
2026-08-02 21:43:11,217 - DEBUG - Tick
2026-08-02 21:43:11,217 - DEBUG - Updating ship...
2026-08-02 21:43:11,221 - DEBUG - Updating music
2026-08-02 21:43:11,221 - DEBUG - Entered _check_music
2026-08-02 21:43:11,221 - DEBUG - Paused: False, Music Playing: True
2026-08-02 21:43:11,233 - DEBUG - Tick
2026-08-02 21:43:11,233 - DEBUG - Updating ship...
2026-08-02 21:43:11,237 - DEBUG - Updating music
2026-08-02 21:43:11,237 - DEBUG - Entered _check_music
2026-08-02 21:43:11,237 - DEBUG - Paused: False, Music Playing: True
2026-08-02 21:43:11,249 - DEBUG - Tick
2026-08-02 21:43:11,249 - DEBUG - Updating ship...
2026-08-02 21:43:11,252 - DEBUG - Updating music
2026-08-02 21:43:11,252 - DEBUG - Entered _check_music
2026-08-02 21:43:11,252 - DEBUG - Paused: False, Music Playing: True
2026-08-02 21:43:11,265 - DEBUG - Tick
2026-08-02 21:43:11,266 - DEBUG - Updating ship...
2026-08-02 21:43:11,268 - DEBUG - Updating music
2026-08-02 21:43:11,268 - DEBUG - Entered _check_music
2026-08-02 21:43:11,268 - DEBUG - Paused: False, Music Playing: True
2026-08-02 21:43:11,282 - DEBUG - Tick
2026-08-02 21:43:11,282 - DEBUG - Updating ship...
2026-08-02 21:43:11,285 - DEBUG - Updating music
2026-08-02 21:43:11,285 - DEBUG - Entered _check_music
2026-08-02 21:43:11,285 - DEBUG - Paused: False, Music Playing: True
2026-08-02 21:43:11,297 - DEBUG - Tick
2026-08-02 21:43:11,298 - DEBUG - Updating ship...
2026-08-02 21:43:11,301 - DEBUG - Updating music
2026-08-02 21:43:11,301 - DEBUG - Entered _check_music
2026-08-02 21:43:11,301 - DEBUG - Paused: False, Music Playing: True
2026-08-02 21:43:11,314 - DEBUG - Tick
2026-08-02 21:43:11,314 - DEBUG - Updating ship...
2026-08-02 21:43:11,317 - DEBUG - Updating music
2026-08-02 21:43:11,317 - DEBUG - Entered _check_music
2026-08-02 21:43:11,317 - DEBUG - Paused: False, Music Playing: True
2026-08-02 21:43:11,331 - DEBUG - Tick
2026-08-02 21:43:11,331 - DEBUG - Updating ship...
2026-08-02 21:43:11,334 - DEBUG - Updating music
2026-08-02 21:43:11,334 - DEBUG - Entered _check_music
2026-08-02 21:43:11,334 - DEBUG - Paused: False, Music Playing: True
2026-08-02 21:43:11,346 - DEBUG - Tick
2026-08-02 21:43:11,347 - DEBUG - Updating ship...
2026-08-02 21:43:11,350 - DEBUG - Updating music
2026-08-02 21:43:11,350 - DEBUG - Entered _check_music
2026-08-02 21:43:11,350 - DEBUG - Paused: False, Music Playing: True
2026-08-02 21:43:11,363 - DEBUG - Tick
2026-08-02 21:43:11,363 - DEBUG - Updating ship...
2026-08-02 21:43:11,367 - DEBUG - Updating music
2026-08-02 21:43:11,367 - DEBUG - Entered _check_music
2026-08-02 21:43:11,367 - DEBUG - Paused: False, Music Playing: True
2026-08-02 21:43:11,381 - DEBUG - Tick
2026-08-02 21:43:11,381 - DEBUG - Updating ship...
2026-08-02 21:43:11,384 - DEBUG - Updating music
2026-08-02 21:43:11,385 - DEBUG - Entered _check_music
2026-08-02 21:43:11,385 - DEBUG - Paused: False, Music Playing: True
2026-08-02 21:43:11,398 - DEBUG - Tick
2026-08-02 21:43:11,398 - DEBUG - Updating ship...
2026-08-02 21:43:11,401 - DEBUG - Updating music
2026-08-02 21:43:11,402 - DEBUG - Entered _check_music
2026-08-02 21:43:11,402 - DEBUG - Paused: False, Music Playing: True
2026-08-02 21:43:11,414 - DEBUG - Tick
2026-08-02 21:43:11,414 - DEBUG - Updating ship...
2026-08-02 21:43:11,417 - DEBUG - Updating music
2026-08-02 21:43:11,417 - DEBUG - Entered _check_music
2026-08-02 21:43:11,417 - DEBUG - Paused: False, Music Playing: True
2026-08-02 21:43:11,430 - DEBUG - Tick
2026-08-02 21:43:11,430 - DEBUG - Updating ship...
2026-08-02 21:43:11,433 - DEBUG - Updating music
2026-08-02 21:43:11,433 - DEBUG - Entered _check_music
2026-08-02 21:43:11,433 - DEBUG - Paused: False, Music Playing: True
2026-08-02 21:43:11,446 - DEBUG - Tick
2026-08-02 21:43:11,446 - DEBUG - Updating ship...
2026-08-02 21:43:11,449 - DEBUG - Updating music
2026-08-02 21:43:11,449 - DEBUG - Entered _check_music
2026-08-02 21:43:11,449 - DEBUG - Paused: False, Music Playing: True
2026-08-02 21:43:11,461 - DEBUG - Tick
2026-08-02 21:43:11,462 - DEBUG - Updating ship...
2026-08-02 21:43:11,465 - DEBUG - Updating music
2026-08-02 21:43:11,465 - DEBUG - Entered _check_music
2026-08-02 21:43:11,465 - DEBUG - Paused: False, Music Playing: True
2026-08-02 21:43:11,477 - DEBUG - Tick
2026-08-02 21:43:11,478 - DEBUG - Updating ship...
2026-08-02 21:43:11,481 - DEBUG - Updating music
2026-08-02 21:43:11,481 - DEBUG - Entered _check_music
2026-08-02 21:43:11,481 - DEBUG - Paused: False, Music Playing: True
2026-08-02 21:43:11,493 - DEBUG - Tick
2026-08-02 21:43:11,494 - DEBUG - Updating ship...
2026-08-02 21:43:11,497 - DEBUG - Updating music
2026-08-02 21:43:11,497 - DEBUG - Entered _check_music
2026-08-02 21:43:11,497 - DEBUG - Paused: False, Music Playing: True
2026-08-02 21:43:11,509 - DEBUG - Tick
2026-08-02 21:43:11,510 - DEBUG - Updating ship...
2026-08-02 21:43:11,513 - DEBUG - Updating music
2026-08-02 21:43:11,513 - DEBUG - Entered _check_music
2026-08-02 21:43:11,513 - DEBUG - Paused: False, Music Playing: True
2026-08-02 21:43:11,526 - DEBUG - Tick
2026-08-02 21:43:11,526 - DEBUG - Updating ship...
2026-08-02 21:43:11,530 - DEBUG - Updating music
2026-08-02 21:43:11,530 - DEBUG - Entered _check_music
2026-08-02 21:43:11,530 - DEBUG - Paused: False, Music Playing: True
2026-08-02 21:43:11,541 - DEBUG - Tick
2026-08-02 21:43:11,542 - DEBUG - Updating ship...
2026-08-02 21:43:11,545 - DEBUG - Updating music
2026-08-02 21:43:11,545 - DEBUG - Entered _check_music
2026-08-02 21:43:11,545 - DEBUG - Paused: False, Music Playing: True
2026-08-02 21:43:11,558 - DEBUG - Tick
2026-08-02 21:43:11,558 - DEBUG - Updating ship...
2026-08-02 21:43:11,561 - DEBUG - Updating music
2026-08-02 21:43:11,562 - DEBUG - Entered _check_music
2026-08-02 21:43:11,562 - DEBUG - Paused: False, Music Playing: True
2026-08-02 21:43:11,574 - DEBUG - Tick
2026-08-02 21:43:11,574 - DEBUG - Updating ship...
2026-08-02 21:43:11,577 - DEBUG - Updating music
2026-08-02 21:43:11,577 - DEBUG - Entered _check_music
2026-08-02 21:43:11,577 - DEBUG - Paused: False, Music Playing: True
2026-08-02 21:43:11,590 - DEBUG - Tick
2026-08-02 21:43:11,590 - DEBUG - Updating ship...
2026-08-02 21:43:11,593 - DEBUG - Updating music
2026-08-02 21:43:11,593 - DEBUG - Entered _check_music
2026-08-02 21:43:11,594 - DEBUG - Paused: False, Music Playing: True
2026-08-02 21:43:11,606 - DEBUG - Tick
2026-08-02 21:43:11,606 - DEBUG - Updating ship...
2026-08-02 21:43:11,609 - DEBUG - Updating music
2026-08-02 21:43:11,609 - DEBUG - Entered _check_music
2026-08-02 21:43:11,609 - DEBUG - Paused: False, Music Playing: True
2026-08-02 21:43:11,622 - DEBUG - Tick
2026-08-02 21:43:11,622 - DEBUG - Updating ship...
2026-08-02 21:43:11,625 - DEBUG - Updating music
2026-08-02 21:43:11,626 - DEBUG - Entered _check_music
2026-08-02 21:43:11,626 - DEBUG - Paused: False, Music Playing: True
2026-08-02 21:43:11,638 - DEBUG - Tick
2026-08-02 21:43:11,638 - DEBUG - Updating ship...
2026-08-02 21:43:11,641 - DEBUG - Updating music
2026-08-02 21:43:11,641 - DEBUG - Entered _check_music
2026-08-02 21:43:11,641 - DEBUG - Paused: False, Music Playing: True
2026-08-02 21:43:11,654 - DEBUG - Tick
2026-08-02 21:43:11,654 - DEBUG - Updating ship...
2026-08-02 21:43:11,657 - DEBUG - Updating music
2026-08-02 21:43:11,657 - DEBUG - Entered _check_music
2026-08-02 21:43:11,657 - DEBUG - Paused: False, Music Playing: True
2026-08-02 21:43:11,669 - DEBUG - Tick
2026-08-02 21:43:11,669 - DEBUG - Updating ship...
2026-08-02 21:43:11,672 - DEBUG - Updating music
2026-08-02 21:43:11,672 - DEBUG - Entered _check_music
2026-08-02 21:43:11,672 - DEBUG - Paused: False, Music Playing: True
2026-08-02 21:43:11,685 - DEBUG - Tick
2026-08-02 21:43:11,686 - DEBUG - Updating ship...
2026-08-02 21:43:11,688 - DEBUG - Updating music
2026-08-02 21:43:11,688 - DEBUG - Entered _check_music
2026-08-02 21:43:11,688 - DEBUG - Paused: False, Music Playing: True
2026-08-02 21:43:11,702 - DEBUG - Tick
2026-08-02 21:43:11,702 - DEBUG - Updating ship...
2026-08-02 21:43:11,704 - DEBUG - Updating music
2026-08-02 21:43:11,704 - DEBUG - Entered _check_music
2026-08-02 21:43:11,704 - DEBUG - Paused: False, Music Playing: True
2026-08-02 21:43:11,718 - DEBUG - Tick
2026-08-02 21:43:11,718 - DEBUG - Updating ship...
2026-08-02 21:43:11,720 - DEBUG - Updating music
2026-08-02 21:43:11,720 - DEBUG - Entered _check_music
2026-08-02 21:43:11,721 - DEBUG - Paused: False, Music Playing: True
2026-08-02 21:43:11,734 - DEBUG - Tick
2026-08-02 21:43:11,734 - DEBUG - Updating ship...
2026-08-02 21:43:11,736 - DEBUG - Updating music
2026-08-02 21:43:11,737 - DEBUG - Entered _check_music
2026-08-02 21:43:11,737 - DEBUG - Paused: False, Music Playing: True
2026-08-02 21:43:11,750 - DEBUG - Tick
2026-08-02 21:43:11,750 - DEBUG - Updating ship...
2026-08-02 21:43:11,753 - DEBUG - Updating music
2026-08-02 21:43:11,754 - DEBUG - Entered _check_music
2026-08-02 21:43:11,754 - DEBUG - Paused: False, Music Playing: True
2026-08-02 21:43:11,766 - DEBUG - Tick
2026-08-02 21:43:11,766 - DEBUG - Updating ship...
2026-08-02 21:43:11,769 - DEBUG - Updating music
2026-08-02 21:43:11,769 - DEBUG - Entered _check_music
2026-08-02 21:43:11,769 - DEBUG - Paused: False, Music Playing: True
2026-08-02 21:43:11,782 - DEBUG - Tick
2026-08-02 21:43:11,782 - DEBUG - Updating ship...
2026-08-02 21:43:11,784 - DEBUG - Updating music
2026-08-02 21:43:11,785 - DEBUG - Entered _check_music
2026-08-02 21:43:11,785 - DEBUG - Paused: False, Music Playing: True
2026-08-02 21:43:11,799 - DEBUG - Tick
2026-08-02 21:43:11,799 - DEBUG - Updating ship...
2026-08-02 21:43:11,802 - DEBUG - Updating music
2026-08-02 21:43:11,802 - DEBUG - Entered _check_music
2026-08-02 21:43:11,802 - DEBUG - Paused: False, Music Playing: True
2026-08-02 21:43:11,814 - DEBUG - Tick
2026-08-02 21:43:11,814 - DEBUG - Updating ship...
2026-08-02 21:43:11,816 - DEBUG - Updating music
2026-08-02 21:43:11,816 - DEBUG - Entered _check_music
2026-08-02 21:43:11,816 - DEBUG - Paused: False, Music Playing: True
2026-08-02 21:43:11,831 - DEBUG - Tick
2026-08-02 21:43:11,831 - DEBUG - Updating ship...
2026-08-02 21:43:11,832 - DEBUG - Updating music
2026-08-02 21:43:11,832 - DEBUG - Entered _check_music
2026-08-02 21:43:11,833 - DEBUG - Paused: False, Music Playing: True
2026-08-02 21:43:11,847 - DEBUG - Tick
2026-08-02 21:43:11,847 - DEBUG - Updating ship...
2026-08-02 21:43:11,850 - DEBUG - Updating music
2026-08-02 21:43:11,850 - DEBUG - Entered _check_music
2026-08-02 21:43:11,850 - DEBUG - Paused: False, Music Playing: True
2026-08-02 21:43:11,862 - DEBUG - Tick
2026-08-02 21:43:11,862 - DEBUG - Updating ship...
2026-08-02 21:43:11,865 - DEBUG - Updating music
2026-08-02 21:43:11,866 - DEBUG - Entered _check_music
2026-08-02 21:43:11,866 - DEBUG - Paused: False, Music Playing: True
2026-08-02 21:43:11,879 - DEBUG - Tick
2026-08-02 21:43:11,879 - DEBUG - Updating ship...
2026-08-02 21:43:11,883 - DEBUG - Updating music
2026-08-02 21:43:11,883 - DEBUG - Entered _check_music
2026-08-02 21:43:11,883 - DEBUG - Paused: False, Music Playing: True
2026-08-02 21:43:11,895 - DEBUG - Tick
2026-08-02 21:43:11,895 - DEBUG - Updating ship...
2026-08-02 21:43:11,898 - DEBUG - Updating music
2026-08-02 21:43:11,898 - DEBUG - Entered _check_music
2026-08-02 21:43:11,899 - DEBUG - Paused: False, Music Playing: True
2026-08-02 21:43:11,912 - DEBUG - Tick
2026-08-02 21:43:11,912 - DEBUG - Updating ship...
2026-08-02 21:43:11,915 - DEBUG - Updating music
2026-08-02 21:43:11,915 - DEBUG - Entered _check_music
2026-08-02 21:43:11,915 - DEBUG - Paused: False, Music Playing: True
2026-08-02 21:43:11,927 - DEBUG - Tick
2026-08-02 21:43:11,927 - DEBUG - Updating ship...
2026-08-02 21:43:11,931 - DEBUG - Updating music
2026-08-02 21:43:11,931 - DEBUG - Entered _check_music
2026-08-02 21:43:11,931 - DEBUG - Paused: False, Music Playing: True
2026-08-02 21:43:11,944 - DEBUG - Tick
2026-08-02 21:43:11,944 - DEBUG - Updating ship...
2026-08-02 21:43:11,947 - DEBUG - Updating music
2026-08-02 21:43:11,947 - DEBUG - Entered _check_music
2026-08-02 21:43:11,948 - DEBUG - Paused: False, Music Playing: True
2026-08-02 21:43:11,960 - DEBUG - Tick
2026-08-02 21:43:11,960 - DEBUG - Updating ship...
2026-08-02 21:43:11,963 - DEBUG - Updating music
2026-08-02 21:43:11,963 - DEBUG - Entered _check_music
2026-08-02 21:43:11,963 - DEBUG - Paused: False, Music Playing: True
2026-08-02 21:43:11,975 - DEBUG - Tick
2026-08-02 21:43:11,976 - DEBUG - Updating ship...
2026-08-02 21:43:11,978 - DEBUG - Updating music
2026-08-02 21:43:11,978 - DEBUG - Entered _check_music
2026-08-02 21:43:11,978 - DEBUG - Paused: False, Music Playing: True
2026-08-02 21:43:11,991 - DEBUG - Tick
2026-08-02 21:43:11,992 - DEBUG - Updating ship...
2026-08-02 21:43:11,995 - DEBUG - Updating music
2026-08-02 21:43:11,995 - DEBUG - Entered _check_music
2026-08-02 21:43:11,995 - DEBUG - Paused: False, Music Playing: True
2026-08-02 21:43:12,008 - DEBUG - Tick
2026-08-02 21:43:12,008 - DEBUG - Updating ship...
2026-08-02 21:43:12,011 - DEBUG - Updating music
2026-08-02 21:43:12,011 - DEBUG - Entered _check_music
2026-08-02 21:43:12,011 - DEBUG - Paused: False, Music Playing: True
2026-08-02 21:43:12,024 - DEBUG - Tick
2026-08-02 21:43:12,024 - DEBUG - Updating ship...
2026-08-02 21:43:12,028 - DEBUG - Updating music
2026-08-02 21:43:12,028 - DEBUG - Entered _check_music
2026-08-02 21:43:12,028 - DEBUG - Paused: False, Music Playing: True
2026-08-02 21:43:12,039 - DEBUG - Tick
2026-08-02 21:43:12,040 - DEBUG - Updating ship...
2026-08-02 21:43:12,043 - DEBUG - Updating music
2026-08-02 21:43:12,043 - DEBUG - Entered _check_music
2026-08-02 21:43:12,043 - DEBUG - Paused: False, Music Playing: True
2026-08-02 21:43:12,056 - DEBUG - Tick
2026-08-02 21:43:12,056 - DEBUG - Updating ship...
2026-08-02 21:43:12,059 - DEBUG - Updating music
2026-08-02 21:43:12,059 - DEBUG - Entered _check_music
2026-08-02 21:43:12,059 - DEBUG - Paused: False, Music Playing: True
2026-08-02 21:43:12,071 - DEBUG - Tick
2026-08-02 21:43:12,072 - DEBUG - Updating ship...
2026-08-02 21:43:12,075 - DEBUG - Updating music
2026-08-02 21:43:12,075 - DEBUG - Entered _check_music
2026-08-02 21:43:12,075 - DEBUG - Paused: False, Music Playing: True
2026-08-02 21:43:12,088 - DEBUG - Tick
2026-08-02 21:43:12,088 - DEBUG - Updating ship...
2026-08-02 21:43:12,091 - DEBUG - Updating music
2026-08-02 21:43:12,091 - DEBUG - Entered _check_music
2026-08-02 21:43:12,091 - DEBUG - Paused: False, Music Playing: True
2026-08-02 21:43:12,103 - DEBUG - Tick
2026-08-02 21:43:12,103 - DEBUG - Updating ship...
2026-08-02 21:43:12,106 - DEBUG - Updating music
2026-08-02 21:43:12,106 - DEBUG - Entered _check_music
2026-08-02 21:43:12,106 - DEBUG - Paused: False, Music Playing: True
2026-08-02 21:43:12,119 - DEBUG - Tick
2026-08-02 21:43:12,119 - DEBUG - Updating ship...
2026-08-02 21:43:12,122 - DEBUG - Updating music
2026-08-02 21:43:12,122 - DEBUG - Entered _check_music
2026-08-02 21:43:12,122 - DEBUG - Paused: False, Music Playing: True
2026-08-02 21:43:12,135 - DEBUG - Tick
2026-08-02 21:43:12,135 - DEBUG - Updating ship...
2026-08-02 21:43:12,138 - DEBUG - Updating music
2026-08-02 21:43:12,138 - DEBUG - Entered _check_music
2026-08-02 21:43:12,138 - DEBUG - Paused: False, Music Playing: True
2026-08-02 21:43:12,151 - DEBUG - Tick
2026-08-02 21:43:12,151 - DEBUG - Updating ship...
2026-08-02 21:43:12,154 - DEBUG - Updating music
2026-08-02 21:43:12,154 - DEBUG - Entered _check_music
2026-08-02 21:43:12,154 - DEBUG - Paused: False, Music Playing: True
2026-08-02 21:43:12,167 - DEBUG - Tick
2026-08-02 21:43:12,167 - DEBUG - Updating ship...
2026-08-02 21:43:12,170 - DEBUG - Updating music
2026-08-02 21:43:12,170 - DEBUG - Entered _check_music
2026-08-02 21:43:12,170 - DEBUG - Paused: False, Music Playing: True
2026-08-02 21:43:12,183 - DEBUG - Tick
2026-08-02 21:43:12,183 - DEBUG - Updating ship...
2026-08-02 21:43:12,186 - DEBUG - Updating music
2026-08-02 21:43:12,186 - DEBUG - Entered _check_music
2026-08-02 21:43:12,186 - DEBUG - Paused: False, Music Playing: True
2026-08-02 21:43:12,199 - DEBUG - Tick
2026-08-02 21:43:12,199 - DEBUG - Updating ship...
2026-08-02 21:43:12,202 - DEBUG - Updating music
2026-08-02 21:43:12,202 - DEBUG - Entered _check_music
2026-08-02 21:43:12,202 - DEBUG - Paused: False, Music Playing: True
2026-08-02 21:43:12,216 - DEBUG - Tick
2026-08-02 21:43:12,216 - DEBUG - Updating ship...
2026-08-02 21:43:12,219 - DEBUG - Updating music
2026-08-02 21:43:12,219 - DEBUG - Entered _check_music
2026-08-02 21:43:12,219 - DEBUG - Paused: False, Music Playing: True
2026-08-02 21:43:12,232 - DEBUG - Tick
2026-08-02 21:43:12,232 - DEBUG - Updating ship...
2026-08-02 21:43:12,235 - DEBUG - Updating music
2026-08-02 21:43:12,235 - DEBUG - Entered _check_music
2026-08-02 21:43:12,235 - DEBUG - Paused: False, Music Playing: True
2026-08-02 21:43:12,247 - DEBUG - Tick
2026-08-02 21:43:12,247 - DEBUG - Updating ship...
2026-08-02 21:43:12,250 - DEBUG - Updating music
2026-08-02 21:43:12,250 - DEBUG - Entered _check_music
2026-08-02 21:43:12,250 - DEBUG - Paused: False, Music Playing: True
2026-08-02 21:43:12,263 - DEBUG - Tick
2026-08-02 21:43:12,263 - DEBUG - Updating ship...
2026-08-02 21:43:12,266 - DEBUG - Updating music
2026-08-02 21:43:12,266 - DEBUG - Entered _check_music
2026-08-02 21:43:12,266 - DEBUG - Paused: False, Music Playing: True
2026-08-02 21:43:12,279 - DEBUG - Tick
2026-08-02 21:43:12,279 - DEBUG - Updating ship...
2026-08-02 21:43:12,282 - DEBUG - Updating music
2026-08-02 21:43:12,282 - DEBUG - Entered _check_music
2026-08-02 21:43:12,282 - DEBUG - Paused: False, Music Playing: True
2026-08-02 21:43:12,295 - DEBUG - Tick
2026-08-02 21:43:12,296 - DEBUG - Updating ship...
2026-08-02 21:43:12,298 - DEBUG - Updating music
2026-08-02 21:43:12,298 - DEBUG - Entered _check_music
2026-08-02 21:43:12,298 - DEBUG - Paused: False, Music Playing: True
2026-08-02 21:43:12,311 - DEBUG - Tick
2026-08-02 21:43:12,312 - DEBUG - Updating ship...
2026-08-02 21:43:12,315 - DEBUG - Updating music
2026-08-02 21:43:12,315 - DEBUG - Entered _check_music
2026-08-02 21:43:12,315 - DEBUG - Paused: False, Music Playing: True
2026-08-02 21:43:12,327 - DEBUG - Tick
2026-08-02 21:43:12,327 - DEBUG - Updating ship...
2026-08-02 21:43:12,330 - DEBUG - Updating music
2026-08-02 21:43:12,330 - DEBUG - Entered _check_music
2026-08-02 21:43:12,331 - DEBUG - Paused: False, Music Playing: True
2026-08-02 21:43:12,344 - DEBUG - Tick
2026-08-02 21:43:12,344 - DEBUG - Updating ship...
2026-08-02 21:43:12,347 - DEBUG - Updating music
2026-08-02 21:43:12,347 - DEBUG - Entered _check_music
2026-08-02 21:43:12,347 - DEBUG - Paused: False, Music Playing: True
2026-08-02 21:43:12,359 - DEBUG - Tick
2026-08-02 21:43:12,359 - DEBUG - Updating ship...
2026-08-02 21:43:12,362 - DEBUG - Updating music
2026-08-02 21:43:12,362 - DEBUG - Entered _check_music
2026-08-02 21:43:12,362 - DEBUG - Paused: False, Music Playing: True
2026-08-02 21:43:12,376 - DEBUG - Tick
2026-08-02 21:43:12,376 - DEBUG - Updating ship...
2026-08-02 21:43:12,379 - DEBUG - Updating music
2026-08-02 21:43:12,379 - DEBUG - Entered _check_music
2026-08-02 21:43:12,379 - DEBUG - Paused: False, Music Playing: True
2026-08-02 21:43:12,391 - DEBUG - Tick
2026-08-02 21:43:12,391 - DEBUG - Updating ship...
2026-08-02 21:43:12,394 - DEBUG - Updating music
2026-08-02 21:43:12,394 - DEBUG - Entered _check_music
2026-08-02 21:43:12,394 - DEBUG - Paused: False, Music Playing: True
2026-08-02 21:43:12,407 - DEBUG - Tick
2026-08-02 21:43:12,408 - DEBUG - Updating ship...
2026-08-02 21:43:12,410 - DEBUG - Updating music
2026-08-02 21:43:12,411 - DEBUG - Entered _check_music
2026-08-02 21:43:12,411 - DEBUG - Paused: False, Music Playing: True
2026-08-02 21:43:12,424 - DEBUG - Tick
2026-08-02 21:43:12,424 - DEBUG - Updating ship...
2026-08-02 21:43:12,427 - DEBUG - Updating music
2026-08-02 21:43:12,427 - DEBUG - Entered _check_music
2026-08-02 21:43:12,427 - DEBUG - Paused: False, Music Playing: True
2026-08-02 21:43:12,439 - DEBUG - Tick
2026-08-02 21:43:12,439 - DEBUG - Updating ship...
2026-08-02 21:43:12,442 - DEBUG - Updating music
2026-08-02 21:43:12,442 - DEBUG - Entered _check_music
2026-08-02 21:43:12,442 - DEBUG - Paused: False, Music Playing: True
2026-08-02 21:43:12,456 - DEBUG - Tick
2026-08-02 21:43:12,456 - DEBUG - Updating ship...
2026-08-02 21:43:12,459 - DEBUG - Updating music
2026-08-02 21:43:12,459 - DEBUG - Entered _check_music
2026-08-02 21:43:12,459 - DEBUG - Paused: False, Music Playing: True
2026-08-02 21:43:12,472 - DEBUG - Tick
2026-08-02 21:43:12,472 - DEBUG - Updating ship...
2026-08-02 21:43:12,475 - DEBUG - Updating music
2026-08-02 21:43:12,475 - DEBUG - Entered _check_music
2026-08-02 21:43:12,475 - DEBUG - Paused: False, Music Playing: True
2026-08-02 21:43:12,487 - DEBUG - Tick
2026-08-02 21:43:12,487 - DEBUG - Updating ship...
2026-08-02 21:43:12,490 - DEBUG - Updating music
2026-08-02 21:43:12,490 - DEBUG - Entered _check_music
2026-08-02 21:43:12,491 - DEBUG - Paused: False, Music Playing: True
2026-08-02 21:43:12,504 - DEBUG - Tick
2026-08-02 21:43:12,504 - DEBUG - Updating ship...
2026-08-02 21:43:12,507 - DEBUG - Updating music
2026-08-02 21:43:12,507 - DEBUG - Entered _check_music
2026-08-02 21:43:12,507 - DEBUG - Paused: False, Music Playing: True
2026-08-02 21:43:12,520 - DEBUG - Tick
2026-08-02 21:43:12,520 - DEBUG - Updating ship...
2026-08-02 21:43:12,523 - DEBUG - Updating music
2026-08-02 21:43:12,523 - DEBUG - Entered _check_music
2026-08-02 21:43:12,523 - DEBUG - Paused: False, Music Playing: True
2026-08-02 21:43:12,536 - DEBUG - Tick
2026-08-02 21:43:12,536 - DEBUG - Updating ship...
2026-08-02 21:43:12,539 - DEBUG - Updating music
2026-08-02 21:43:12,539 - DEBUG - Entered _check_music
2026-08-02 21:43:12,539 - DEBUG - Paused: False, Music Playing: True
2026-08-02 21:43:12,552 - DEBUG - Tick
2026-08-02 21:43:12,552 - DEBUG - Updating ship...
2026-08-02 21:43:12,555 - DEBUG - Updating music
2026-08-02 21:43:12,555 - DEBUG - Entered _check_music
2026-08-02 21:43:12,555 - DEBUG - Paused: False, Music Playing: True
2026-08-02 21:43:12,567 - DEBUG - Tick
2026-08-02 21:43:12,567 - DEBUG - Updating ship...
2026-08-02 21:43:12,570 - DEBUG - Updating music
2026-08-02 21:43:12,570 - DEBUG - Entered _check_music
2026-08-02 21:43:12,570 - DEBUG - Paused: False, Music Playing: True
2026-08-02 21:43:12,583 - DEBUG - Tick
2026-08-02 21:43:12,584 - DEBUG - Updating ship...
2026-08-02 21:43:12,586 - DEBUG - Updating music
2026-08-02 21:43:12,586 - DEBUG - Entered _check_music
2026-08-02 21:43:12,586 - DEBUG - Paused: False, Music Playing: True
2026-08-02 21:43:12,600 - DEBUG - Tick
2026-08-02 21:43:12,600 - DEBUG - Updating ship...
2026-08-02 21:43:12,603 - DEBUG - Updating music
2026-08-02 21:43:12,603 - DEBUG - Entered _check_music
2026-08-02 21:43:12,603 - DEBUG - Paused: False, Music Playing: True
2026-08-02 21:43:12,615 - DEBUG - Tick
2026-08-02 21:43:12,615 - DEBUG - Updating ship...
2026-08-02 21:43:12,618 - DEBUG - Updating music
2026-08-02 21:43:12,618 - DEBUG - Entered _check_music
2026-08-02 21:43:12,618 - DEBUG - Paused: False, Music Playing: True
2026-08-02 21:43:12,632 - DEBUG - Tick
2026-08-02 21:43:12,632 - DEBUG - Updating ship...
2026-08-02 21:43:12,635 - DEBUG - Updating music
2026-08-02 21:43:12,635 - DEBUG - Entered _check_music
2026-08-02 21:43:12,635 - DEBUG - Paused: False, Music Playing: True
2026-08-02 21:43:12,647 - DEBUG - Tick
2026-08-02 21:43:12,647 - DEBUG - Updating ship...
2026-08-02 21:43:12,651 - DEBUG - Updating music
2026-08-02 21:43:12,651 - DEBUG - Entered _check_music
2026-08-02 21:43:12,651 - DEBUG - Paused: False, Music Playing: True
2026-08-02 21:43:12,664 - DEBUG - Tick
2026-08-02 21:43:12,664 - DEBUG - Updating ship...
2026-08-02 21:43:12,667 - DEBUG - Updating music
2026-08-02 21:43:12,667 - DEBUG - Entered _check_music
2026-08-02 21:43:12,667 - DEBUG - Paused: False, Music Playing: True
2026-08-02 21:43:12,680 - DEBUG - Tick
2026-08-02 21:43:12,680 - DEBUG - Updating ship...
2026-08-02 21:43:12,683 - DEBUG - Updating music
2026-08-02 21:43:12,683 - DEBUG - Entered _check_music
2026-08-02 21:43:12,683 - DEBUG - Paused: False, Music Playing: True
2026-08-02 21:43:12,697 - DEBUG - Tick
2026-08-02 21:43:12,697 - DEBUG - Updating ship...
2026-08-02 21:43:12,700 - DEBUG - Updating music
2026-08-02 21:43:12,700 - DEBUG - Entered _check_music
2026-08-02 21:43:12,700 - DEBUG - Paused: False, Music Playing: True
2026-08-02 21:43:12,713 - DEBUG - Tick
2026-08-02 21:43:12,713 - DEBUG - Updating ship...
2026-08-02 21:43:12,716 - DEBUG - Updating music
2026-08-02 21:43:12,716 - DEBUG - Entered _check_music
2026-08-02 21:43:12,716 - DEBUG - Paused: False, Music Playing: True
2026-08-02 21:43:12,730 - DEBUG - Tick
2026-08-02 21:43:12,730 - DEBUG - Updating ship...
2026-08-02 21:43:12,733 - DEBUG - Updating music
2026-08-02 21:43:12,733 - DEBUG - Entered _check_music
2026-08-02 21:43:12,733 - DEBUG - Paused: False, Music Playing: True
2026-08-02 21:43:12,746 - DEBUG - Tick
2026-08-02 21:43:12,746 - DEBUG - Updating ship...
2026-08-02 21:43:12,749 - DEBUG - Updating music
2026-08-02 21:43:12,749 - DEBUG - Entered _check_music
2026-08-02 21:43:12,749 - DEBUG - Paused: False, Music Playing: True
2026-08-02 21:43:12,762 - DEBUG - Tick
2026-08-02 21:43:12,762 - DEBUG - Updating ship...
2026-08-02 21:43:12,765 - DEBUG - Updating music
2026-08-02 21:43:12,766 - DEBUG - Entered _check_music
2026-08-02 21:43:12,766 - DEBUG - Paused: False, Music Playing: True
2026-08-02 21:43:12,779 - DEBUG - Tick
2026-08-02 21:43:12,779 - DEBUG - Updating ship...
2026-08-02 21:43:12,782 - DEBUG - Updating music
2026-08-02 21:43:12,782 - DEBUG - Entered _check_music
2026-08-02 21:43:12,782 - DEBUG - Paused: False, Music Playing: True
2026-08-02 21:43:12,795 - DEBUG - Tick
2026-08-02 21:43:12,795 - DEBUG - Updating ship...
2026-08-02 21:43:12,798 - DEBUG - Updating music
2026-08-02 21:43:12,798 - DEBUG - Entered _check_music
2026-08-02 21:43:12,798 - DEBUG - Paused: False, Music Playing: True
2026-08-02 21:43:12,810 - DEBUG - Tick
2026-08-02 21:43:12,811 - DEBUG - Updating ship...
2026-08-02 21:43:12,814 - DEBUG - Updating music
2026-08-02 21:43:12,814 - DEBUG - Entered _check_music
2026-08-02 21:43:12,814 - DEBUG - Paused: False, Music Playing: True
2026-08-02 21:43:12,826 - DEBUG - Tick
2026-08-02 21:43:12,827 - DEBUG - Updating ship...
2026-08-02 21:43:12,830 - DEBUG - Updating music
2026-08-02 21:43:12,830 - DEBUG - Entered _check_music
2026-08-02 21:43:12,830 - DEBUG - Paused: False, Music Playing: True
2026-08-02 21:43:12,842 - DEBUG - Tick
2026-08-02 21:43:12,842 - DEBUG - Updating ship...
2026-08-02 21:43:12,845 - DEBUG - Updating music
2026-08-02 21:43:12,845 - DEBUG - Entered _check_music
2026-08-02 21:43:12,845 - DEBUG - Paused: False, Music Playing: True
2026-08-02 21:43:12,859 - DEBUG - Tick
2026-08-02 21:43:12,859 - DEBUG - Updating ship...
2026-08-02 21:43:12,862 - DEBUG - Updating music
2026-08-02 21:43:12,862 - DEBUG - Entered _check_music
2026-08-02 21:43:12,862 - DEBUG - Paused: False, Music Playing: True
2026-08-02 21:43:12,875 - DEBUG - Tick
2026-08-02 21:43:12,875 - DEBUG - Updating ship...
2026-08-02 21:43:12,878 - DEBUG - Updating music
2026-08-02 21:43:12,878 - DEBUG - Entered _check_music
2026-08-02 21:43:12,878 - DEBUG - Paused: False, Music Playing: True
2026-08-02 21:43:12,891 - DEBUG - Tick
2026-08-02 21:43:12,892 - DEBUG - Updating ship...
2026-08-02 21:43:12,895 - DEBUG - Updating music
2026-08-02 21:43:12,895 - DEBUG - Entered _check_music
2026-08-02 21:43:12,895 - DEBUG - Paused: False, Music Playing: True
2026-08-02 21:43:12,908 - DEBUG - Tick
2026-08-02 21:43:12,908 - DEBUG - Updating ship...
2026-08-02 21:43:12,911 - DEBUG - Updating music
2026-08-02 21:43:12,911 - DEBUG - Entered _check_music
2026-08-02 21:43:12,911 - DEBUG - Paused: False, Music Playing: True
2026-08-02 21:43:12,923 - DEBUG - Tick
2026-08-02 21:43:12,923 - DEBUG - Updating ship...
2026-08-02 21:43:12,926 - DEBUG - Updating music
2026-08-02 21:43:12,927 - DEBUG - Entered _check_music
2026-08-02 21:43:12,927 - DEBUG - Paused: False, Music Playing: True
2026-08-02 21:43:12,940 - DEBUG - Tick
2026-08-02 21:43:12,940 - DEBUG - Updating ship...
2026-08-02 21:43:12,943 - DEBUG - Updating music
2026-08-02 21:43:12,943 - DEBUG - Entered _check_music
2026-08-02 21:43:12,943 - DEBUG - Paused: False, Music Playing: True
2026-08-02 21:43:12,955 - DEBUG - Tick
2026-08-02 21:43:12,956 - DEBUG - Updating ship...
2026-08-02 21:43:12,959 - DEBUG - Updating music
2026-08-02 21:43:12,959 - DEBUG - Entered _check_music
2026-08-02 21:43:12,959 - DEBUG - Paused: False, Music Playing: True
2026-08-02 21:43:12,971 - DEBUG - Tick
2026-08-02 21:43:12,972 - DEBUG - Updating ship...
2026-08-02 21:43:12,974 - DEBUG - Updating music
2026-08-02 21:43:12,975 - DEBUG - Entered _check_music
2026-08-02 21:43:12,975 - DEBUG - Paused: False, Music Playing: True
2026-08-02 21:43:12,988 - DEBUG - Tick
2026-08-02 21:43:12,988 - DEBUG - Updating ship...
2026-08-02 21:43:12,991 - DEBUG - Updating music
2026-08-02 21:43:12,991 - DEBUG - Entered _check_music
2026-08-02 21:43:12,991 - DEBUG - Paused: False, Music Playing: True
2026-08-02 21:43:13,004 - DEBUG - Tick
2026-08-02 21:43:13,004 - DEBUG - Updating ship...
2026-08-02 21:43:13,007 - DEBUG - Updating music
2026-08-02 21:43:13,007 - DEBUG - Entered _check_music
2026-08-02 21:43:13,007 - DEBUG - Paused: False, Music Playing: True
2026-08-02 21:43:13,019 - DEBUG - Tick
2026-08-02 21:43:13,020 - DEBUG - Updating ship...
2026-08-02 21:43:13,022 - DEBUG - Updating music
2026-08-02 21:43:13,022 - DEBUG - Entered _check_music
2026-08-02 21:43:13,022 - DEBUG - Paused: False, Music Playing: True
2026-08-02 21:43:13,036 - DEBUG - Tick
2026-08-02 21:43:13,036 - DEBUG - Updating ship...
2026-08-02 21:43:13,040 - DEBUG - Updating music
2026-08-02 21:43:13,040 - DEBUG - Entered _check_music
2026-08-02 21:43:13,040 - DEBUG - Paused: False, Music Playing: True
2026-08-02 21:43:13,051 - DEBUG - Tick
2026-08-02 21:43:13,051 - DEBUG - Updating ship...
2026-08-02 21:43:13,054 - DEBUG - Updating music
2026-08-02 21:43:13,054 - DEBUG - Entered _check_music
2026-08-02 21:43:13,054 - DEBUG - Paused: False, Music Playing: True
2026-08-02 21:43:13,067 - DEBUG - Tick
2026-08-02 21:43:13,068 - DEBUG - Updating ship...
2026-08-02 21:43:13,071 - DEBUG - Updating music
2026-08-02 21:43:13,071 - DEBUG - Entered _check_music
2026-08-02 21:43:13,071 - DEBUG - Paused: False, Music Playing: True
2026-08-02 21:43:13,083 - DEBUG - Tick
2026-08-02 21:43:13,084 - DEBUG - Updating ship...
2026-08-02 21:43:13,086 - DEBUG - Updating music
2026-08-02 21:43:13,087 - DEBUG - Entered _check_music
2026-08-02 21:43:13,087 - DEBUG - Paused: False, Music Playing: True
2026-08-02 21:43:13,100 - DEBUG - Tick
2026-08-02 21:43:13,100 - DEBUG - Updating ship...
2026-08-02 21:43:13,103 - DEBUG - Updating music
2026-08-02 21:43:13,103 - DEBUG - Entered _check_music
2026-08-02 21:43:13,104 - DEBUG - Paused: False, Music Playing: True
2026-08-02 21:43:13,116 - DEBUG - Tick
2026-08-02 21:43:13,116 - DEBUG - Updating ship...
2026-08-02 21:43:13,118 - DEBUG - Updating music
2026-08-02 21:43:13,119 - DEBUG - Entered _check_music
2026-08-02 21:43:13,119 - DEBUG - Paused: False, Music Playing: True
2026-08-02 21:43:13,132 - DEBUG - Tick
2026-08-02 21:43:13,132 - DEBUG - Updating ship...
2026-08-02 21:43:13,135 - DEBUG - Updating music
2026-08-02 21:43:13,136 - DEBUG - Entered _check_music
2026-08-02 21:43:13,136 - DEBUG - Paused: False, Music Playing: True
2026-08-02 21:43:13,148 - DEBUG - Tick
2026-08-02 21:43:13,148 - DEBUG - Updating ship...
2026-08-02 21:43:13,151 - DEBUG - Updating music
2026-08-02 21:43:13,152 - DEBUG - Entered _check_music
2026-08-02 21:43:13,152 - DEBUG - Paused: False, Music Playing: True
2026-08-02 21:43:13,164 - DEBUG - Tick
2026-08-02 21:43:13,164 - DEBUG - Updating ship...
2026-08-02 21:43:13,167 - DEBUG - Updating music
2026-08-02 21:43:13,167 - DEBUG - Entered _check_music
2026-08-02 21:43:13,167 - DEBUG - Paused: False, Music Playing: True
2026-08-02 21:43:13,179 - DEBUG - Tick
2026-08-02 21:43:13,180 - DEBUG - Updating ship...
2026-08-02 21:43:13,183 - DEBUG - Updating music
2026-08-02 21:43:13,183 - DEBUG - Entered _check_music
2026-08-02 21:43:13,183 - DEBUG - Paused: False, Music Playing: True
2026-08-02 21:43:13,196 - DEBUG - Tick
2026-08-02 21:43:13,196 - DEBUG - Updating ship...
2026-08-02 21:43:13,198 - DEBUG - Updating music
2026-08-02 21:43:13,198 - DEBUG - Entered _check_music
2026-08-02 21:43:13,198 - DEBUG - Paused: False, Music Playing: True
2026-08-02 21:43:13,211 - DEBUG - Tick
2026-08-02 21:43:13,212 - DEBUG - Updating ship...
2026-08-02 21:43:13,215 - DEBUG - Updating music
2026-08-02 21:43:13,215 - DEBUG - Entered _check_music
2026-08-02 21:43:13,215 - DEBUG - Paused: False, Music Playing: True
2026-08-02 21:43:13,228 - DEBUG - Tick
2026-08-02 21:43:13,228 - DEBUG - Updating ship...
2026-08-02 21:43:13,231 - DEBUG - Updating music
2026-08-02 21:43:13,231 - DEBUG - Entered _check_music
2026-08-02 21:43:13,231 - DEBUG - Paused: False, Music Playing: True
2026-08-02 21:43:13,243 - DEBUG - Tick
2026-08-02 21:43:13,243 - DEBUG - Updating ship...
2026-08-02 21:43:13,246 - DEBUG - Updating music
2026-08-02 21:43:13,246 - DEBUG - Entered _check_music
2026-08-02 21:43:13,246 - DEBUG - Paused: False, Music Playing: True
2026-08-02 21:43:13,260 - DEBUG - Tick
2026-08-02 21:43:13,260 - DEBUG - Updating ship...
2026-08-02 21:43:13,263 - DEBUG - Updating music
2026-08-02 21:43:13,263 - DEBUG - Entered _check_music
2026-08-02 21:43:13,263 - DEBUG - Paused: False, Music Playing: True
2026-08-02 21:43:13,276 - DEBUG - Tick
2026-08-02 21:43:13,277 - DEBUG - Updating ship...
2026-08-02 21:43:13,280 - DEBUG - Updating music
2026-08-02 21:43:13,280 - DEBUG - Entered _check_music
2026-08-02 21:43:13,280 - DEBUG - Paused: False, Music Playing: True
2026-08-02 21:43:13,292 - DEBUG - Tick
2026-08-02 21:43:13,293 - DEBUG - Updating ship...
2026-08-02 21:43:13,296 - DEBUG - Updating music
2026-08-02 21:43:13,296 - DEBUG - Entered _check_music
2026-08-02 21:43:13,296 - DEBUG - Paused: False, Music Playing: True
2026-08-02 21:43:13,308 - DEBUG - Tick
2026-08-02 21:43:13,309 - DEBUG - Updating ship...
2026-08-02 21:43:13,312 - DEBUG - Updating music
2026-08-02 21:43:13,312 - DEBUG - Entered _check_music
2026-08-02 21:43:13,312 - DEBUG - Paused: False, Music Playing: True
2026-08-02 21:43:13,324 - DEBUG - Tick
2026-08-02 21:43:13,325 - DEBUG - Updating ship...
2026-08-02 21:43:13,328 - DEBUG - Updating music
2026-08-02 21:43:13,328 - DEBUG - Entered _check_music
2026-08-02 21:43:13,328 - DEBUG - Paused: False, Music Playing: True
2026-08-02 21:43:13,341 - DEBUG - Tick
2026-08-02 21:43:13,341 - DEBUG - Updating ship...
2026-08-02 21:43:13,345 - DEBUG - Updating music
2026-08-02 21:43:13,345 - DEBUG - Entered _check_music
2026-08-02 21:43:13,345 - DEBUG - Paused: False, Music Playing: True
2026-08-02 21:43:13,358 - DEBUG - Tick
2026-08-02 21:43:13,358 - DEBUG - Updating ship...
2026-08-02 21:43:13,361 - DEBUG - Updating music
2026-08-02 21:43:13,362 - DEBUG - Entered _check_music
2026-08-02 21:43:13,362 - DEBUG - Paused: False, Music Playing: True
2026-08-02 21:43:13,374 - DEBUG - Tick
2026-08-02 21:43:13,374 - DEBUG - Updating ship...
2026-08-02 21:43:13,377 - DEBUG - Updating music
2026-08-02 21:43:13,377 - DEBUG - Entered _check_music
2026-08-02 21:43:13,377 - DEBUG - Paused: False, Music Playing: True
2026-08-02 21:43:13,390 - DEBUG - Tick
2026-08-02 21:43:13,390 - DEBUG - Updating ship...
2026-08-02 21:43:13,394 - DEBUG - Updating music
2026-08-02 21:43:13,394 - DEBUG - Entered _check_music
2026-08-02 21:43:13,394 - DEBUG - Paused: False, Music Playing: True
2026-08-02 21:43:13,406 - DEBUG - Tick
2026-08-02 21:43:13,406 - DEBUG - Updating ship...
2026-08-02 21:43:13,409 - DEBUG - Updating music
2026-08-02 21:43:13,410 - DEBUG - Entered _check_music
2026-08-02 21:43:13,410 - DEBUG - Paused: False, Music Playing: True
2026-08-02 21:43:13,422 - DEBUG - Tick
2026-08-02 21:43:13,422 - DEBUG - Updating ship...
2026-08-02 21:43:13,425 - DEBUG - Updating music
2026-08-02 21:43:13,425 - DEBUG - Entered _check_music
2026-08-02 21:43:13,425 - DEBUG - Paused: False, Music Playing: True
2026-08-02 21:43:13,437 - DEBUG - Tick
2026-08-02 21:43:13,438 - DEBUG - Updating ship...
2026-08-02 21:43:13,441 - DEBUG - Updating music
2026-08-02 21:43:13,441 - DEBUG - Entered _check_music
2026-08-02 21:43:13,441 - DEBUG - Paused: False, Music Playing: True
2026-08-02 21:43:13,453 - DEBUG - Tick
2026-08-02 21:43:13,453 - DEBUG - Updating ship...
2026-08-02 21:43:13,456 - DEBUG - Updating music
2026-08-02 21:43:13,456 - DEBUG - Entered _check_music
2026-08-02 21:43:13,457 - DEBUG - Paused: False, Music Playing: True
2026-08-02 21:43:13,470 - DEBUG - Tick
2026-08-02 21:43:13,470 - DEBUG - Updating ship...
2026-08-02 21:43:13,473 - DEBUG - Updating music
2026-08-02 21:43:13,473 - DEBUG - Entered _check_music
2026-08-02 21:43:13,473 - DEBUG - Paused: False, Music Playing: True
2026-08-02 21:43:13,485 - DEBUG - Tick
2026-08-02 21:43:13,486 - DEBUG - Updating ship...
2026-08-02 21:43:13,488 - DEBUG - Updating music
2026-08-02 21:43:13,489 - DEBUG - Entered _check_music
2026-08-02 21:43:13,489 - DEBUG - Paused: False, Music Playing: True
2026-08-02 21:43:13,502 - DEBUG - Tick
2026-08-02 21:43:13,502 - DEBUG - Updating ship...
2026-08-02 21:43:13,505 - DEBUG - Updating music
2026-08-02 21:43:13,505 - DEBUG - Entered _check_music
2026-08-02 21:43:13,505 - DEBUG - Paused: False, Music Playing: True
2026-08-02 21:43:13,517 - DEBUG - Tick
2026-08-02 21:43:13,518 - DEBUG - Updating ship...
2026-08-02 21:43:13,520 - DEBUG - Updating music
2026-08-02 21:43:13,521 - DEBUG - Entered _check_music
2026-08-02 21:43:13,521 - DEBUG - Paused: False, Music Playing: True
2026-08-02 21:43:13,534 - DEBUG - Tick
2026-08-02 21:43:13,534 - DEBUG - Updating ship...
2026-08-02 21:43:13,537 - DEBUG - Updating music
2026-08-02 21:43:13,537 - DEBUG - Entered _check_music
2026-08-02 21:43:13,537 - DEBUG - Paused: False, Music Playing: True
2026-08-02 21:43:13,550 - DEBUG - Tick
2026-08-02 21:43:13,550 - DEBUG - Updating ship...
2026-08-02 21:43:13,553 - DEBUG - Updating music
2026-08-02 21:43:13,553 - DEBUG - Entered _check_music
2026-08-02 21:43:13,553 - DEBUG - Paused: False, Music Playing: True
2026-08-02 21:43:13,565 - DEBUG - Tick
2026-08-02 21:43:13,565 - DEBUG - Updating ship...
2026-08-02 21:43:13,568 - DEBUG - Updating music
2026-08-02 21:43:13,568 - DEBUG - Entered _check_music
2026-08-02 21:43:13,569 - DEBUG - Paused: False, Music Playing: True
2026-08-02 21:43:13,582 - DEBUG - Tick
2026-08-02 21:43:13,582 - DEBUG - Updating ship...
2026-08-02 21:43:13,585 - DEBUG - Updating music
2026-08-02 21:43:13,585 - DEBUG - Entered _check_music
2026-08-02 21:43:13,585 - DEBUG - Paused: False, Music Playing: True
2026-08-02 21:43:13,597 - DEBUG - Tick
2026-08-02 21:43:13,598 - DEBUG - Updating ship...
2026-08-02 21:43:13,600 - DEBUG - Updating music
2026-08-02 21:43:13,600 - DEBUG - Entered _check_music
2026-08-02 21:43:13,601 - DEBUG - Paused: False, Music Playing: True
2026-08-02 21:43:13,614 - DEBUG - Tick
2026-08-02 21:43:13,614 - DEBUG - Updating ship...
2026-08-02 21:43:13,617 - DEBUG - Updating music
2026-08-02 21:43:13,617 - DEBUG - Entered _check_music
2026-08-02 21:43:13,617 - DEBUG - Paused: False, Music Playing: True
2026-08-02 21:43:13,629 - DEBUG - Tick
2026-08-02 21:43:13,630 - DEBUG - Updating ship...
2026-08-02 21:43:13,632 - DEBUG - Updating music
2026-08-02 21:43:13,632 - DEBUG - Entered _check_music
2026-08-02 21:43:13,633 - DEBUG - Paused: False, Music Playing: True
2026-08-02 21:43:13,646 - DEBUG - Tick
2026-08-02 21:43:13,646 - DEBUG - Updating ship...
2026-08-02 21:43:13,649 - DEBUG - Updating music
2026-08-02 21:43:13,649 - DEBUG - Entered _check_music
2026-08-02 21:43:13,649 - DEBUG - Paused: False, Music Playing: True
2026-08-02 21:43:13,661 - DEBUG - Tick
2026-08-02 21:43:13,662 - DEBUG - Updating ship...
2026-08-02 21:43:13,665 - DEBUG - Updating music
2026-08-02 21:43:13,665 - DEBUG - Entered _check_music
2026-08-02 21:43:13,665 - DEBUG - Paused: False, Music Playing: True
2026-08-02 21:43:13,678 - DEBUG - Tick
2026-08-02 21:43:13,678 - DEBUG - Updating ship...
2026-08-02 21:43:13,681 - DEBUG - Updating music
2026-08-02 21:43:13,681 - DEBUG - Entered _check_music
2026-08-02 21:43:13,681 - DEBUG - Paused: False, Music Playing: True
2026-08-02 21:43:13,694 - DEBUG - Tick
2026-08-02 21:43:13,694 - DEBUG - Updating ship...
2026-08-02 21:43:13,697 - DEBUG - Updating music
2026-08-02 21:43:13,697 - DEBUG - Entered _check_music
2026-08-02 21:43:13,697 - DEBUG - Paused: False, Music Playing: True
2026-08-02 21:43:13,710 - DEBUG - Tick
2026-08-02 21:43:13,710 - DEBUG - Updating ship...
2026-08-02 21:43:13,713 - DEBUG - Updating music
2026-08-02 21:43:13,713 - DEBUG - Entered _check_music
2026-08-02 21:43:13,713 - DEBUG - Paused: False, Music Playing: True
2026-08-02 21:43:13,726 - DEBUG - Tick
2026-08-02 21:43:13,726 - DEBUG - Updating ship...
2026-08-02 21:43:13,729 - DEBUG - Updating music
2026-08-02 21:43:13,729 - DEBUG - Entered _check_music
2026-08-02 21:43:13,729 - DEBUG - Paused: False, Music Playing: True
2026-08-02 21:43:13,742 - DEBUG - Tick
2026-08-02 21:43:13,742 - DEBUG - Updating ship...
2026-08-02 21:43:13,745 - DEBUG - Updating music
2026-08-02 21:43:13,745 - DEBUG - Entered _check_music
2026-08-02 21:43:13,745 - DEBUG - Paused: False, Music Playing: True
2026-08-02 21:43:13,758 - DEBUG - Tick
2026-08-02 21:43:13,758 - DEBUG - Updating ship...
2026-08-02 21:43:13,761 - DEBUG - Updating music
2026-08-02 21:43:13,761 - DEBUG - Entered _check_music
2026-08-02 21:43:13,761 - DEBUG - Paused: False, Music Playing: True
2026-08-02 21:43:13,773 - DEBUG - Tick
2026-08-02 21:43:13,774 - DEBUG - Updating ship...
2026-08-02 21:43:13,777 - DEBUG - Updating music
2026-08-02 21:43:13,777 - DEBUG - Entered _check_music
2026-08-02 21:43:13,777 - DEBUG - Paused: False, Music Playing: True
2026-08-02 21:43:13,789 - DEBUG - Tick
2026-08-02 21:43:13,790 - DEBUG - Updating ship...
2026-08-02 21:43:13,793 - DEBUG - Updating music
2026-08-02 21:43:13,793 - DEBUG - Entered _check_music
2026-08-02 21:43:13,793 - DEBUG - Paused: False, Music Playing: True
2026-08-02 21:43:13,806 - DEBUG - Tick
2026-08-02 21:43:13,806 - DEBUG - Updating ship...
2026-08-02 21:43:13,809 - DEBUG - Updating music
2026-08-02 21:43:13,809 - DEBUG - Entered _check_music
2026-08-02 21:43:13,809 - DEBUG - Paused: False, Music Playing: True
2026-08-02 21:43:13,822 - DEBUG - Tick
2026-08-02 21:43:13,822 - DEBUG - Updating ship...
2026-08-02 21:43:13,825 - DEBUG - Updating music
2026-08-02 21:43:13,825 - DEBUG - Entered _check_music
2026-08-02 21:43:13,825 - DEBUG - Paused: False, Music Playing: True
2026-08-02 21:43:13,838 - DEBUG - Tick
2026-08-02 21:43:13,838 - DEBUG - Updating ship...
2026-08-02 21:43:13,841 - DEBUG - Updating music
2026-08-02 21:43:13,841 - DEBUG - Entered _check_music
2026-08-02 21:43:13,841 - DEBUG - Paused: False, Music Playing: True
2026-08-02 21:43:13,853 - DEBUG - Tick
2026-08-02 21:43:13,854 - DEBUG - Updating ship...
2026-08-02 21:43:13,856 - DEBUG - Updating music
2026-08-02 21:43:13,856 - DEBUG - Entered _check_music
2026-08-02 21:43:13,856 - DEBUG - Paused: False, Music Playing: True
2026-08-02 21:43:13,870 - DEBUG - Tick
2026-08-02 21:43:13,870 - DEBUG - Updating ship...
2026-08-02 21:43:13,873 - DEBUG - Updating music
2026-08-02 21:43:13,873 - DEBUG - Entered _check_music
2026-08-02 21:43:13,873 - DEBUG - Paused: False, Music Playing: True
2026-08-02 21:43:13,886 - DEBUG - Tick
2026-08-02 21:43:13,886 - DEBUG - Updating ship...
2026-08-02 21:43:13,889 - DEBUG - Updating music
2026-08-02 21:43:13,889 - DEBUG - Entered _check_music
2026-08-02 21:43:13,889 - DEBUG - Paused: False, Music Playing: True
2026-08-02 21:43:13,901 - DEBUG - Tick
2026-08-02 21:43:13,902 - DEBUG - Updating ship...
2026-08-02 21:43:13,904 - DEBUG - Updating music
2026-08-02 21:43:13,904 - DEBUG - Entered _check_music
2026-08-02 21:43:13,905 - DEBUG - Paused: False, Music Playing: True
2026-08-02 21:43:13,918 - DEBUG - Tick
2026-08-02 21:43:13,918 - DEBUG - Updating ship...
2026-08-02 21:43:13,921 - DEBUG - Updating music
2026-08-02 21:43:13,921 - DEBUG - Entered _check_music
2026-08-02 21:43:13,921 - DEBUG - Paused: False, Music Playing: True
2026-08-02 21:43:13,933 - DEBUG - Tick
2026-08-02 21:43:13,934 - DEBUG - Updating ship...
2026-08-02 21:43:13,936 - DEBUG - Updating music
2026-08-02 21:43:13,936 - DEBUG - Entered _check_music
2026-08-02 21:43:13,936 - DEBUG - Paused: False, Music Playing: True
2026-08-02 21:43:13,949 - DEBUG - Tick
2026-08-02 21:43:13,950 - DEBUG - Updating ship...
2026-08-02 21:43:13,952 - DEBUG - Updating music
2026-08-02 21:43:13,952 - DEBUG - Entered _check_music
2026-08-02 21:43:13,952 - DEBUG - Paused: False, Music Playing: True
2026-08-02 21:43:13,966 - DEBUG - Tick
2026-08-02 21:43:13,966 - DEBUG - Updating ship...
2026-08-02 21:43:13,969 - DEBUG - Updating music
2026-08-02 21:43:13,969 - DEBUG - Entered _check_music
2026-08-02 21:43:13,969 - DEBUG - Paused: False, Music Playing: True
2026-08-02 21:43:13,982 - DEBUG - Tick
2026-08-02 21:43:13,982 - DEBUG - Updating ship...
2026-08-02 21:43:13,985 - DEBUG - Updating music
2026-08-02 21:43:13,985 - DEBUG - Entered _check_music
2026-08-02 21:43:13,985 - DEBUG - Paused: False, Music Playing: True
2026-08-02 21:43:13,998 - DEBUG - Tick
2026-08-02 21:43:13,998 - DEBUG - Updating ship...
2026-08-02 21:43:14,001 - DEBUG - Updating music
2026-08-02 21:43:14,001 - DEBUG - Entered _check_music
2026-08-02 21:43:14,001 - DEBUG - Paused: False, Music Playing: True
2026-08-02 21:43:14,013 - DEBUG - Tick
2026-08-02 21:43:14,014 - DEBUG - Updating ship...
2026-08-02 21:43:14,016 - DEBUG - Updating music
2026-08-02 21:43:14,017 - DEBUG - Entered _check_music
2026-08-02 21:43:14,017 - DEBUG - Paused: False, Music Playing: True
2026-08-02 21:43:14,030 - DEBUG - Tick
2026-08-02 21:43:14,030 - DEBUG - Updating ship...
2026-08-02 21:43:14,033 - DEBUG - Updating music
2026-08-02 21:43:14,033 - DEBUG - Entered _check_music
2026-08-02 21:43:14,033 - DEBUG - Paused: False, Music Playing: True
2026-08-02 21:43:14,046 - DEBUG - Tick
2026-08-02 21:43:14,046 - DEBUG - Updating ship...
2026-08-02 21:43:14,049 - DEBUG - Updating music
2026-08-02 21:43:14,049 - DEBUG - Entered _check_music
2026-08-02 21:43:14,049 - DEBUG - Paused: False, Music Playing: True
2026-08-02 21:43:14,061 - DEBUG - Tick
2026-08-02 21:43:14,062 - DEBUG - Updating ship...
2026-08-02 21:43:14,065 - DEBUG - Updating music
2026-08-02 21:43:14,065 - DEBUG - Entered _check_music
2026-08-02 21:43:14,065 - DEBUG - Paused: False, Music Playing: True
2026-08-02 21:43:14,078 - DEBUG - Tick
2026-08-02 21:43:14,079 - DEBUG - Updating ship...
2026-08-02 21:43:14,082 - DEBUG - Updating music
2026-08-02 21:43:14,082 - DEBUG - Entered _check_music
2026-08-02 21:43:14,082 - DEBUG - Paused: False, Music Playing: True
2026-08-02 21:43:14,094 - DEBUG - Tick
2026-08-02 21:43:14,095 - DEBUG - Updating ship...
2026-08-02 21:43:14,098 - DEBUG - Updating music
2026-08-02 21:43:14,098 - DEBUG - Entered _check_music
2026-08-02 21:43:14,098 - DEBUG - Paused: False, Music Playing: True
2026-08-02 21:43:14,111 - DEBUG - Tick
2026-08-02 21:43:14,111 - DEBUG - Updating ship...
2026-08-02 21:43:14,114 - DEBUG - Updating music
2026-08-02 21:43:14,114 - DEBUG - Entered _check_music
2026-08-02 21:43:14,115 - DEBUG - Paused: False, Music Playing: True
2026-08-02 21:43:14,128 - DEBUG - Tick
2026-08-02 21:43:14,128 - DEBUG - Updating ship...
2026-08-02 21:43:14,131 - DEBUG - Updating music
2026-08-02 21:43:14,131 - DEBUG - Entered _check_music
2026-08-02 21:43:14,131 - DEBUG - Paused: False, Music Playing: True
2026-08-02 21:43:14,144 - DEBUG - Tick
2026-08-02 21:43:14,144 - DEBUG - Updating ship...
2026-08-02 21:43:14,147 - DEBUG - Updating music
2026-08-02 21:43:14,147 - DEBUG - Entered _check_music
2026-08-02 21:43:14,147 - DEBUG - Paused: False, Music Playing: True
2026-08-02 21:43:14,160 - DEBUG - Tick
2026-08-02 21:43:14,160 - DEBUG - Updating ship...
2026-08-02 21:43:14,163 - DEBUG - Updating music
2026-08-02 21:43:14,163 - DEBUG - Entered _check_music
2026-08-02 21:43:14,163 - DEBUG - Paused: False, Music Playing: True
2026-08-02 21:43:14,175 - DEBUG - Tick
2026-08-02 21:43:14,176 - DEBUG - Updating ship...
2026-08-02 21:43:14,179 - DEBUG - Updating music
2026-08-02 21:43:14,179 - DEBUG - Entered _check_music
2026-08-02 21:43:14,179 - DEBUG - Paused: False, Music Playing: True
2026-08-02 21:43:14,192 - DEBUG - Tick
2026-08-02 21:43:14,192 - DEBUG - Updating ship...
2026-08-02 21:43:14,195 - DEBUG - Updating music
2026-08-02 21:43:14,195 - DEBUG - Entered _check_music
2026-08-02 21:43:14,195 - DEBUG - Paused: False, Music Playing: True
2026-08-02 21:43:14,209 - DEBUG - Tick
2026-08-02 21:43:14,209 - DEBUG - Updating ship...
2026-08-02 21:43:14,211 - DEBUG - Updating music
2026-08-02 21:43:14,212 - DEBUG - Entered _check_music
2026-08-02 21:43:14,212 - DEBUG - Paused: False, Music Playing: True
2026-08-02 21:43:14,225 - DEBUG - Tick
2026-08-02 21:43:14,225 - DEBUG - Updating ship...
2026-08-02 21:43:14,228 - DEBUG - Updating music
2026-08-02 21:43:14,228 - DEBUG - Entered _check_music
2026-08-02 21:43:14,228 - DEBUG - Paused: False, Music Playing: True
2026-08-02 21:43:14,241 - DEBUG - Tick
2026-08-02 21:43:14,241 - DEBUG - Updating ship...
2026-08-02 21:43:14,244 - DEBUG - Updating music
2026-08-02 21:43:14,244 - DEBUG - Entered _check_music
2026-08-02 21:43:14,244 - DEBUG - Paused: False, Music Playing: True
2026-08-02 21:43:14,256 - DEBUG - Tick
2026-08-02 21:43:14,257 - DEBUG - Updating ship...
2026-08-02 21:43:14,260 - DEBUG - Updating music
2026-08-02 21:43:14,260 - DEBUG - Entered _check_music
2026-08-02 21:43:14,260 - DEBUG - Paused: False, Music Playing: True
2026-08-02 21:43:14,272 - DEBUG - Tick
2026-08-02 21:43:14,273 - DEBUG - Updating ship...
2026-08-02 21:43:14,275 - DEBUG - Updating music
2026-08-02 21:43:14,276 - DEBUG - Entered _check_music
2026-08-02 21:43:14,276 - DEBUG - Paused: False, Music Playing: True
2026-08-02 21:43:14,289 - DEBUG - Tick
2026-08-02 21:43:14,289 - DEBUG - Updating ship...
2026-08-02 21:43:14,292 - DEBUG - Updating music
2026-08-02 21:43:14,292 - DEBUG - Entered _check_music
2026-08-02 21:43:14,292 - DEBUG - Paused: False, Music Playing: True
2026-08-02 21:43:14,305 - DEBUG - Tick
2026-08-02 21:43:14,305 - DEBUG - Updating ship...
2026-08-02 21:43:14,308 - DEBUG - Updating music
2026-08-02 21:43:14,308 - DEBUG - Entered _check_music
2026-08-02 21:43:14,308 - DEBUG - Paused: False, Music Playing: True
2026-08-02 21:43:14,320 - DEBUG - Tick
2026-08-02 21:43:14,321 - DEBUG - Updating ship...
2026-08-02 21:43:14,323 - DEBUG - Updating music
2026-08-02 21:43:14,324 - DEBUG - Entered _check_music
2026-08-02 21:43:14,324 - DEBUG - Paused: False, Music Playing: True
2026-08-02 21:43:14,337 - DEBUG - Tick
2026-08-02 21:43:14,337 - DEBUG - Updating ship...
2026-08-02 21:43:14,340 - DEBUG - Updating music
2026-08-02 21:43:14,340 - DEBUG - Entered _check_music
2026-08-02 21:43:14,340 - DEBUG - Paused: False, Music Playing: True
2026-08-02 21:43:14,353 - DEBUG - Tick
2026-08-02 21:43:14,353 - DEBUG - Updating ship...
2026-08-02 21:43:14,356 - DEBUG - Updating music
2026-08-02 21:43:14,356 - DEBUG - Entered _check_music
2026-08-02 21:43:14,356 - DEBUG - Paused: False, Music Playing: True
2026-08-02 21:43:14,369 - DEBUG - Tick
2026-08-02 21:43:14,369 - DEBUG - Updating ship...
2026-08-02 21:43:14,372 - DEBUG - Updating music
2026-08-02 21:43:14,372 - DEBUG - Entered _check_music
2026-08-02 21:43:14,372 - DEBUG - Paused: False, Music Playing: True
2026-08-02 21:43:14,386 - DEBUG - Tick
2026-08-02 21:43:14,386 - DEBUG - Updating ship...
2026-08-02 21:43:14,389 - DEBUG - Updating music
2026-08-02 21:43:14,389 - DEBUG - Entered _check_music
2026-08-02 21:43:14,389 - DEBUG - Paused: False, Music Playing: True
2026-08-02 21:43:14,401 - DEBUG - Tick
2026-08-02 21:43:14,401 - DEBUG - Updating ship...
2026-08-02 21:43:14,404 - DEBUG - Updating music
2026-08-02 21:43:14,404 - DEBUG - Entered _check_music
2026-08-02 21:43:14,404 - DEBUG - Paused: False, Music Playing: True
2026-08-02 21:43:14,416 - DEBUG - Tick
2026-08-02 21:43:14,417 - DEBUG - Updating ship...
2026-08-02 21:43:14,419 - DEBUG - Updating music
2026-08-02 21:43:14,419 - DEBUG - Entered _check_music
2026-08-02 21:43:14,419 - DEBUG - Paused: False, Music Playing: True
2026-08-02 21:43:14,433 - DEBUG - Tick
2026-08-02 21:43:14,433 - DEBUG - Updating ship...
2026-08-02 21:43:14,436 - DEBUG - Updating music
2026-08-02 21:43:14,436 - DEBUG - Entered _check_music
2026-08-02 21:43:14,436 - DEBUG - Paused: False, Music Playing: True
2026-08-02 21:43:14,448 - DEBUG - Tick
2026-08-02 21:43:14,449 - DEBUG - Updating ship...
2026-08-02 21:43:14,451 - DEBUG - Updating music
2026-08-02 21:43:14,451 - DEBUG - Entered _check_music
2026-08-02 21:43:14,451 - DEBUG - Paused: False, Music Playing: True
2026-08-02 21:43:14,464 - DEBUG - Tick
2026-08-02 21:43:14,465 - DEBUG - Updating ship...
2026-08-02 21:43:14,467 - DEBUG - Updating music
2026-08-02 21:43:14,467 - DEBUG - Entered _check_music
2026-08-02 21:43:14,468 - DEBUG - Paused: False, Music Playing: True
2026-08-02 21:43:14,481 - DEBUG - Tick
2026-08-02 21:43:14,481 - DEBUG - Updating ship...
2026-08-02 21:43:14,485 - DEBUG - Updating music
2026-08-02 21:43:14,485 - DEBUG - Entered _check_music
2026-08-02 21:43:14,485 - DEBUG - Paused: False, Music Playing: True
2026-08-02 21:43:14,497 - DEBUG - Tick
2026-08-02 21:43:14,497 - DEBUG - Updating ship...
2026-08-02 21:43:14,500 - DEBUG - Updating music
2026-08-02 21:43:14,501 - DEBUG - Entered _check_music
2026-08-02 21:43:14,501 - DEBUG - Paused: False, Music Playing: True
2026-08-02 21:43:14,514 - DEBUG - Tick
2026-08-02 21:43:14,514 - DEBUG - Updating ship...
2026-08-02 21:43:14,517 - DEBUG - Updating music
2026-08-02 21:43:14,517 - DEBUG - Entered _check_music
2026-08-02 21:43:14,517 - DEBUG - Paused: False, Music Playing: True
2026-08-02 21:43:14,530 - DEBUG - Tick
2026-08-02 21:43:14,530 - DEBUG - Updating ship...
2026-08-02 21:43:14,533 - DEBUG - Updating music
2026-08-02 21:43:14,533 - DEBUG - Entered _check_music
2026-08-02 21:43:14,533 - DEBUG - Paused: False, Music Playing: True
2026-08-02 21:43:14,545 - DEBUG - Tick
2026-08-02 21:43:14,545 - DEBUG - Updating ship...
2026-08-02 21:43:14,549 - DEBUG - Updating music
2026-08-02 21:43:14,549 - DEBUG - Entered _check_music
2026-08-02 21:43:14,549 - DEBUG - Paused: False, Music Playing: True
2026-08-02 21:43:14,562 - DEBUG - Tick
2026-08-02 21:43:14,562 - DEBUG - Updating ship...
2026-08-02 21:43:14,565 - DEBUG - Updating music
2026-08-02 21:43:14,565 - DEBUG - Entered _check_music
2026-08-02 21:43:14,565 - DEBUG - Paused: False, Music Playing: True
2026-08-02 21:43:14,578 - DEBUG - Tick
2026-08-02 21:43:14,578 - DEBUG - Updating ship...
2026-08-02 21:43:14,581 - DEBUG - Updating music
2026-08-02 21:43:14,581 - DEBUG - Entered _check_music
2026-08-02 21:43:14,581 - DEBUG - Paused: False, Music Playing: True
2026-08-02 21:43:14,594 - DEBUG - Tick
2026-08-02 21:43:14,594 - DEBUG - Updating ship...
2026-08-02 21:43:14,597 - DEBUG - Updating music
2026-08-02 21:43:14,597 - DEBUG - Entered _check_music
2026-08-02 21:43:14,597 - DEBUG - Paused: False, Music Playing: True
2026-08-02 21:43:14,609 - DEBUG - Tick
2026-08-02 21:43:14,610 - DEBUG - Updating ship...
2026-08-02 21:43:14,613 - DEBUG - Updating music
2026-08-02 21:43:14,613 - DEBUG - Entered _check_music
2026-08-02 21:43:14,614 - DEBUG - Paused: False, Music Playing: True
2026-08-02 21:43:14,626 - DEBUG - Tick
2026-08-02 21:43:14,626 - DEBUG - Updating ship...
2026-08-02 21:43:14,630 - DEBUG - Updating music
2026-08-02 21:43:14,630 - DEBUG - Entered _check_music
2026-08-02 21:43:14,630 - DEBUG - Paused: False, Music Playing: True
2026-08-02 21:43:14,642 - DEBUG - Tick
2026-08-02 21:43:14,642 - DEBUG - Updating ship...
2026-08-02 21:43:14,645 - DEBUG - Updating music
2026-08-02 21:43:14,645 - DEBUG - Entered _check_music
2026-08-02 21:43:14,646 - DEBUG - Paused: False, Music Playing: True
2026-08-02 21:43:14,659 - DEBUG - Tick
2026-08-02 21:43:14,659 - DEBUG - Updating ship...
2026-08-02 21:43:14,662 - DEBUG - Updating music
2026-08-02 21:43:14,662 - DEBUG - Entered _check_music
2026-08-02 21:43:14,662 - DEBUG - Paused: False, Music Playing: True
2026-08-02 21:43:14,674 - DEBUG - Tick
2026-08-02 21:43:14,674 - DEBUG - Updating ship...
2026-08-02 21:43:14,677 - DEBUG - Updating music
2026-08-02 21:43:14,677 - DEBUG - Entered _check_music
2026-08-02 21:43:14,677 - DEBUG - Paused: False, Music Playing: True
2026-08-02 21:43:14,690 - DEBUG - Tick
2026-08-02 21:43:14,691 - DEBUG - Updating ship...
2026-08-02 21:43:14,694 - DEBUG - Updating music
2026-08-02 21:43:14,694 - DEBUG - Entered _check_music
2026-08-02 21:43:14,694 - DEBUG - Paused: False, Music Playing: True
2026-08-02 21:43:14,706 - DEBUG - Tick
2026-08-02 21:43:14,706 - DEBUG - Updating ship...
2026-08-02 21:43:14,709 - DEBUG - Updating music
2026-08-02 21:43:14,709 - DEBUG - Entered _check_music
2026-08-02 21:43:14,710 - DEBUG - Paused: False, Music Playing: True
2026-08-02 21:43:14,723 - DEBUG - Tick
2026-08-02 21:43:14,723 - DEBUG - Updating ship...
2026-08-02 21:43:14,726 - DEBUG - Updating music
2026-08-02 21:43:14,727 - DEBUG - Entered _check_music
2026-08-02 21:43:14,727 - DEBUG - Paused: False, Music Playing: True
2026-08-02 21:43:14,739 - DEBUG - Tick
2026-08-02 21:43:14,739 - DEBUG - Updating ship...
2026-08-02 21:43:14,742 - DEBUG - Updating music
2026-08-02 21:43:14,742 - DEBUG - Entered _check_music
2026-08-02 21:43:14,742 - DEBUG - Paused: False, Music Playing: True
2026-08-02 21:43:14,754 - DEBUG - Tick
2026-08-02 21:43:14,754 - DEBUG - Updating ship...
2026-08-02 21:43:14,757 - DEBUG - Updating music
2026-08-02 21:43:14,757 - DEBUG - Entered _check_music
2026-08-02 21:43:14,758 - DEBUG - Paused: False, Music Playing: True
2026-08-02 21:43:14,771 - DEBUG - Tick
2026-08-02 21:43:14,771 - DEBUG - Updating ship...
2026-08-02 21:43:14,774 - DEBUG - Updating music
2026-08-02 21:43:14,774 - DEBUG - Entered _check_music
2026-08-02 21:43:14,774 - DEBUG - Paused: False, Music Playing: True
2026-08-02 21:43:14,787 - DEBUG - Tick
2026-08-02 21:43:14,787 - DEBUG - Updating ship...
2026-08-02 21:43:14,790 - DEBUG - Updating music
2026-08-02 21:43:14,790 - DEBUG - Entered _check_music
2026-08-02 21:43:14,790 - DEBUG - Paused: False, Music Playing: True
2026-08-02 21:43:14,802 - DEBUG - Tick
2026-08-02 21:43:14,802 - DEBUG - Updating ship...
2026-08-02 21:43:14,805 - DEBUG - Updating music
2026-08-02 21:43:14,805 - DEBUG - Entered _check_music
2026-08-02 21:43:14,805 - DEBUG - Paused: False, Music Playing: True
2026-08-02 21:43:14,818 - DEBUG - Tick
2026-08-02 21:43:14,819 - DEBUG - Updating ship...
2026-08-02 21:43:14,821 - DEBUG - Updating music
2026-08-02 21:43:14,821 - DEBUG - Entered _check_music
2026-08-02 21:43:14,821 - DEBUG - Paused: False, Music Playing: True
2026-08-02 21:43:14,835 - DEBUG - Tick
2026-08-02 21:43:14,835 - DEBUG - Updating ship...
2026-08-02 21:43:14,837 - DEBUG - Updating music
2026-08-02 21:43:14,838 - DEBUG - Entered _check_music
2026-08-02 21:43:14,838 - DEBUG - Paused: False, Music Playing: True
2026-08-02 21:43:14,851 - DEBUG - Tick
2026-08-02 21:43:14,851 - DEBUG - Updating ship...
2026-08-02 21:43:14,854 - DEBUG - Updating music
2026-08-02 21:43:14,854 - DEBUG - Entered _check_music
2026-08-02 21:43:14,854 - DEBUG - Paused: False, Music Playing: True
2026-08-02 21:43:14,867 - DEBUG - Tick
2026-08-02 21:43:14,867 - DEBUG - Updating ship...
2026-08-02 21:43:14,870 - DEBUG - Updating music
2026-08-02 21:43:14,870 - DEBUG - Entered _check_music
2026-08-02 21:43:14,870 - DEBUG - Paused: False, Music Playing: True
2026-08-02 21:43:14,883 - DEBUG - Tick
2026-08-02 21:43:14,883 - DEBUG - Updating ship...
2026-08-02 21:43:14,886 - DEBUG - Updating music
2026-08-02 21:43:14,886 - DEBUG - Entered _check_music
2026-08-02 21:43:14,886 - DEBUG - Paused: False, Music Playing: True
2026-08-02 21:43:14,898 - DEBUG - Tick
2026-08-02 21:43:14,898 - DEBUG - Updating ship...
2026-08-02 21:43:14,901 - DEBUG - Updating music
2026-08-02 21:43:14,901 - DEBUG - Entered _check_music
2026-08-02 21:43:14,901 - DEBUG - Paused: False, Music Playing: True
2026-08-02 21:43:14,914 - DEBUG - Tick
2026-08-02 21:43:14,915 - DEBUG - Updating ship...
2026-08-02 21:43:14,917 - DEBUG - Updating music
2026-08-02 21:43:14,917 - DEBUG - Entered _check_music
2026-08-02 21:43:14,918 - DEBUG - Paused: False, Music Playing: True
2026-08-02 21:43:14,931 - DEBUG - Tick
2026-08-02 21:43:14,931 - DEBUG - Updating ship...
2026-08-02 21:43:14,934 - DEBUG - Updating music
2026-08-02 21:43:14,934 - DEBUG - Entered _check_music
2026-08-02 21:43:14,934 - DEBUG - Paused: False, Music Playing: True
2026-08-02 21:43:14,946 - DEBUG - Tick
2026-08-02 21:43:14,946 - DEBUG - Updating ship...
2026-08-02 21:43:14,949 - DEBUG - Updating music
2026-08-02 21:43:14,949 - DEBUG - Entered _check_music
2026-08-02 21:43:14,949 - DEBUG - Paused: False, Music Playing: True
2026-08-02 21:43:14,963 - DEBUG - Tick
2026-08-02 21:43:14,963 - DEBUG - Updating ship...
2026-08-02 21:43:14,966 - DEBUG - Updating music
2026-08-02 21:43:14,966 - DEBUG - Entered _check_music
2026-08-02 21:43:14,966 - DEBUG - Paused: False, Music Playing: True
2026-08-02 21:43:14,978 - DEBUG - Tick
2026-08-02 21:43:14,979 - DEBUG - Updating ship...
2026-08-02 21:43:14,982 - DEBUG - Updating music
2026-08-02 21:43:14,982 - DEBUG - Entered _check_music
2026-08-02 21:43:14,982 - DEBUG - Paused: False, Music Playing: True
2026-08-02 21:43:14,994 - DEBUG - Tick
2026-08-02 21:43:14,994 - DEBUG - Updating ship...
2026-08-02 21:43:14,997 - DEBUG - Updating music
2026-08-02 21:43:14,998 - DEBUG - Entered _check_music
2026-08-02 21:43:14,998 - DEBUG - Paused: False, Music Playing: True
2026-08-02 21:43:15,011 - DEBUG - Tick
2026-08-02 21:43:15,011 - DEBUG - Updating ship...
2026-08-02 21:43:15,015 - DEBUG - Updating music
2026-08-02 21:43:15,015 - DEBUG - Entered _check_music
2026-08-02 21:43:15,015 - DEBUG - Paused: False, Music Playing: True
2026-08-02 21:43:15,027 - DEBUG - Tick
2026-08-02 21:43:15,027 - DEBUG - Updating ship...
2026-08-02 21:43:15,030 - DEBUG - Updating music
2026-08-02 21:43:15,030 - DEBUG - Entered _check_music
2026-08-02 21:43:15,030 - DEBUG - Paused: False, Music Playing: True
2026-08-02 21:43:15,043 - DEBUG - Tick
2026-08-02 21:43:15,043 - DEBUG - Updating ship...
2026-08-02 21:43:15,046 - DEBUG - Updating music
2026-08-02 21:43:15,046 - DEBUG - Entered _check_music
2026-08-02 21:43:15,046 - DEBUG - Paused: False, Music Playing: True
2026-08-02 21:43:15,058 - DEBUG - Tick
2026-08-02 21:43:15,058 - DEBUG - Updating ship...
2026-08-02 21:43:15,061 - DEBUG - Updating music
2026-08-02 21:43:15,062 - DEBUG - Entered _check_music
2026-08-02 21:43:15,062 - DEBUG - Paused: False, Music Playing: True
2026-08-02 21:43:15,075 - DEBUG - Tick
2026-08-02 21:43:15,075 - DEBUG - Updating ship...
2026-08-02 21:43:15,078 - DEBUG - Updating music
2026-08-02 21:43:15,078 - DEBUG - Entered _check_music
2026-08-02 21:43:15,079 - DEBUG - Paused: False, Music Playing: True
2026-08-02 21:43:15,091 - DEBUG - Tick
2026-08-02 21:43:15,091 - DEBUG - Updating ship...
2026-08-02 21:43:15,094 - DEBUG - Updating music
2026-08-02 21:43:15,094 - DEBUG - Entered _check_music
2026-08-02 21:43:15,094 - DEBUG - Paused: False, Music Playing: True
2026-08-02 21:43:15,106 - DEBUG - Tick
2026-08-02 21:43:15,107 - DEBUG - Updating ship...
2026-08-02 21:43:15,110 - DEBUG - Updating music
2026-08-02 21:43:15,110 - DEBUG - Entered _check_music
2026-08-02 21:43:15,110 - DEBUG - Paused: False, Music Playing: True
2026-08-02 21:43:15,123 - DEBUG - Tick
2026-08-02 21:43:15,123 - DEBUG - Updating ship...
2026-08-02 21:43:15,126 - DEBUG - Updating music
2026-08-02 21:43:15,126 - DEBUG - Entered _check_music
2026-08-02 21:43:15,126 - DEBUG - Paused: False, Music Playing: True
2026-08-02 21:43:15,139 - DEBUG - Tick
2026-08-02 21:43:15,139 - DEBUG - Updating ship...
2026-08-02 21:43:15,142 - DEBUG - Updating music
2026-08-02 21:43:15,142 - DEBUG - Entered _check_music
2026-08-02 21:43:15,142 - DEBUG - Paused: False, Music Playing: True
2026-08-02 21:43:15,154 - DEBUG - Tick
2026-08-02 21:43:15,154 - DEBUG - Updating ship...
2026-08-02 21:43:15,157 - DEBUG - Updating music
2026-08-02 21:43:15,157 - DEBUG - Entered _check_music
2026-08-02 21:43:15,158 - DEBUG - Paused: False, Music Playing: True
2026-08-02 21:43:15,171 - DEBUG - Tick
2026-08-02 21:43:15,171 - DEBUG - Updating ship...
2026-08-02 21:43:15,174 - DEBUG - Updating music
2026-08-02 21:43:15,174 - DEBUG - Entered _check_music
2026-08-02 21:43:15,174 - DEBUG - Paused: False, Music Playing: True
2026-08-02 21:43:15,186 - DEBUG - Tick
2026-08-02 21:43:15,186 - DEBUG - Updating ship...
2026-08-02 21:43:15,189 - DEBUG - Updating music
2026-08-02 21:43:15,189 - DEBUG - Entered _check_music
2026-08-02 21:43:15,189 - DEBUG - Paused: False, Music Playing: True
2026-08-02 21:43:15,203 - DEBUG - Tick
2026-08-02 21:43:15,203 - DEBUG - Updating ship...
2026-08-02 21:43:15,206 - DEBUG - Updating music
2026-08-02 21:43:15,206 - DEBUG - Entered _check_music
2026-08-02 21:43:15,206 - DEBUG - Paused: False, Music Playing: True
2026-08-02 21:43:15,219 - DEBUG - Tick
2026-08-02 21:43:15,219 - DEBUG - Updating ship...
2026-08-02 21:43:15,222 - DEBUG - Updating music
2026-08-02 21:43:15,222 - DEBUG - Entered _check_music
2026-08-02 21:43:15,222 - DEBUG - Paused: False, Music Playing: True
2026-08-02 21:43:15,235 - DEBUG - Tick
2026-08-02 21:43:15,235 - DEBUG - Updating ship...
2026-08-02 21:43:15,237 - DEBUG - Updating music
2026-08-02 21:43:15,237 - DEBUG - Entered _check_music
2026-08-02 21:43:15,238 - DEBUG - Paused: False, Music Playing: True
2026-08-02 21:43:15,251 - DEBUG - Tick
2026-08-02 21:43:15,251 - DEBUG - Updating ship...
2026-08-02 21:43:15,254 - DEBUG - Updating music
2026-08-02 21:43:15,254 - DEBUG - Entered _check_music
2026-08-02 21:43:15,254 - DEBUG - Paused: False, Music Playing: True
2026-08-02 21:43:15,266 - DEBUG - Tick
2026-08-02 21:43:15,267 - DEBUG - Updating ship...
2026-08-02 21:43:15,270 - DEBUG - Updating music
2026-08-02 21:43:15,270 - DEBUG - Entered _check_music
2026-08-02 21:43:15,270 - DEBUG - Paused: False, Music Playing: True
2026-08-02 21:43:15,283 - DEBUG - Tick
2026-08-02 21:43:15,283 - DEBUG - Updating ship...
2026-08-02 21:43:15,286 - DEBUG - Updating music
2026-08-02 21:43:15,286 - DEBUG - Entered _check_music
2026-08-02 21:43:15,286 - DEBUG - Paused: False, Music Playing: True
2026-08-02 21:43:15,299 - DEBUG - Tick
2026-08-02 21:43:15,300 - DEBUG - Updating ship...
2026-08-02 21:43:15,302 - DEBUG - Updating music
2026-08-02 21:43:15,303 - DEBUG - Entered _check_music
2026-08-02 21:43:15,303 - DEBUG - Paused: False, Music Playing: True
2026-08-02 21:43:15,316 - DEBUG - Tick
2026-08-02 21:43:15,316 - DEBUG - Updating ship...
2026-08-02 21:43:15,319 - DEBUG - Updating music
2026-08-02 21:43:15,319 - DEBUG - Entered _check_music
2026-08-02 21:43:15,319 - DEBUG - Paused: False, Music Playing: True
2026-08-02 21:43:15,332 - DEBUG - Tick
2026-08-02 21:43:15,332 - DEBUG - Updating ship...
2026-08-02 21:43:15,335 - DEBUG - Updating music
2026-08-02 21:43:15,335 - DEBUG - Entered _check_music
2026-08-02 21:43:15,335 - DEBUG - Paused: False, Music Playing: True
2026-08-02 21:43:15,347 - DEBUG - Tick
2026-08-02 21:43:15,347 - DEBUG - Updating ship...
2026-08-02 21:43:15,350 - DEBUG - Updating music
2026-08-02 21:43:15,350 - DEBUG - Entered _check_music
2026-08-02 21:43:15,351 - DEBUG - Paused: False, Music Playing: True
2026-08-02 21:43:15,364 - DEBUG - Tick
2026-08-02 21:43:15,364 - DEBUG - Updating ship...
2026-08-02 21:43:15,367 - DEBUG - Updating music
2026-08-02 21:43:15,367 - DEBUG - Entered _check_music
2026-08-02 21:43:15,367 - DEBUG - Paused: False, Music Playing: True
2026-08-02 21:43:15,380 - DEBUG - Tick
2026-08-02 21:43:15,380 - DEBUG - Updating ship...
2026-08-02 21:43:15,383 - DEBUG - Updating music
2026-08-02 21:43:15,383 - DEBUG - Entered _check_music
2026-08-02 21:43:15,383 - DEBUG - Paused: False, Music Playing: True
2026-08-02 21:43:15,397 - DEBUG - Tick
2026-08-02 21:43:15,397 - DEBUG - Updating ship...
2026-08-02 21:43:15,400 - DEBUG - Updating music
2026-08-02 21:43:15,400 - DEBUG - Entered _check_music
2026-08-02 21:43:15,400 - DEBUG - Paused: False, Music Playing: True
2026-08-02 21:43:15,413 - DEBUG - Tick
2026-08-02 21:43:15,414 - DEBUG - Updating ship...
2026-08-02 21:43:15,417 - DEBUG - Updating music
2026-08-02 21:43:15,417 - DEBUG - Entered _check_music
2026-08-02 21:43:15,417 - DEBUG - Paused: False, Music Playing: True
2026-08-02 21:43:15,430 - DEBUG - Tick
2026-08-02 21:43:15,430 - DEBUG - Updating ship...
2026-08-02 21:43:15,433 - DEBUG - Updating music
2026-08-02 21:43:15,433 - DEBUG - Entered _check_music
2026-08-02 21:43:15,433 - DEBUG - Paused: False, Music Playing: True
2026-08-02 21:43:15,445 - DEBUG - Tick
2026-08-02 21:43:15,446 - DEBUG - Updating ship...
2026-08-02 21:43:15,449 - DEBUG - Updating music
2026-08-02 21:43:15,449 - DEBUG - Entered _check_music
2026-08-02 21:43:15,449 - DEBUG - Paused: False, Music Playing: True
2026-08-02 21:43:15,461 - DEBUG - Tick
2026-08-02 21:43:15,461 - DEBUG - Updating ship...
2026-08-02 21:43:15,464 - DEBUG - Updating music
2026-08-02 21:43:15,465 - DEBUG - Entered _check_music
2026-08-02 21:43:15,465 - DEBUG - Paused: False, Music Playing: True
2026-08-02 21:43:15,477 - DEBUG - Tick
2026-08-02 21:43:15,478 - DEBUG - Updating ship...
2026-08-02 21:43:15,481 - DEBUG - Updating music
2026-08-02 21:43:15,481 - DEBUG - Entered _check_music
2026-08-02 21:43:15,481 - DEBUG - Paused: False, Music Playing: True
2026-08-02 21:43:15,494 - DEBUG - Tick
2026-08-02 21:43:15,494 - DEBUG - Updating ship...
2026-08-02 21:43:15,497 - DEBUG - Updating music
2026-08-02 21:43:15,498 - DEBUG - Entered _check_music
2026-08-02 21:43:15,498 - DEBUG - Paused: False, Music Playing: True
2026-08-02 21:43:15,510 - DEBUG - Tick
2026-08-02 21:43:15,510 - DEBUG - Updating ship...
2026-08-02 21:43:15,513 - DEBUG - Updating music
2026-08-02 21:43:15,513 - DEBUG - Entered _check_music
2026-08-02 21:43:15,514 - DEBUG - Paused: False, Music Playing: True
2026-08-02 21:43:15,526 - DEBUG - Tick
2026-08-02 21:43:15,526 - DEBUG - Updating ship...
2026-08-02 21:43:15,529 - DEBUG - Updating music
2026-08-02 21:43:15,529 - DEBUG - Entered _check_music
2026-08-02 21:43:15,529 - DEBUG - Paused: False, Music Playing: True
2026-08-02 21:43:15,542 - DEBUG - Tick
2026-08-02 21:43:15,542 - DEBUG - Updating ship...
2026-08-02 21:43:15,545 - DEBUG - Updating music
2026-08-02 21:43:15,545 - DEBUG - Entered _check_music
2026-08-02 21:43:15,545 - DEBUG - Paused: False, Music Playing: True
2026-08-02 21:43:15,557 - DEBUG - Tick
2026-08-02 21:43:15,558 - DEBUG - Updating ship...
2026-08-02 21:43:15,561 - DEBUG - Updating music
2026-08-02 21:43:15,561 - DEBUG - Entered _check_music
2026-08-02 21:43:15,561 - DEBUG - Paused: False, Music Playing: True
2026-08-02 21:43:15,573 - DEBUG - Tick
2026-08-02 21:43:15,574 - DEBUG - Updating ship...
2026-08-02 21:43:15,577 - DEBUG - Updating music
2026-08-02 21:43:15,577 - DEBUG - Entered _check_music
2026-08-02 21:43:15,577 - DEBUG - Paused: False, Music Playing: True
2026-08-02 21:43:15,589 - DEBUG - Tick
2026-08-02 21:43:15,590 - DEBUG - Updating ship...
2026-08-02 21:43:15,593 - DEBUG - Updating music
2026-08-02 21:43:15,593 - DEBUG - Entered _check_music
2026-08-02 21:43:15,593 - DEBUG - Paused: False, Music Playing: True
2026-08-02 21:43:15,605 - DEBUG - Tick
2026-08-02 21:43:15,606 - DEBUG - Updating ship...
2026-08-02 21:43:15,609 - DEBUG - Updating music
2026-08-02 21:43:15,609 - DEBUG - Entered _check_music
2026-08-02 21:43:15,609 - DEBUG - Paused: False, Music Playing: True
2026-08-02 21:43:15,621 - DEBUG - Tick
2026-08-02 21:43:15,622 - DEBUG - Updating ship...
2026-08-02 21:43:15,625 - DEBUG - Updating music
2026-08-02 21:43:15,625 - DEBUG - Entered _check_music
2026-08-02 21:43:15,625 - DEBUG - Paused: False, Music Playing: True
2026-08-02 21:43:15,637 - DEBUG - Tick
2026-08-02 21:43:15,638 - DEBUG - Updating ship...
2026-08-02 21:43:15,641 - DEBUG - Updating music
2026-08-02 21:43:15,641 - DEBUG - Entered _check_music
2026-08-02 21:43:15,641 - DEBUG - Paused: False, Music Playing: True
2026-08-02 21:43:15,654 - DEBUG - Tick
2026-08-02 21:43:15,654 - DEBUG - Updating ship...
2026-08-02 21:43:15,657 - DEBUG - Updating music
2026-08-02 21:43:15,657 - DEBUG - Entered _check_music
2026-08-02 21:43:15,657 - DEBUG - Paused: False, Music Playing: True
2026-08-02 21:43:15,670 - DEBUG - Tick
2026-08-02 21:43:15,670 - DEBUG - Updating ship...
2026-08-02 21:43:15,673 - DEBUG - Updating music
2026-08-02 21:43:15,673 - DEBUG - Entered _check_music
2026-08-02 21:43:15,673 - DEBUG - Paused: False, Music Playing: True
2026-08-02 21:43:15,685 - DEBUG - Tick
2026-08-02 21:43:15,686 - DEBUG - Updating ship...
2026-08-02 21:43:15,689 - DEBUG - Updating music
2026-08-02 21:43:15,689 - DEBUG - Entered _check_music
2026-08-02 21:43:15,689 - DEBUG - Paused: False, Music Playing: True
2026-08-02 21:43:15,702 - DEBUG - Tick
2026-08-02 21:43:15,702 - DEBUG - Updating ship...
2026-08-02 21:43:15,705 - DEBUG - Updating music
2026-08-02 21:43:15,705 - DEBUG - Entered _check_music
2026-08-02 21:43:15,705 - DEBUG - Paused: False, Music Playing: True
2026-08-02 21:43:15,719 - DEBUG - Tick
2026-08-02 21:43:15,719 - DEBUG - Updating ship...
2026-08-02 21:43:15,722 - DEBUG - Updating music
2026-08-02 21:43:15,723 - DEBUG - Entered _check_music
2026-08-02 21:43:15,723 - DEBUG - Paused: False, Music Playing: True
2026-08-02 21:43:15,736 - DEBUG - Tick
2026-08-02 21:43:15,736 - DEBUG - Updating ship...
2026-08-02 21:43:15,739 - DEBUG - Updating music
2026-08-02 21:43:15,740 - DEBUG - Entered _check_music
2026-08-02 21:43:15,740 - DEBUG - Paused: False, Music Playing: True
2026-08-02 21:43:15,752 - DEBUG - Tick
2026-08-02 21:43:15,752 - DEBUG - Updating ship...
2026-08-02 21:43:15,755 - DEBUG - Updating music
2026-08-02 21:43:15,755 - DEBUG - Entered _check_music
2026-08-02 21:43:15,755 - DEBUG - Paused: False, Music Playing: True
2026-08-02 21:43:15,768 - DEBUG - Tick
2026-08-02 21:43:15,768 - DEBUG - Updating ship...
2026-08-02 21:43:15,771 - DEBUG - Updating music
2026-08-02 21:43:15,771 - DEBUG - Entered _check_music
2026-08-02 21:43:15,771 - DEBUG - Paused: False, Music Playing: True
2026-08-02 21:43:15,783 - DEBUG - Tick
2026-08-02 21:43:15,783 - DEBUG - Updating ship...
2026-08-02 21:43:15,786 - DEBUG - Updating music
2026-08-02 21:43:15,787 - DEBUG - Entered _check_music
2026-08-02 21:43:15,787 - DEBUG - Paused: False, Music Playing: True
2026-08-02 21:43:15,800 - DEBUG - Tick
2026-08-02 21:43:15,800 - DEBUG - Updating ship...
2026-08-02 21:43:15,803 - DEBUG - Updating music
2026-08-02 21:43:15,803 - DEBUG - Entered _check_music
2026-08-02 21:43:15,803 - DEBUG - Paused: False, Music Playing: True
2026-08-02 21:43:15,816 - DEBUG - Tick
2026-08-02 21:43:15,816 - DEBUG - Updating ship...
2026-08-02 21:43:15,819 - DEBUG - Updating music
2026-08-02 21:43:15,819 - DEBUG - Entered _check_music
2026-08-02 21:43:15,819 - DEBUG - Paused: False, Music Playing: True
2026-08-02 21:43:15,832 - DEBUG - Tick
2026-08-02 21:43:15,832 - DEBUG - Updating ship...
2026-08-02 21:43:15,835 - DEBUG - Updating music
2026-08-02 21:43:15,835 - DEBUG - Entered _check_music
2026-08-02 21:43:15,836 - DEBUG - Paused: False, Music Playing: True
2026-08-02 21:43:15,848 - DEBUG - Tick
2026-08-02 21:43:15,848 - DEBUG - Updating ship...
2026-08-02 21:43:15,851 - DEBUG - Updating music
2026-08-02 21:43:15,851 - DEBUG - Entered _check_music
2026-08-02 21:43:15,851 - DEBUG - Paused: False, Music Playing: True
2026-08-02 21:43:15,864 - DEBUG - Tick
2026-08-02 21:43:15,864 - DEBUG - Updating ship...
2026-08-02 21:43:15,867 - DEBUG - Updating music
2026-08-02 21:43:15,867 - DEBUG - Entered _check_music
2026-08-02 21:43:15,867 - DEBUG - Paused: False, Music Playing: True
2026-08-02 21:43:15,880 - DEBUG - Tick
2026-08-02 21:43:15,880 - DEBUG - Updating ship...
2026-08-02 21:43:15,883 - DEBUG - Updating music
2026-08-02 21:43:15,883 - DEBUG - Entered _check_music
2026-08-02 21:43:15,883 - DEBUG - Paused: False, Music Playing: True
2026-08-02 21:43:15,896 - DEBUG - Tick
2026-08-02 21:43:15,896 - DEBUG - Updating ship...
2026-08-02 21:43:15,899 - DEBUG - Updating music
2026-08-02 21:43:15,899 - DEBUG - Entered _check_music
2026-08-02 21:43:15,899 - DEBUG - Paused: False, Music Playing: True
2026-08-02 21:43:15,911 - DEBUG - Tick
2026-08-02 21:43:15,912 - DEBUG - Updating ship...
2026-08-02 21:43:15,915 - DEBUG - Updating music
2026-08-02 21:43:15,915 - DEBUG - Entered _check_music
2026-08-02 21:43:15,915 - DEBUG - Paused: False, Music Playing: True
2026-08-02 21:43:15,927 - DEBUG - Tick
2026-08-02 21:43:15,927 - DEBUG - Updating ship...
2026-08-02 21:43:15,930 - DEBUG - Updating music
2026-08-02 21:43:15,931 - DEBUG - Entered _check_music
2026-08-02 21:43:15,931 - DEBUG - Paused: False, Music Playing: True
2026-08-02 21:43:15,944 - DEBUG - Tick
2026-08-02 21:43:15,944 - DEBUG - Updating ship...
2026-08-02 21:43:15,948 - DEBUG - Updating music
2026-08-02 21:43:15,948 - DEBUG - Entered _check_music
2026-08-02 21:43:15,948 - DEBUG - Paused: False, Music Playing: True
2026-08-02 21:43:15,960 - DEBUG - Tick
2026-08-02 21:43:15,960 - DEBUG - Updating ship...
2026-08-02 21:43:15,963 - DEBUG - Updating music
2026-08-02 21:43:15,963 - DEBUG - Entered _check_music
2026-08-02 21:43:15,963 - DEBUG - Paused: False, Music Playing: True
2026-08-02 21:43:15,975 - DEBUG - Tick
2026-08-02 21:43:15,976 - DEBUG - Updating ship...
2026-08-02 21:43:15,979 - DEBUG - Updating music
2026-08-02 21:43:15,979 - DEBUG - Entered _check_music
2026-08-02 21:43:15,979 - DEBUG - Paused: False, Music Playing: True
2026-08-02 21:43:15,991 - DEBUG - Tick
2026-08-02 21:43:15,991 - DEBUG - Updating ship...
2026-08-02 21:43:15,995 - DEBUG - Updating music
2026-08-02 21:43:15,995 - DEBUG - Entered _check_music
2026-08-02 21:43:15,995 - DEBUG - Paused: False, Music Playing: True
2026-08-02 21:43:16,007 - DEBUG - Tick
2026-08-02 21:43:16,007 - DEBUG - Updating ship...
2026-08-02 21:43:16,011 - DEBUG - Updating music
2026-08-02 21:43:16,011 - DEBUG - Entered _check_music
2026-08-02 21:43:16,011 - DEBUG - Paused: False, Music Playing: True
2026-08-02 21:43:16,024 - DEBUG - Tick
2026-08-02 21:43:16,024 - DEBUG - Updating ship...
2026-08-02 21:43:16,028 - DEBUG - Updating music
2026-08-02 21:43:16,028 - DEBUG - Entered _check_music
2026-08-02 21:43:16,028 - DEBUG - Paused: False, Music Playing: True
2026-08-02 21:43:16,039 - DEBUG - Tick
2026-08-02 21:43:16,040 - DEBUG - Updating ship...
2026-08-02 21:43:16,043 - DEBUG - Updating music
2026-08-02 21:43:16,043 - DEBUG - Entered _check_music
2026-08-02 21:43:16,043 - DEBUG - Paused: False, Music Playing: True
2026-08-02 21:43:16,055 - DEBUG - Tick
2026-08-02 21:43:16,056 - DEBUG - Updating ship...
2026-08-02 21:43:16,059 - DEBUG - Updating music
2026-08-02 21:43:16,059 - DEBUG - Entered _check_music
2026-08-02 21:43:16,059 - DEBUG - Paused: False, Music Playing: True
2026-08-02 21:43:16,071 - DEBUG - Tick
2026-08-02 21:43:16,072 - DEBUG - Updating ship...
2026-08-02 21:43:16,075 - DEBUG - Updating music
2026-08-02 21:43:16,075 - DEBUG - Entered _check_music
2026-08-02 21:43:16,075 - DEBUG - Paused: False, Music Playing: True
2026-08-02 21:43:16,087 - DEBUG - Tick
2026-08-02 21:43:16,088 - DEBUG - Updating ship...
2026-08-02 21:43:16,091 - DEBUG - Updating music
2026-08-02 21:43:16,091 - DEBUG - Entered _check_music
2026-08-02 21:43:16,091 - DEBUG - Paused: False, Music Playing: True
2026-08-02 21:43:16,103 - DEBUG - Tick
2026-08-02 21:43:16,104 - DEBUG - Updating ship...
2026-08-02 21:43:16,107 - DEBUG - Updating music
2026-08-02 21:43:16,107 - DEBUG - Entered _check_music
2026-08-02 21:43:16,107 - DEBUG - Paused: False, Music Playing: True
2026-08-02 21:43:16,120 - DEBUG - Tick
2026-08-02 21:43:16,120 - DEBUG - Updating ship...
2026-08-02 21:43:16,124 - DEBUG - Updating music
2026-08-02 21:43:16,124 - DEBUG - Entered _check_music
2026-08-02 21:43:16,124 - DEBUG - Paused: False, Music Playing: True
2026-08-02 21:43:16,137 - DEBUG - Tick
2026-08-02 21:43:16,137 - DEBUG - Updating ship...
2026-08-02 21:43:16,141 - DEBUG - Updating music
2026-08-02 21:43:16,141 - DEBUG - Entered _check_music
2026-08-02 21:43:16,142 - DEBUG - Paused: False, Music Playing: True
2026-08-02 21:43:16,154 - DEBUG - Tick
2026-08-02 21:43:16,154 - DEBUG - Updating ship...
2026-08-02 21:43:16,157 - DEBUG - Updating music
2026-08-02 21:43:16,157 - DEBUG - Entered _check_music
2026-08-02 21:43:16,157 - DEBUG - Paused: False, Music Playing: True
2026-08-02 21:43:16,169 - DEBUG - Tick
2026-08-02 21:43:16,170 - DEBUG - Updating ship...
2026-08-02 21:43:16,173 - DEBUG - Updating music
2026-08-02 21:43:16,173 - DEBUG - Entered _check_music
2026-08-02 21:43:16,173 - DEBUG - Paused: False, Music Playing: True
2026-08-02 21:43:16,185 - DEBUG - Tick
2026-08-02 21:43:16,186 - DEBUG - Updating ship...
2026-08-02 21:43:16,189 - DEBUG - Updating music
2026-08-02 21:43:16,189 - DEBUG - Entered _check_music
2026-08-02 21:43:16,189 - DEBUG - Paused: False, Music Playing: True
2026-08-02 21:43:16,201 - DEBUG - Tick
2026-08-02 21:43:16,202 - DEBUG - Updating ship...
2026-08-02 21:43:16,205 - DEBUG - Updating music
2026-08-02 21:43:16,205 - DEBUG - Entered _check_music
2026-08-02 21:43:16,205 - DEBUG - Paused: False, Music Playing: True
2026-08-02 21:43:16,217 - DEBUG - Tick
2026-08-02 21:43:16,217 - DEBUG - Updating ship...
2026-08-02 21:43:16,220 - DEBUG - Updating music
2026-08-02 21:43:16,220 - DEBUG - Entered _check_music
2026-08-02 21:43:16,221 - DEBUG - Paused: False, Music Playing: True
2026-08-02 21:43:16,234 - DEBUG - Tick
2026-08-02 21:43:16,234 - DEBUG - Updating ship...
2026-08-02 21:43:16,237 - DEBUG - Updating music
2026-08-02 21:43:16,238 - DEBUG - Entered _check_music
2026-08-02 21:43:16,238 - DEBUG - Paused: False, Music Playing: True
2026-08-02 21:43:16,250 - DEBUG - Tick
2026-08-02 21:43:16,250 - DEBUG - Updating ship...
2026-08-02 21:43:16,253 - DEBUG - Updating music
2026-08-02 21:43:16,253 - DEBUG - Entered _check_music
2026-08-02 21:43:16,253 - DEBUG - Paused: False, Music Playing: True
2026-08-02 21:43:16,265 - DEBUG - Tick
2026-08-02 21:43:16,266 - DEBUG - Updating ship...
2026-08-02 21:43:16,269 - DEBUG - Updating music
2026-08-02 21:43:16,269 - DEBUG - Entered _check_music
2026-08-02 21:43:16,269 - DEBUG - Paused: False, Music Playing: True
2026-08-02 21:43:16,282 - DEBUG - Tick
2026-08-02 21:43:16,282 - DEBUG - Updating ship...
2026-08-02 21:43:16,285 - DEBUG - Updating music
2026-08-02 21:43:16,285 - DEBUG - Entered _check_music
2026-08-02 21:43:16,285 - DEBUG - Paused: False, Music Playing: True
2026-08-02 21:43:16,299 - DEBUG - Tick
2026-08-02 21:43:16,299 - DEBUG - Updating ship...
2026-08-02 21:43:16,302 - DEBUG - Updating music
2026-08-02 21:43:16,302 - DEBUG - Entered _check_music
2026-08-02 21:43:16,302 - DEBUG - Paused: False, Music Playing: True
2026-08-02 21:43:16,314 - DEBUG - Tick
2026-08-02 21:43:16,314 - DEBUG - Updating ship...
2026-08-02 21:43:16,318 - DEBUG - Updating music
2026-08-02 21:43:16,318 - DEBUG - Entered _check_music
2026-08-02 21:43:16,318 - DEBUG - Paused: False, Music Playing: True
2026-08-02 21:43:16,331 - DEBUG - Tick
2026-08-02 21:43:16,331 - DEBUG - Updating ship...
2026-08-02 21:43:16,334 - DEBUG - Updating music
2026-08-02 21:43:16,334 - DEBUG - Entered _check_music
2026-08-02 21:43:16,335 - DEBUG - Paused: False, Music Playing: True
2026-08-02 21:43:16,348 - DEBUG - Tick
2026-08-02 21:43:16,348 - DEBUG - Updating ship...
2026-08-02 21:43:16,351 - DEBUG - Updating music
2026-08-02 21:43:16,351 - DEBUG - Entered _check_music
2026-08-02 21:43:16,351 - DEBUG - Paused: False, Music Playing: True
2026-08-02 21:43:16,363 - DEBUG - Tick
2026-08-02 21:43:16,364 - DEBUG - Updating ship...
2026-08-02 21:43:16,367 - DEBUG - Updating music
2026-08-02 21:43:16,367 - DEBUG - Entered _check_music
2026-08-02 21:43:16,367 - DEBUG - Paused: False, Music Playing: True
2026-08-02 21:43:16,380 - DEBUG - Tick
2026-08-02 21:43:16,380 - DEBUG - Updating ship...
2026-08-02 21:43:16,383 - DEBUG - Updating music
2026-08-02 21:43:16,384 - DEBUG - Entered _check_music
2026-08-02 21:43:16,384 - DEBUG - Paused: False, Music Playing: True
2026-08-02 21:43:16,397 - DEBUG - Tick
2026-08-02 21:43:16,397 - DEBUG - Updating ship...
2026-08-02 21:43:16,400 - DEBUG - Updating music
2026-08-02 21:43:16,400 - DEBUG - Entered _check_music
2026-08-02 21:43:16,400 - DEBUG - Paused: False, Music Playing: True
2026-08-02 21:43:16,412 - DEBUG - Tick
2026-08-02 21:43:16,412 - DEBUG - Updating ship...
2026-08-02 21:43:16,415 - DEBUG - Updating music
2026-08-02 21:43:16,415 - DEBUG - Entered _check_music
2026-08-02 21:43:16,416 - DEBUG - Paused: False, Music Playing: True
2026-08-02 21:43:16,429 - DEBUG - Tick
2026-08-02 21:43:16,429 - DEBUG - Updating ship...
2026-08-02 21:43:16,432 - DEBUG - Updating music
2026-08-02 21:43:16,432 - DEBUG - Entered _check_music
2026-08-02 21:43:16,432 - DEBUG - Paused: False, Music Playing: True
2026-08-02 21:43:16,444 - DEBUG - Tick
2026-08-02 21:43:16,445 - DEBUG - Updating ship...
2026-08-02 21:43:16,448 - DEBUG - Updating music
2026-08-02 21:43:16,448 - DEBUG - Entered _check_music
2026-08-02 21:43:16,448 - DEBUG - Paused: False, Music Playing: True
2026-08-02 21:43:16,461 - DEBUG - Tick
2026-08-02 21:43:16,461 - DEBUG - Updating ship...
2026-08-02 21:43:16,464 - DEBUG - Updating music
2026-08-02 21:43:16,464 - DEBUG - Entered _check_music
2026-08-02 21:43:16,464 - DEBUG - Paused: False, Music Playing: True
2026-08-02 21:43:16,476 - DEBUG - Tick
2026-08-02 21:43:16,477 - DEBUG - Updating ship...
2026-08-02 21:43:16,480 - DEBUG - Updating music
2026-08-02 21:43:16,480 - DEBUG - Entered _check_music
2026-08-02 21:43:16,480 - DEBUG - Paused: False, Music Playing: True
2026-08-02 21:43:16,493 - DEBUG - Tick
2026-08-02 21:43:16,494 - DEBUG - Updating ship...
2026-08-02 21:43:16,496 - DEBUG - Updating music
2026-08-02 21:43:16,497 - DEBUG - Entered _check_music
2026-08-02 21:43:16,497 - DEBUG - Paused: False, Music Playing: True
2026-08-02 21:43:16,510 - DEBUG - Tick
2026-08-02 21:43:16,510 - DEBUG - Updating ship...
2026-08-02 21:43:16,513 - DEBUG - Updating music
2026-08-02 21:43:16,513 - DEBUG - Entered _check_music
2026-08-02 21:43:16,513 - DEBUG - Paused: False, Music Playing: True
2026-08-02 21:43:16,526 - DEBUG - Tick
2026-08-02 21:43:16,526 - DEBUG - Updating ship...
2026-08-02 21:43:16,529 - DEBUG - Updating music
2026-08-02 21:43:16,529 - DEBUG - Entered _check_music
2026-08-02 21:43:16,529 - DEBUG - Paused: False, Music Playing: True
2026-08-02 21:43:16,542 - DEBUG - Tick
2026-08-02 21:43:16,542 - DEBUG - Updating ship...
2026-08-02 21:43:16,545 - DEBUG - Updating music
2026-08-02 21:43:16,545 - DEBUG - Entered _check_music
2026-08-02 21:43:16,545 - DEBUG - Paused: False, Music Playing: True
2026-08-02 21:43:16,557 - DEBUG - Tick
2026-08-02 21:43:16,558 - DEBUG - Updating ship...
2026-08-02 21:43:16,561 - DEBUG - Updating music
2026-08-02 21:43:16,561 - DEBUG - Entered _check_music
2026-08-02 21:43:16,561 - DEBUG - Paused: False, Music Playing: True
2026-08-02 21:43:16,573 - DEBUG - Tick
2026-08-02 21:43:16,574 - DEBUG - Updating ship...
2026-08-02 21:43:16,577 - DEBUG - Updating music
2026-08-02 21:43:16,577 - DEBUG - Entered _check_music
2026-08-02 21:43:16,577 - DEBUG - Paused: False, Music Playing: True
2026-08-02 21:43:16,590 - DEBUG - Tick
2026-08-02 21:43:16,590 - DEBUG - Updating ship...
2026-08-02 21:43:16,593 - DEBUG - Updating music
2026-08-02 21:43:16,594 - DEBUG - Entered _check_music
2026-08-02 21:43:16,594 - DEBUG - Paused: False, Music Playing: True
2026-08-02 21:43:16,606 - DEBUG - Tick
2026-08-02 21:43:16,606 - DEBUG - Updating ship...
2026-08-02 21:43:16,609 - DEBUG - Updating music
2026-08-02 21:43:16,610 - DEBUG - Entered _check_music
2026-08-02 21:43:16,610 - DEBUG - Paused: False, Music Playing: True
2026-08-02 21:43:16,622 - DEBUG - Tick
2026-08-02 21:43:16,622 - DEBUG - Updating ship...
2026-08-02 21:43:16,625 - DEBUG - Updating music
2026-08-02 21:43:16,626 - DEBUG - Entered _check_music
2026-08-02 21:43:16,626 - DEBUG - Paused: False, Music Playing: True
2026-08-02 21:43:16,638 - DEBUG - Tick
2026-08-02 21:43:16,638 - DEBUG - Updating ship...
2026-08-02 21:43:16,641 - DEBUG - Updating music
2026-08-02 21:43:16,642 - DEBUG - Entered _check_music
2026-08-02 21:43:16,642 - DEBUG - Paused: False, Music Playing: True
2026-08-02 21:43:16,654 - DEBUG - Tick
2026-08-02 21:43:16,654 - DEBUG - Updating ship...
2026-08-02 21:43:16,657 - DEBUG - Updating music
2026-08-02 21:43:16,657 - DEBUG - Entered _check_music
2026-08-02 21:43:16,658 - DEBUG - Paused: False, Music Playing: True
2026-08-02 21:43:16,670 - DEBUG - Tick
2026-08-02 21:43:16,670 - DEBUG - Updating ship...
2026-08-02 21:43:16,673 - DEBUG - Updating music
2026-08-02 21:43:16,673 - DEBUG - Entered _check_music
2026-08-02 21:43:16,673 - DEBUG - Paused: False, Music Playing: True
2026-08-02 21:43:16,686 - DEBUG - Tick
2026-08-02 21:43:16,686 - DEBUG - Updating ship...
2026-08-02 21:43:16,689 - DEBUG - Updating music
2026-08-02 21:43:16,689 - DEBUG - Entered _check_music
2026-08-02 21:43:16,689 - DEBUG - Paused: False, Music Playing: True
2026-08-02 21:43:16,703 - DEBUG - Tick
2026-08-02 21:43:16,703 - DEBUG - Updating ship...
2026-08-02 21:43:16,705 - DEBUG - Updating music
2026-08-02 21:43:16,706 - DEBUG - Entered _check_music
2026-08-02 21:43:16,706 - DEBUG - Paused: False, Music Playing: True
2026-08-02 21:43:16,719 - DEBUG - Tick
2026-08-02 21:43:16,719 - DEBUG - Updating ship...
2026-08-02 21:43:16,722 - DEBUG - Updating music
2026-08-02 21:43:16,722 - DEBUG - Entered _check_music
2026-08-02 21:43:16,722 - DEBUG - Paused: False, Music Playing: True
2026-08-02 21:43:16,735 - DEBUG - Tick
2026-08-02 21:43:16,735 - DEBUG - Updating ship...
2026-08-02 21:43:16,738 - DEBUG - Updating music
2026-08-02 21:43:16,738 - DEBUG - Entered _check_music
2026-08-02 21:43:16,738 - DEBUG - Paused: False, Music Playing: True
2026-08-02 21:43:16,751 - DEBUG - Tick
2026-08-02 21:43:16,751 - DEBUG - Updating ship...
2026-08-02 21:43:16,754 - DEBUG - Updating music
2026-08-02 21:43:16,754 - DEBUG - Entered _check_music
2026-08-02 21:43:16,754 - DEBUG - Paused: False, Music Playing: True
2026-08-02 21:43:16,768 - DEBUG - Tick
2026-08-02 21:43:16,768 - DEBUG - Updating ship...
2026-08-02 21:43:16,771 - DEBUG - Updating music
2026-08-02 21:43:16,771 - DEBUG - Entered _check_music
2026-08-02 21:43:16,771 - DEBUG - Paused: False, Music Playing: True
2026-08-02 21:43:16,785 - DEBUG - Tick
2026-08-02 21:43:16,785 - DEBUG - Updating ship...
2026-08-02 21:43:16,788 - DEBUG - Updating music
2026-08-02 21:43:16,788 - DEBUG - Entered _check_music
2026-08-02 21:43:16,788 - DEBUG - Paused: False, Music Playing: True
2026-08-02 21:43:16,801 - DEBUG - Tick
2026-08-02 21:43:16,801 - DEBUG - Updating ship...
2026-08-02 21:43:16,804 - DEBUG - Updating music
2026-08-02 21:43:16,804 - DEBUG - Entered _check_music
2026-08-02 21:43:16,804 - DEBUG - Paused: False, Music Playing: True
2026-08-02 21:43:16,817 - DEBUG - Tick
2026-08-02 21:43:16,817 - DEBUG - Updating ship...
2026-08-02 21:43:16,820 - DEBUG - Updating music
2026-08-02 21:43:16,820 - DEBUG - Entered _check_music
2026-08-02 21:43:16,820 - DEBUG - Paused: False, Music Playing: True
2026-08-02 21:43:16,833 - DEBUG - Tick
2026-08-02 21:43:16,833 - DEBUG - Updating ship...
2026-08-02 21:43:16,836 - DEBUG - Updating music
2026-08-02 21:43:16,836 - DEBUG - Entered _check_music
2026-08-02 21:43:16,836 - DEBUG - Paused: False, Music Playing: True
2026-08-02 21:43:16,848 - DEBUG - Tick
2026-08-02 21:43:16,848 - DEBUG - Updating ship...
2026-08-02 21:43:16,851 - DEBUG - Updating music
2026-08-02 21:43:16,852 - DEBUG - Entered _check_music
2026-08-02 21:43:16,852 - DEBUG - Paused: False, Music Playing: True
2026-08-02 21:43:16,865 - DEBUG - Tick
2026-08-02 21:43:16,865 - DEBUG - Updating ship...
2026-08-02 21:43:16,868 - DEBUG - Updating music
2026-08-02 21:43:16,868 - DEBUG - Entered _check_music
2026-08-02 21:43:16,868 - DEBUG - Paused: False, Music Playing: True
2026-08-02 21:43:16,880 - DEBUG - Tick
2026-08-02 21:43:16,881 - DEBUG - Updating ship...
2026-08-02 21:43:16,883 - DEBUG - Updating music
2026-08-02 21:43:16,884 - DEBUG - Entered _check_music
2026-08-02 21:43:16,884 - DEBUG - Paused: False, Music Playing: True
2026-08-02 21:43:16,897 - DEBUG - Tick
2026-08-02 21:43:16,897 - DEBUG - Updating ship...
2026-08-02 21:43:16,900 - DEBUG - Updating music
2026-08-02 21:43:16,900 - DEBUG - Entered _check_music
2026-08-02 21:43:16,900 - DEBUG - Paused: False, Music Playing: True
2026-08-02 21:43:16,913 - DEBUG - Tick
2026-08-02 21:43:16,913 - DEBUG - Updating ship...
2026-08-02 21:43:16,916 - DEBUG - Updating music
2026-08-02 21:43:16,916 - DEBUG - Entered _check_music
2026-08-02 21:43:16,916 - DEBUG - Paused: False, Music Playing: True
2026-08-02 21:43:16,929 - DEBUG - Tick
2026-08-02 21:43:16,930 - DEBUG - Updating ship...
2026-08-02 21:43:16,932 - DEBUG - Updating music
2026-08-02 21:43:16,933 - DEBUG - Entered _check_music
2026-08-02 21:43:16,933 - DEBUG - Paused: False, Music Playing: True
2026-08-02 21:43:16,946 - DEBUG - Tick
2026-08-02 21:43:16,946 - DEBUG - Updating ship...
2026-08-02 21:43:16,949 - DEBUG - Updating music
2026-08-02 21:43:16,949 - DEBUG - Entered _check_music
2026-08-02 21:43:16,949 - DEBUG - Paused: False, Music Playing: True
2026-08-02 21:43:16,961 - DEBUG - Tick
2026-08-02 21:43:16,961 - DEBUG - Updating ship...
2026-08-02 21:43:16,965 - DEBUG - Updating music
2026-08-02 21:43:16,965 - DEBUG - Entered _check_music
2026-08-02 21:43:16,965 - DEBUG - Paused: False, Music Playing: True
2026-08-02 21:43:16,978 - DEBUG - Tick
2026-08-02 21:43:16,978 - DEBUG - Updating ship...
2026-08-02 21:43:16,981 - DEBUG - Updating music
2026-08-02 21:43:16,982 - DEBUG - Entered _check_music
2026-08-02 21:43:16,982 - DEBUG - Paused: False, Music Playing: True
2026-08-02 21:43:16,994 - DEBUG - Tick
2026-08-02 21:43:16,994 - DEBUG - Updating ship...
2026-08-02 21:43:16,997 - DEBUG - Updating music
2026-08-02 21:43:16,997 - DEBUG - Entered _check_music
2026-08-02 21:43:16,997 - DEBUG - Paused: False, Music Playing: True
2026-08-02 21:43:17,010 - DEBUG - Tick
2026-08-02 21:43:17,010 - DEBUG - Updating ship...
2026-08-02 21:43:17,013 - DEBUG - Updating music
2026-08-02 21:43:17,013 - DEBUG - Entered _check_music
2026-08-02 21:43:17,013 - DEBUG - Paused: False, Music Playing: True
2026-08-02 21:43:17,026 - DEBUG - Tick
2026-08-02 21:43:17,026 - DEBUG - Updating ship...
2026-08-02 21:43:17,029 - DEBUG - Updating music
2026-08-02 21:43:17,030 - DEBUG - Entered _check_music
2026-08-02 21:43:17,030 - DEBUG - Paused: False, Music Playing: True
2026-08-02 21:43:17,042 - DEBUG - Tick
2026-08-02 21:43:17,042 - DEBUG - Updating ship...
2026-08-02 21:43:17,045 - DEBUG - Updating music
2026-08-02 21:43:17,045 - DEBUG - Entered _check_music
2026-08-02 21:43:17,045 - DEBUG - Paused: False, Music Playing: True
2026-08-02 21:43:17,057 - DEBUG - Tick
2026-08-02 21:43:17,058 - DEBUG - Updating ship...
2026-08-02 21:43:17,061 - DEBUG - Updating music
2026-08-02 21:43:17,061 - DEBUG - Entered _check_music
2026-08-02 21:43:17,061 - DEBUG - Paused: False, Music Playing: True
2026-08-02 21:43:17,074 - DEBUG - Tick
2026-08-02 21:43:17,074 - DEBUG - Updating ship...
2026-08-02 21:43:17,078 - DEBUG - Updating music
2026-08-02 21:43:17,078 - DEBUG - Entered _check_music
2026-08-02 21:43:17,078 - DEBUG - Paused: False, Music Playing: True
2026-08-02 21:43:17,091 - DEBUG - Tick
2026-08-02 21:43:17,091 - DEBUG - Updating ship...
2026-08-02 21:43:17,094 - DEBUG - Updating music
2026-08-02 21:43:17,094 - DEBUG - Entered _check_music
2026-08-02 21:43:17,094 - DEBUG - Paused: False, Music Playing: True
2026-08-02 21:43:17,107 - DEBUG - Tick
2026-08-02 21:43:17,107 - DEBUG - Updating ship...
2026-08-02 21:43:17,110 - DEBUG - Updating music
2026-08-02 21:43:17,110 - DEBUG - Entered _check_music
2026-08-02 21:43:17,110 - DEBUG - Paused: False, Music Playing: True
2026-08-02 21:43:17,122 - DEBUG - Tick
2026-08-02 21:43:17,123 - DEBUG - Updating ship...
2026-08-02 21:43:17,126 - DEBUG - Updating music
2026-08-02 21:43:17,126 - DEBUG - Entered _check_music
2026-08-02 21:43:17,126 - DEBUG - Paused: False, Music Playing: True
2026-08-02 21:43:17,139 - DEBUG - Tick
2026-08-02 21:43:17,139 - DEBUG - Updating ship...
2026-08-02 21:43:17,142 - DEBUG - Updating music
2026-08-02 21:43:17,142 - DEBUG - Entered _check_music
2026-08-02 21:43:17,143 - DEBUG - Paused: False, Music Playing: True
2026-08-02 21:43:17,155 - DEBUG - Tick
2026-08-02 21:43:17,155 - DEBUG - Updating ship...
2026-08-02 21:43:17,158 - DEBUG - Updating music
2026-08-02 21:43:17,158 - DEBUG - Entered _check_music
2026-08-02 21:43:17,158 - DEBUG - Paused: False, Music Playing: True
2026-08-02 21:43:17,170 - DEBUG - Tick
2026-08-02 21:43:17,170 - DEBUG - Updating ship...
2026-08-02 21:43:17,173 - DEBUG - Updating music
2026-08-02 21:43:17,173 - DEBUG - Entered _check_music
2026-08-02 21:43:17,173 - DEBUG - Paused: False, Music Playing: True
2026-08-02 21:43:17,187 - DEBUG - Tick
2026-08-02 21:43:17,187 - DEBUG - Updating ship...
2026-08-02 21:43:17,190 - DEBUG - Updating music
2026-08-02 21:43:17,190 - DEBUG - Entered _check_music
2026-08-02 21:43:17,190 - DEBUG - Paused: False, Music Playing: True
2026-08-02 21:43:17,203 - DEBUG - Tick
2026-08-02 21:43:17,203 - DEBUG - Updating ship...
2026-08-02 21:43:17,206 - DEBUG - Updating music
2026-08-02 21:43:17,206 - DEBUG - Entered _check_music
2026-08-02 21:43:17,206 - DEBUG - Paused: False, Music Playing: True
2026-08-02 21:43:17,218 - DEBUG - Tick
2026-08-02 21:43:17,218 - DEBUG - Updating ship...
2026-08-02 21:43:17,221 - DEBUG - Updating music
2026-08-02 21:43:17,222 - DEBUG - Entered _check_music
2026-08-02 21:43:17,222 - DEBUG - Paused: False, Music Playing: True
2026-08-02 21:43:17,235 - DEBUG - Tick
2026-08-02 21:43:17,235 - DEBUG - Updating ship...
2026-08-02 21:43:17,238 - DEBUG - Updating music
2026-08-02 21:43:17,238 - DEBUG - Entered _check_music
2026-08-02 21:43:17,238 - DEBUG - Paused: False, Music Playing: True
2026-08-02 21:43:17,251 - DEBUG - Tick
2026-08-02 21:43:17,251 - DEBUG - Updating ship...
2026-08-02 21:43:17,253 - DEBUG - Updating music
2026-08-02 21:43:17,253 - DEBUG - Entered _check_music
2026-08-02 21:43:17,253 - DEBUG - Paused: False, Music Playing: True
2026-08-02 21:43:17,267 - DEBUG - Tick
2026-08-02 21:43:17,267 - DEBUG - Updating ship...
2026-08-02 21:43:17,270 - DEBUG - Updating music
2026-08-02 21:43:17,270 - DEBUG - Entered _check_music
2026-08-02 21:43:17,270 - DEBUG - Paused: False, Music Playing: True
2026-08-02 21:43:17,282 - DEBUG - Tick
2026-08-02 21:43:17,282 - DEBUG - Updating ship...
2026-08-02 21:43:17,285 - DEBUG - Updating music
2026-08-02 21:43:17,285 - DEBUG - Entered _check_music
2026-08-02 21:43:17,286 - DEBUG - Paused: False, Music Playing: True
2026-08-02 21:43:17,299 - DEBUG - Tick
2026-08-02 21:43:17,299 - DEBUG - Updating ship...
2026-08-02 21:43:17,301 - DEBUG - Updating music
2026-08-02 21:43:17,302 - DEBUG - Entered _check_music
2026-08-02 21:43:17,302 - DEBUG - Paused: False, Music Playing: True
2026-08-02 21:43:17,315 - DEBUG - Tick
2026-08-02 21:43:17,315 - DEBUG - Updating ship...
2026-08-02 21:43:17,318 - DEBUG - Updating music
2026-08-02 21:43:17,318 - DEBUG - Entered _check_music
2026-08-02 21:43:17,318 - DEBUG - Paused: False, Music Playing: True
2026-08-02 21:43:17,331 - DEBUG - Tick
2026-08-02 21:43:17,331 - DEBUG - Updating ship...
2026-08-02 21:43:17,334 - DEBUG - Updating music
2026-08-02 21:43:17,334 - DEBUG - Entered _check_music
2026-08-02 21:43:17,334 - DEBUG - Paused: False, Music Playing: True
2026-08-02 21:43:17,348 - DEBUG - Tick
2026-08-02 21:43:17,348 - DEBUG - Updating ship...
2026-08-02 21:43:17,352 - DEBUG - Updating music
2026-08-02 21:43:17,352 - DEBUG - Entered _check_music
2026-08-02 21:43:17,352 - DEBUG - Paused: False, Music Playing: True
2026-08-02 21:43:17,364 - DEBUG - Tick
2026-08-02 21:43:17,364 - DEBUG - Updating ship...
2026-08-02 21:43:17,367 - DEBUG - Updating music
2026-08-02 21:43:17,367 - DEBUG - Entered _check_music
2026-08-02 21:43:17,367 - DEBUG - Paused: False, Music Playing: True
2026-08-02 21:43:17,381 - DEBUG - Tick
2026-08-02 21:43:17,381 - DEBUG - Updating ship...
2026-08-02 21:43:17,384 - DEBUG - Updating music
2026-08-02 21:43:17,384 - DEBUG - Entered _check_music
2026-08-02 21:43:17,384 - DEBUG - Paused: False, Music Playing: True
2026-08-02 21:43:17,398 - DEBUG - Tick
2026-08-02 21:43:17,398 - DEBUG - Updating ship...
2026-08-02 21:43:17,401 - DEBUG - Updating music
2026-08-02 21:43:17,401 - DEBUG - Entered _check_music
2026-08-02 21:43:17,401 - DEBUG - Paused: False, Music Playing: True
2026-08-02 21:43:17,414 - DEBUG - Tick
2026-08-02 21:43:17,414 - DEBUG - Updating ship...
2026-08-02 21:43:17,417 - DEBUG - Updating music
2026-08-02 21:43:17,417 - DEBUG - Entered _check_music
2026-08-02 21:43:17,417 - DEBUG - Paused: False, Music Playing: True
2026-08-02 21:43:17,431 - DEBUG - Tick
2026-08-02 21:43:17,431 - DEBUG - Updating ship...
2026-08-02 21:43:17,434 - DEBUG - Updating music
2026-08-02 21:43:17,434 - DEBUG - Entered _check_music
2026-08-02 21:43:17,434 - DEBUG - Paused: False, Music Playing: True
2026-08-02 21:43:17,446 - DEBUG - Tick
2026-08-02 21:43:17,447 - DEBUG - Updating ship...
2026-08-02 21:43:17,450 - DEBUG - Updating music
2026-08-02 21:43:17,450 - DEBUG - Entered _check_music
2026-08-02 21:43:17,450 - DEBUG - Paused: False, Music Playing: True
2026-08-02 21:43:17,463 - DEBUG - Tick
2026-08-02 21:43:17,463 - DEBUG - Updating ship...
2026-08-02 21:43:17,466 - DEBUG - Updating music
2026-08-02 21:43:17,466 - DEBUG - Entered _check_music
2026-08-02 21:43:17,466 - DEBUG - Paused: False, Music Playing: True
2026-08-02 21:43:17,480 - DEBUG - Tick
2026-08-02 21:43:17,480 - DEBUG - Updating ship...
2026-08-02 21:43:17,483 - DEBUG - Updating music
2026-08-02 21:43:17,483 - DEBUG - Entered _check_music
2026-08-02 21:43:17,483 - DEBUG - Paused: False, Music Playing: True
2026-08-02 21:43:17,495 - DEBUG - Tick
2026-08-02 21:43:17,496 - DEBUG - Updating ship...
2026-08-02 21:43:17,498 - DEBUG - Updating music
2026-08-02 21:43:17,498 - DEBUG - Entered _check_music
2026-08-02 21:43:17,499 - DEBUG - Paused: False, Music Playing: True
2026-08-02 21:43:17,512 - DEBUG - Tick
2026-08-02 21:43:17,512 - DEBUG - Updating ship...
2026-08-02 21:43:17,515 - DEBUG - Updating music
2026-08-02 21:43:17,515 - DEBUG - Entered _check_music
2026-08-02 21:43:17,515 - DEBUG - Paused: False, Music Playing: True
2026-08-02 21:43:17,527 - DEBUG - Tick
2026-08-02 21:43:17,528 - DEBUG - Updating ship...
2026-08-02 21:43:17,531 - DEBUG - Updating music
2026-08-02 21:43:17,531 - DEBUG - Entered _check_music
2026-08-02 21:43:17,531 - DEBUG - Paused: False, Music Playing: True
2026-08-02 21:43:17,544 - DEBUG - Tick
2026-08-02 21:43:17,544 - DEBUG - Updating ship...
2026-08-02 21:43:17,547 - DEBUG - Updating music
2026-08-02 21:43:17,547 - DEBUG - Entered _check_music
2026-08-02 21:43:17,547 - DEBUG - Paused: False, Music Playing: True
2026-08-02 21:43:17,561 - DEBUG - Tick
2026-08-02 21:43:17,561 - DEBUG - Updating ship...
2026-08-02 21:43:17,564 - DEBUG - Updating music
2026-08-02 21:43:17,564 - DEBUG - Entered _check_music
2026-08-02 21:43:17,564 - DEBUG - Paused: False, Music Playing: True
2026-08-02 21:43:17,576 - DEBUG - Tick
2026-08-02 21:43:17,577 - DEBUG - Updating ship...
2026-08-02 21:43:17,581 - DEBUG - Updating music
2026-08-02 21:43:17,581 - DEBUG - Entered _check_music
2026-08-02 21:43:17,581 - DEBUG - Paused: False, Music Playing: True
2026-08-02 21:43:17,593 - DEBUG - Tick
2026-08-02 21:43:17,593 - DEBUG - Updating ship...
2026-08-02 21:43:17,596 - DEBUG - Updating music
2026-08-02 21:43:17,596 - DEBUG - Entered _check_music
2026-08-02 21:43:17,596 - DEBUG - Paused: False, Music Playing: True
2026-08-02 21:43:17,609 - DEBUG - Tick
2026-08-02 21:43:17,609 - DEBUG - Updating ship...
2026-08-02 21:43:17,612 - DEBUG - Updating music
2026-08-02 21:43:17,612 - DEBUG - Entered _check_music
2026-08-02 21:43:17,612 - DEBUG - Paused: False, Music Playing: True
2026-08-02 21:43:17,624 - DEBUG - Tick
2026-08-02 21:43:17,624 - DEBUG - Updating ship...
2026-08-02 21:43:17,627 - DEBUG - Updating music
2026-08-02 21:43:17,628 - DEBUG - Entered _check_music
2026-08-02 21:43:17,628 - DEBUG - Paused: False, Music Playing: True
2026-08-02 21:43:17,641 - DEBUG - Tick
2026-08-02 21:43:17,641 - DEBUG - Updating ship...
2026-08-02 21:43:17,644 - DEBUG - Updating music
2026-08-02 21:43:17,644 - DEBUG - Entered _check_music
2026-08-02 21:43:17,644 - DEBUG - Paused: False, Music Playing: True
2026-08-02 21:43:17,657 - DEBUG - Tick
2026-08-02 21:43:17,657 - DEBUG - Updating ship...
2026-08-02 21:43:17,661 - DEBUG - Updating music
2026-08-02 21:43:17,661 - DEBUG - Entered _check_music
2026-08-02 21:43:17,661 - DEBUG - Paused: False, Music Playing: True
2026-08-02 21:43:17,673 - DEBUG - Tick
2026-08-02 21:43:17,673 - DEBUG - Updating ship...
2026-08-02 21:43:17,676 - DEBUG - Updating music
2026-08-02 21:43:17,676 - DEBUG - Entered _check_music
2026-08-02 21:43:17,676 - DEBUG - Paused: False, Music Playing: True
2026-08-02 21:43:17,689 - DEBUG - Tick
2026-08-02 21:43:17,689 - DEBUG - Updating ship...
2026-08-02 21:43:17,692 - DEBUG - Updating music
2026-08-02 21:43:17,692 - DEBUG - Entered _check_music
2026-08-02 21:43:17,692 - DEBUG - Paused: False, Music Playing: True
2026-08-02 21:43:17,705 - DEBUG - Tick
2026-08-02 21:43:17,705 - DEBUG - Updating ship...
2026-08-02 21:43:17,708 - DEBUG - Updating music
2026-08-02 21:43:17,708 - DEBUG - Entered _check_music
2026-08-02 21:43:17,708 - DEBUG - Paused: False, Music Playing: True
2026-08-02 21:43:17,720 - DEBUG - Tick
2026-08-02 21:43:17,720 - DEBUG - Updating ship...
2026-08-02 21:43:17,723 - DEBUG - Updating music
2026-08-02 21:43:17,723 - DEBUG - Entered _check_music
2026-08-02 21:43:17,724 - DEBUG - Paused: False, Music Playing: True
2026-08-02 21:43:17,737 - DEBUG - Tick
2026-08-02 21:43:17,737 - DEBUG - Updating ship...
2026-08-02 21:43:17,740 - DEBUG - Updating music
2026-08-02 21:43:17,740 - DEBUG - Entered _check_music
2026-08-02 21:43:17,740 - DEBUG - Paused: False, Music Playing: True
2026-08-02 21:43:17,753 - DEBUG - Tick
2026-08-02 21:43:17,753 - DEBUG - Updating ship...
2026-08-02 21:43:17,756 - DEBUG - Updating music
2026-08-02 21:43:17,756 - DEBUG - Entered _check_music
2026-08-02 21:43:17,756 - DEBUG - Paused: False, Music Playing: True
2026-08-02 21:43:17,768 - DEBUG - Tick
2026-08-02 21:43:17,768 - DEBUG - Updating ship...
2026-08-02 21:43:17,771 - DEBUG - Updating music
2026-08-02 21:43:17,771 - DEBUG - Entered _check_music
2026-08-02 21:43:17,771 - DEBUG - Paused: False, Music Playing: True
2026-08-02 21:43:17,784 - DEBUG - Tick
2026-08-02 21:43:17,784 - DEBUG - Updating ship...
2026-08-02 21:43:17,787 - DEBUG - Updating music
2026-08-02 21:43:17,787 - DEBUG - Entered _check_music
2026-08-02 21:43:17,787 - DEBUG - Paused: False, Music Playing: True
2026-08-02 21:43:17,801 - DEBUG - Tick
2026-08-02 21:43:17,801 - DEBUG - Updating ship...
2026-08-02 21:43:17,804 - DEBUG - Updating music
2026-08-02 21:43:17,804 - DEBUG - Entered _check_music
2026-08-02 21:43:17,804 - DEBUG - Paused: False, Music Playing: True
2026-08-02 21:43:17,817 - DEBUG - Tick
2026-08-02 21:43:17,817 - DEBUG - Updating ship...
2026-08-02 21:43:17,820 - DEBUG - Updating music
2026-08-02 21:43:17,820 - DEBUG - Entered _check_music
2026-08-02 21:43:17,820 - DEBUG - Paused: False, Music Playing: True
2026-08-02 21:43:17,833 - DEBUG - Tick
2026-08-02 21:43:17,833 - DEBUG - Updating ship...
2026-08-02 21:43:17,836 - DEBUG - Updating music
2026-08-02 21:43:17,836 - DEBUG - Entered _check_music
2026-08-02 21:43:17,836 - DEBUG - Paused: False, Music Playing: True
2026-08-02 21:43:17,848 - DEBUG - Tick
2026-08-02 21:43:17,849 - DEBUG - Updating ship...
2026-08-02 21:43:17,851 - DEBUG - Updating music
2026-08-02 21:43:17,851 - DEBUG - Entered _check_music
2026-08-02 21:43:17,851 - DEBUG - Paused: False, Music Playing: True
2026-08-02 21:43:17,865 - DEBUG - Tick
2026-08-02 21:43:17,865 - DEBUG - Updating ship...
2026-08-02 21:43:17,868 - DEBUG - Updating music
2026-08-02 21:43:17,868 - DEBUG - Entered _check_music
2026-08-02 21:43:17,868 - DEBUG - Paused: False, Music Playing: True
2026-08-02 21:43:17,881 - DEBUG - Tick
2026-08-02 21:43:17,881 - DEBUG - Updating ship...
2026-08-02 21:43:17,884 - DEBUG - Updating music
2026-08-02 21:43:17,884 - DEBUG - Entered _check_music
2026-08-02 21:43:17,884 - DEBUG - Paused: False, Music Playing: True
2026-08-02 21:43:17,897 - DEBUG - Tick
2026-08-02 21:43:17,897 - DEBUG - Updating ship...
2026-08-02 21:43:17,900 - DEBUG - Updating music
2026-08-02 21:43:17,900 - DEBUG - Entered _check_music
2026-08-02 21:43:17,900 - DEBUG - Paused: False, Music Playing: True
2026-08-02 21:43:17,913 - DEBUG - Tick
2026-08-02 21:43:17,913 - DEBUG - Updating ship...
2026-08-02 21:43:17,916 - DEBUG - Updating music
2026-08-02 21:43:17,916 - DEBUG - Entered _check_music
2026-08-02 21:43:17,916 - DEBUG - Paused: False, Music Playing: True
2026-08-02 21:43:17,928 - DEBUG - Tick
2026-08-02 21:43:17,929 - DEBUG - Updating ship...
2026-08-02 21:43:17,932 - DEBUG - Updating music
2026-08-02 21:43:17,932 - DEBUG - Entered _check_music
2026-08-02 21:43:17,932 - DEBUG - Paused: False, Music Playing: True
2026-08-02 21:43:17,945 - DEBUG - Tick
2026-08-02 21:43:17,945 - DEBUG - Updating ship...
2026-08-02 21:43:17,948 - DEBUG - Updating music
2026-08-02 21:43:17,948 - DEBUG - Entered _check_music
2026-08-02 21:43:17,948 - DEBUG - Paused: False, Music Playing: True
2026-08-02 21:43:17,961 - DEBUG - Tick
2026-08-02 21:43:17,961 - DEBUG - Updating ship...
2026-08-02 21:43:17,964 - DEBUG - Updating music
2026-08-02 21:43:17,964 - DEBUG - Entered _check_music
2026-08-02 21:43:17,964 - DEBUG - Paused: False, Music Playing: True
2026-08-02 21:43:17,976 - DEBUG - Tick
2026-08-02 21:43:17,976 - DEBUG - Updating ship...
2026-08-02 21:43:17,980 - DEBUG - Updating music
2026-08-02 21:43:17,980 - DEBUG - Entered _check_music
2026-08-02 21:43:17,980 - DEBUG - Paused: False, Music Playing: True
2026-08-02 21:43:17,993 - DEBUG - Tick
2026-08-02 21:43:17,993 - DEBUG - Updating ship...
2026-08-02 21:43:17,996 - DEBUG - Updating music
2026-08-02 21:43:17,996 - DEBUG - Entered _check_music
2026-08-02 21:43:17,996 - DEBUG - Paused: False, Music Playing: True
2026-08-02 21:43:18,009 - DEBUG - Tick
2026-08-02 21:43:18,009 - DEBUG - Updating ship...
2026-08-02 21:43:18,012 - DEBUG - Updating music
2026-08-02 21:43:18,013 - DEBUG - Entered _check_music
2026-08-02 21:43:18,013 - DEBUG - Paused: False, Music Playing: True
2026-08-02 21:43:18,025 - DEBUG - Tick
2026-08-02 21:43:18,025 - DEBUG - Updating ship...
2026-08-02 21:43:18,028 - DEBUG - Updating music
2026-08-02 21:43:18,028 - DEBUG - Entered _check_music
2026-08-02 21:43:18,028 - DEBUG - Paused: False, Music Playing: True
2026-08-02 21:43:18,041 - DEBUG - Tick
2026-08-02 21:43:18,041 - DEBUG - Updating ship...
2026-08-02 21:43:18,044 - DEBUG - Updating music
2026-08-02 21:43:18,044 - DEBUG - Entered _check_music
2026-08-02 21:43:18,044 - DEBUG - Paused: False, Music Playing: True
2026-08-02 21:43:18,056 - DEBUG - Tick
2026-08-02 21:43:18,057 - DEBUG - Updating ship...
2026-08-02 21:43:18,060 - DEBUG - Updating music
2026-08-02 21:43:18,060 - DEBUG - Entered _check_music
2026-08-02 21:43:18,060 - DEBUG - Paused: False, Music Playing: True
2026-08-02 21:43:18,073 - DEBUG - Tick
2026-08-02 21:43:18,073 - DEBUG - Updating ship...
2026-08-02 21:43:18,076 - DEBUG - Updating music
2026-08-02 21:43:18,076 - DEBUG - Entered _check_music
2026-08-02 21:43:18,077 - DEBUG - Paused: False, Music Playing: True
2026-08-02 21:43:18,089 - DEBUG - Tick
2026-08-02 21:43:18,089 - DEBUG - Updating ship...
2026-08-02 21:43:18,092 - DEBUG - Updating music
2026-08-02 21:43:18,092 - DEBUG - Entered _check_music
2026-08-02 21:43:18,092 - DEBUG - Paused: False, Music Playing: True
2026-08-02 21:43:18,104 - DEBUG - Tick
2026-08-02 21:43:18,105 - DEBUG - Updating ship...
2026-08-02 21:43:18,107 - DEBUG - Updating music
2026-08-02 21:43:18,108 - DEBUG - Entered _check_music
2026-08-02 21:43:18,108 - DEBUG - Paused: False, Music Playing: True
2026-08-02 21:43:18,121 - DEBUG - Tick
2026-08-02 21:43:18,121 - DEBUG - Updating ship...
2026-08-02 21:43:18,124 - DEBUG - Updating music
2026-08-02 21:43:18,124 - DEBUG - Entered _check_music
2026-08-02 21:43:18,124 - DEBUG - Paused: False, Music Playing: True
2026-08-02 21:43:18,137 - DEBUG - Tick
2026-08-02 21:43:18,137 - DEBUG - Updating ship...
2026-08-02 21:43:18,140 - DEBUG - Updating music
2026-08-02 21:43:18,140 - DEBUG - Entered _check_music
2026-08-02 21:43:18,140 - DEBUG - Paused: False, Music Playing: True
2026-08-02 21:43:18,152 - DEBUG - Tick
2026-08-02 21:43:18,152 - DEBUG - Updating ship...
2026-08-02 21:43:18,155 - DEBUG - Updating music
2026-08-02 21:43:18,155 - DEBUG - Entered _check_music
2026-08-02 21:43:18,155 - DEBUG - Paused: False, Music Playing: True
2026-08-02 21:43:18,168 - DEBUG - Tick
2026-08-02 21:43:18,169 - DEBUG - Updating ship...
2026-08-02 21:43:18,171 - DEBUG - Updating music
2026-08-02 21:43:18,171 - DEBUG - Entered _check_music
2026-08-02 21:43:18,172 - DEBUG - Paused: False, Music Playing: True
2026-08-02 21:43:18,185 - DEBUG - Tick
2026-08-02 21:43:18,185 - DEBUG - Updating ship...
2026-08-02 21:43:18,188 - DEBUG - Updating music
2026-08-02 21:43:18,188 - DEBUG - Entered _check_music
2026-08-02 21:43:18,188 - DEBUG - Paused: False, Music Playing: True
2026-08-02 21:43:18,200 - DEBUG - Tick
2026-08-02 21:43:18,201 - DEBUG - Updating ship...
2026-08-02 21:43:18,203 - DEBUG - Updating music
2026-08-02 21:43:18,204 - DEBUG - Entered _check_music
2026-08-02 21:43:18,204 - DEBUG - Paused: False, Music Playing: True
2026-08-02 21:43:18,217 - DEBUG - Tick
2026-08-02 21:43:18,217 - DEBUG - Updating ship...
2026-08-02 21:43:18,220 - DEBUG - Updating music
2026-08-02 21:43:18,220 - DEBUG - Entered _check_music
2026-08-02 21:43:18,220 - DEBUG - Paused: False, Music Playing: True
2026-08-02 21:43:18,233 - DEBUG - Tick
2026-08-02 21:43:18,233 - DEBUG - Updating ship...
2026-08-02 21:43:18,236 - DEBUG - Updating music
2026-08-02 21:43:18,236 - DEBUG - Entered _check_music
2026-08-02 21:43:18,236 - DEBUG - Paused: False, Music Playing: True
2026-08-02 21:43:18,250 - DEBUG - Tick
2026-08-02 21:43:18,250 - DEBUG - Updating ship...
2026-08-02 21:43:18,252 - DEBUG - Updating music
2026-08-02 21:43:18,252 - DEBUG - Entered _check_music
2026-08-02 21:43:18,252 - DEBUG - Paused: False, Music Playing: True
2026-08-02 21:43:18,265 - DEBUG - Tick
2026-08-02 21:43:18,266 - DEBUG - Updating ship...
2026-08-02 21:43:18,268 - DEBUG - Updating music
2026-08-02 21:43:18,268 - DEBUG - Entered _check_music
2026-08-02 21:43:18,269 - DEBUG - Paused: False, Music Playing: True
2026-08-02 21:43:18,282 - DEBUG - Tick
2026-08-02 21:43:18,282 - DEBUG - Updating ship...
2026-08-02 21:43:18,285 - DEBUG - Updating music
2026-08-02 21:43:18,285 - DEBUG - Entered _check_music
2026-08-02 21:43:18,285 - DEBUG - Paused: False, Music Playing: True
2026-08-02 21:43:18,298 - DEBUG - Tick
2026-08-02 21:43:18,298 - DEBUG - Updating ship...
2026-08-02 21:43:18,301 - DEBUG - Updating music
2026-08-02 21:43:18,301 - DEBUG - Entered _check_music
2026-08-02 21:43:18,301 - DEBUG - Paused: False, Music Playing: True
2026-08-02 21:43:18,314 - DEBUG - Tick
2026-08-02 21:43:18,314 - DEBUG - Updating ship...
2026-08-02 21:43:18,317 - DEBUG - Updating music
2026-08-02 21:43:18,318 - DEBUG - Entered _check_music
2026-08-02 21:43:18,318 - DEBUG - Paused: False, Music Playing: True
2026-08-02 21:43:18,331 - DEBUG - Tick
2026-08-02 21:43:18,331 - DEBUG - Updating ship...
2026-08-02 21:43:18,334 - DEBUG - Updating music
2026-08-02 21:43:18,334 - DEBUG - Entered _check_music
2026-08-02 21:43:18,334 - DEBUG - Paused: False, Music Playing: True
2026-08-02 21:43:18,346 - DEBUG - Tick
2026-08-02 21:43:18,347 - DEBUG - Updating ship...
2026-08-02 21:43:18,350 - DEBUG - Updating music
2026-08-02 21:43:18,350 - DEBUG - Entered _check_music
2026-08-02 21:43:18,350 - DEBUG - Paused: False, Music Playing: True
2026-08-02 21:43:18,363 - DEBUG - Tick
2026-08-02 21:43:18,363 - DEBUG - Updating ship...
2026-08-02 21:43:18,366 - DEBUG - Updating music
2026-08-02 21:43:18,367 - DEBUG - Entered _check_music
2026-08-02 21:43:18,367 - DEBUG - Paused: False, Music Playing: True
2026-08-02 21:43:18,381 - DEBUG - Tick
2026-08-02 21:43:18,381 - DEBUG - Updating ship...
2026-08-02 21:43:18,384 - DEBUG - Updating music
2026-08-02 21:43:18,384 - DEBUG - Entered _check_music
2026-08-02 21:43:18,385 - DEBUG - Paused: False, Music Playing: True
2026-08-02 21:43:18,397 - DEBUG - Tick
2026-08-02 21:43:18,397 - DEBUG - Updating ship...
2026-08-02 21:43:18,400 - DEBUG - Updating music
2026-08-02 21:43:18,400 - DEBUG - Entered _check_music
2026-08-02 21:43:18,400 - DEBUG - Paused: False, Music Playing: True
2026-08-02 21:43:18,412 - DEBUG - Tick
2026-08-02 21:43:18,412 - DEBUG - Updating ship...
2026-08-02 21:43:18,415 - DEBUG - Updating music
2026-08-02 21:43:18,415 - DEBUG - Entered _check_music
2026-08-02 21:43:18,415 - DEBUG - Paused: False, Music Playing: True
2026-08-02 21:43:18,428 - DEBUG - Tick
2026-08-02 21:43:18,429 - DEBUG - Updating ship...
2026-08-02 21:43:18,431 - DEBUG - Updating music
2026-08-02 21:43:18,431 - DEBUG - Entered _check_music
2026-08-02 21:43:18,431 - DEBUG - Paused: False, Music Playing: True
2026-08-02 21:43:18,445 - DEBUG - Tick
2026-08-02 21:43:18,445 - DEBUG - Updating ship...
2026-08-02 21:43:18,448 - DEBUG - Updating music
2026-08-02 21:43:18,448 - DEBUG - Entered _check_music
2026-08-02 21:43:18,448 - DEBUG - Paused: False, Music Playing: True
2026-08-02 21:43:18,460 - DEBUG - Tick
2026-08-02 21:43:18,461 - DEBUG - Updating ship...
2026-08-02 21:43:18,464 - DEBUG - Updating music
2026-08-02 21:43:18,464 - DEBUG - Entered _check_music
2026-08-02 21:43:18,464 - DEBUG - Paused: False, Music Playing: True
2026-08-02 21:43:18,476 - DEBUG - Tick
2026-08-02 21:43:18,477 - DEBUG - Updating ship...
2026-08-02 21:43:18,480 - DEBUG - Updating music
2026-08-02 21:43:18,480 - DEBUG - Entered _check_music
2026-08-02 21:43:18,480 - DEBUG - Paused: False, Music Playing: True
2026-08-02 21:43:18,493 - DEBUG - Tick
2026-08-02 21:43:18,493 - DEBUG - Updating ship...
2026-08-02 21:43:18,496 - DEBUG - Updating music
2026-08-02 21:43:18,496 - DEBUG - Entered _check_music
2026-08-02 21:43:18,497 - DEBUG - Paused: False, Music Playing: True
2026-08-02 21:43:18,510 - DEBUG - Tick
2026-08-02 21:43:18,510 - DEBUG - Updating ship...
2026-08-02 21:43:18,513 - DEBUG - Updating music
2026-08-02 21:43:18,513 - DEBUG - Entered _check_music
2026-08-02 21:43:18,513 - DEBUG - Paused: False, Music Playing: True
2026-08-02 21:43:18,526 - DEBUG - Tick
2026-08-02 21:43:18,526 - DEBUG - Updating ship...
2026-08-02 21:43:18,529 - DEBUG - Updating music
2026-08-02 21:43:18,529 - DEBUG - Entered _check_music
2026-08-02 21:43:18,529 - DEBUG - Paused: False, Music Playing: True
2026-08-02 21:43:18,541 - DEBUG - Tick
2026-08-02 21:43:18,542 - DEBUG - Updating ship...
2026-08-02 21:43:18,545 - DEBUG - Updating music
2026-08-02 21:43:18,545 - DEBUG - Entered _check_music
2026-08-02 21:43:18,545 - DEBUG - Paused: False, Music Playing: True
2026-08-02 21:43:18,558 - DEBUG - Tick
2026-08-02 21:43:18,558 - DEBUG - Updating ship...
2026-08-02 21:43:18,562 - DEBUG - Updating music
2026-08-02 21:43:18,562 - DEBUG - Entered _check_music
2026-08-02 21:43:18,562 - DEBUG - Paused: False, Music Playing: True
2026-08-02 21:43:18,574 - DEBUG - Tick
2026-08-02 21:43:18,574 - DEBUG - Updating ship...
2026-08-02 21:43:18,577 - DEBUG - Updating music
2026-08-02 21:43:18,577 - DEBUG - Entered _check_music
2026-08-02 21:43:18,578 - DEBUG - Paused: False, Music Playing: True
2026-08-02 21:43:18,590 - DEBUG - Tick
2026-08-02 21:43:18,590 - DEBUG - Updating ship...
2026-08-02 21:43:18,593 - DEBUG - Updating music
2026-08-02 21:43:18,593 - DEBUG - Entered _check_music
2026-08-02 21:43:18,593 - DEBUG - Paused: False, Music Playing: True
2026-08-02 21:43:18,606 - DEBUG - Tick
2026-08-02 21:43:18,606 - DEBUG - Updating ship...
2026-08-02 21:43:18,609 - DEBUG - Updating music
2026-08-02 21:43:18,609 - DEBUG - Entered _check_music
2026-08-02 21:43:18,609 - DEBUG - Paused: False, Music Playing: True
2026-08-02 21:43:18,621 - DEBUG - Tick
2026-08-02 21:43:18,622 - DEBUG - Updating ship...
2026-08-02 21:43:18,625 - DEBUG - Updating music
2026-08-02 21:43:18,625 - DEBUG - Entered _check_music
2026-08-02 21:43:18,625 - DEBUG - Paused: False, Music Playing: True
2026-08-02 21:43:18,638 - DEBUG - Tick
2026-08-02 21:43:18,638 - DEBUG - Updating ship...
2026-08-02 21:43:18,641 - DEBUG - Updating music
2026-08-02 21:43:18,641 - DEBUG - Entered _check_music
2026-08-02 21:43:18,642 - DEBUG - Paused: False, Music Playing: True
2026-08-02 21:43:18,655 - DEBUG - Tick
2026-08-02 21:43:18,655 - DEBUG - Updating ship...
2026-08-02 21:43:18,658 - DEBUG - Updating music
2026-08-02 21:43:18,658 - DEBUG - Entered _check_music
2026-08-02 21:43:18,658 - DEBUG - Paused: False, Music Playing: True
2026-08-02 21:43:18,670 - DEBUG - Tick
2026-08-02 21:43:18,671 - DEBUG - Updating ship...
2026-08-02 21:43:18,674 - DEBUG - Updating music
2026-08-02 21:43:18,674 - DEBUG - Entered _check_music
2026-08-02 21:43:18,674 - DEBUG - Paused: False, Music Playing: True
2026-08-02 21:43:18,686 - DEBUG - Tick
2026-08-02 21:43:18,686 - DEBUG - Updating ship...
2026-08-02 21:43:18,689 - DEBUG - Updating music
2026-08-02 21:43:18,689 - DEBUG - Entered _check_music
2026-08-02 21:43:18,689 - DEBUG - Paused: False, Music Playing: True
2026-08-02 21:43:18,702 - DEBUG - Tick
2026-08-02 21:43:18,703 - DEBUG - Updating ship...
2026-08-02 21:43:18,705 - DEBUG - Updating music
2026-08-02 21:43:18,706 - DEBUG - Entered _check_music
2026-08-02 21:43:18,706 - DEBUG - Paused: False, Music Playing: True
2026-08-02 21:43:18,719 - DEBUG - Tick
2026-08-02 21:43:18,719 - DEBUG - Updating ship...
2026-08-02 21:43:18,722 - DEBUG - Updating music
2026-08-02 21:43:18,722 - DEBUG - Entered _check_music
2026-08-02 21:43:18,722 - DEBUG - Paused: False, Music Playing: True
2026-08-02 21:43:18,734 - DEBUG - Tick
2026-08-02 21:43:18,735 - DEBUG - Updating ship...
2026-08-02 21:43:18,737 - DEBUG - Updating music
2026-08-02 21:43:18,737 - DEBUG - Entered _check_music
2026-08-02 21:43:18,738 - DEBUG - Paused: False, Music Playing: True
2026-08-02 21:43:18,751 - DEBUG - Tick
2026-08-02 21:43:18,751 - DEBUG - Updating ship...
2026-08-02 21:43:18,754 - DEBUG - Updating music
2026-08-02 21:43:18,754 - DEBUG - Entered _check_music
2026-08-02 21:43:18,754 - DEBUG - Paused: False, Music Playing: True
2026-08-02 21:43:18,766 - DEBUG - Tick
2026-08-02 21:43:18,767 - DEBUG - Updating ship...
2026-08-02 21:43:18,769 - DEBUG - Updating music
2026-08-02 21:43:18,770 - DEBUG - Entered _check_music
2026-08-02 21:43:18,770 - DEBUG - Paused: False, Music Playing: True
2026-08-02 21:43:18,783 - DEBUG - Tick
2026-08-02 21:43:18,783 - DEBUG - Updating ship...
2026-08-02 21:43:18,787 - DEBUG - Updating music
2026-08-02 21:43:18,787 - DEBUG - Entered _check_music
2026-08-02 21:43:18,788 - DEBUG - Paused: False, Music Playing: True
2026-08-02 21:43:18,799 - DEBUG - Tick
2026-08-02 21:43:18,799 - DEBUG - Updating ship...
2026-08-02 21:43:18,803 - DEBUG - Updating music
2026-08-02 21:43:18,803 - DEBUG - Entered _check_music
2026-08-02 21:43:18,803 - DEBUG - Paused: False, Music Playing: True
2026-08-02 21:43:18,815 - DEBUG - Tick
2026-08-02 21:43:18,816 - DEBUG - Updating ship...
2026-08-02 21:43:18,819 - DEBUG - Updating music
2026-08-02 21:43:18,820 - DEBUG - Entered _check_music
2026-08-02 21:43:18,820 - DEBUG - Paused: False, Music Playing: True
2026-08-02 21:43:18,832 - DEBUG - Tick
2026-08-02 21:43:18,832 - DEBUG - Updating ship...
2026-08-02 21:43:18,835 - DEBUG - Updating music
2026-08-02 21:43:18,835 - DEBUG - Entered _check_music
2026-08-02 21:43:18,835 - DEBUG - Paused: False, Music Playing: True
2026-08-02 21:43:18,847 - DEBUG - Tick
2026-08-02 21:43:18,847 - DEBUG - Updating ship...
2026-08-02 21:43:18,850 - DEBUG - Updating music
2026-08-02 21:43:18,850 - DEBUG - Entered _check_music
2026-08-02 21:43:18,850 - DEBUG - Paused: False, Music Playing: True
2026-08-02 21:43:18,864 - DEBUG - Tick
2026-08-02 21:43:18,864 - DEBUG - Updating ship...
2026-08-02 21:43:18,866 - DEBUG - Updating music
2026-08-02 21:43:18,867 - DEBUG - Entered _check_music
2026-08-02 21:43:18,867 - DEBUG - Paused: False, Music Playing: True
2026-08-02 21:43:18,880 - DEBUG - Tick
2026-08-02 21:43:18,880 - DEBUG - Updating ship...
2026-08-02 21:43:18,884 - DEBUG - Updating music
2026-08-02 21:43:18,884 - DEBUG - Entered _check_music
2026-08-02 21:43:18,884 - DEBUG - Paused: False, Music Playing: True
2026-08-02 21:43:18,896 - DEBUG - Tick
2026-08-02 21:43:18,896 - DEBUG - Updating ship...
2026-08-02 21:43:18,899 - DEBUG - Updating music
2026-08-02 21:43:18,899 - DEBUG - Entered _check_music
2026-08-02 21:43:18,899 - DEBUG - Paused: False, Music Playing: True
2026-08-02 21:43:18,911 - DEBUG - Tick
2026-08-02 21:43:18,912 - DEBUG - Updating ship...
2026-08-02 21:43:18,915 - DEBUG - Updating music
2026-08-02 21:43:18,915 - DEBUG - Entered _check_music
2026-08-02 21:43:18,915 - DEBUG - Paused: False, Music Playing: True
2026-08-02 21:43:18,927 - DEBUG - Tick
2026-08-02 21:43:18,927 - DEBUG - Updating ship...
2026-08-02 21:43:18,930 - DEBUG - Updating music
2026-08-02 21:43:18,931 - DEBUG - Entered _check_music
2026-08-02 21:43:18,931 - DEBUG - Paused: False, Music Playing: True
2026-08-02 21:43:18,944 - DEBUG - Tick
2026-08-02 21:43:18,944 - DEBUG - Updating ship...
2026-08-02 21:43:18,947 - DEBUG - Updating music
2026-08-02 21:43:18,947 - DEBUG - Entered _check_music
2026-08-02 21:43:18,947 - DEBUG - Paused: False, Music Playing: True
2026-08-02 21:43:18,959 - DEBUG - Tick
2026-08-02 21:43:18,960 - DEBUG - Updating ship...
2026-08-02 21:43:18,963 - DEBUG - Updating music
2026-08-02 21:43:18,963 - DEBUG - Entered _check_music
2026-08-02 21:43:18,963 - DEBUG - Paused: False, Music Playing: True
2026-08-02 21:43:18,976 - DEBUG - Tick
2026-08-02 21:43:18,976 - DEBUG - Updating ship...
2026-08-02 21:43:18,979 - DEBUG - Updating music
2026-08-02 21:43:18,979 - DEBUG - Entered _check_music
2026-08-02 21:43:18,979 - DEBUG - Paused: False, Music Playing: True
2026-08-02 21:43:18,992 - DEBUG - Tick
2026-08-02 21:43:18,992 - DEBUG - Updating ship...
2026-08-02 21:43:18,995 - DEBUG - Updating music
2026-08-02 21:43:18,995 - DEBUG - Entered _check_music
2026-08-02 21:43:18,995 - DEBUG - Paused: False, Music Playing: True
2026-08-02 21:43:19,008 - DEBUG - Tick
2026-08-02 21:43:19,008 - DEBUG - Updating ship...
2026-08-02 21:43:19,011 - DEBUG - Updating music
2026-08-02 21:43:19,011 - DEBUG - Entered _check_music
2026-08-02 21:43:19,011 - DEBUG - Paused: False, Music Playing: True
2026-08-02 21:43:19,023 - DEBUG - Tick
2026-08-02 21:43:19,023 - DEBUG - Updating ship...
2026-08-02 21:43:19,027 - DEBUG - Updating music
2026-08-02 21:43:19,027 - DEBUG - Entered _check_music
2026-08-02 21:43:19,027 - DEBUG - Paused: False, Music Playing: True
2026-08-02 21:43:19,040 - DEBUG - Tick
2026-08-02 21:43:19,040 - DEBUG - Updating ship...
2026-08-02 21:43:19,044 - DEBUG - Updating music
2026-08-02 21:43:19,044 - DEBUG - Entered _check_music
2026-08-02 21:43:19,044 - DEBUG - Paused: False, Music Playing: True
2026-08-02 21:43:19,056 - DEBUG - Tick
2026-08-02 21:43:19,056 - DEBUG - Updating ship...
2026-08-02 21:43:19,059 - DEBUG - Updating music
2026-08-02 21:43:19,059 - DEBUG - Entered _check_music
2026-08-02 21:43:19,059 - DEBUG - Paused: False, Music Playing: True
2026-08-02 21:43:19,072 - DEBUG - Tick
2026-08-02 21:43:19,072 - DEBUG - Updating ship...
2026-08-02 21:43:19,075 - DEBUG - Updating music
2026-08-02 21:43:19,075 - DEBUG - Entered _check_music
2026-08-02 21:43:19,075 - DEBUG - Paused: False, Music Playing: True
2026-08-02 21:43:19,088 - DEBUG - Tick
2026-08-02 21:43:19,088 - DEBUG - Updating ship...
2026-08-02 21:43:19,091 - DEBUG - Updating music
2026-08-02 21:43:19,091 - DEBUG - Entered _check_music
2026-08-02 21:43:19,091 - DEBUG - Paused: False, Music Playing: True
2026-08-02 21:43:19,103 - DEBUG - Tick
2026-08-02 21:43:19,104 - DEBUG - Updating ship...
2026-08-02 21:43:19,106 - DEBUG - Updating music
2026-08-02 21:43:19,106 - DEBUG - Entered _check_music
2026-08-02 21:43:19,107 - DEBUG - Paused: False, Music Playing: True
2026-08-02 21:43:19,120 - DEBUG - Tick
2026-08-02 21:43:19,120 - DEBUG - Updating ship...
2026-08-02 21:43:19,123 - DEBUG - Updating music
2026-08-02 21:43:19,123 - DEBUG - Entered _check_music
2026-08-02 21:43:19,123 - DEBUG - Paused: False, Music Playing: True
2026-08-02 21:43:19,135 - DEBUG - Tick
2026-08-02 21:43:19,136 - DEBUG - Updating ship...
2026-08-02 21:43:19,139 - DEBUG - Updating music
2026-08-02 21:43:19,139 - DEBUG - Entered _check_music
2026-08-02 21:43:19,139 - DEBUG - Paused: False, Music Playing: True
2026-08-02 21:43:19,151 - DEBUG - Tick
2026-08-02 21:43:19,152 - DEBUG - Updating ship...
2026-08-02 21:43:19,154 - DEBUG - Updating music
2026-08-02 21:43:19,154 - DEBUG - Entered _check_music
2026-08-02 21:43:19,154 - DEBUG - Paused: False, Music Playing: True
2026-08-02 21:43:19,168 - DEBUG - Tick
2026-08-02 21:43:19,168 - DEBUG - Updating ship...
2026-08-02 21:43:19,170 - DEBUG - Updating music
2026-08-02 21:43:19,171 - DEBUG - Entered _check_music
2026-08-02 21:43:19,171 - DEBUG - Paused: False, Music Playing: True
2026-08-02 21:43:19,184 - DEBUG - Tick
2026-08-02 21:43:19,184 - DEBUG - Updating ship...
2026-08-02 21:43:19,187 - DEBUG - Updating music
2026-08-02 21:43:19,187 - DEBUG - Entered _check_music
2026-08-02 21:43:19,187 - DEBUG - Paused: False, Music Playing: True
2026-08-02 21:43:19,200 - DEBUG - Tick
2026-08-02 21:43:19,200 - DEBUG - Updating ship...
2026-08-02 21:43:19,203 - DEBUG - Updating music
2026-08-02 21:43:19,203 - DEBUG - Entered _check_music
2026-08-02 21:43:19,203 - DEBUG - Paused: False, Music Playing: True
2026-08-02 21:43:19,217 - DEBUG - Tick
2026-08-02 21:43:19,217 - DEBUG - Updating ship...
2026-08-02 21:43:19,220 - DEBUG - Updating music
2026-08-02 21:43:19,220 - DEBUG - Entered _check_music
2026-08-02 21:43:19,220 - DEBUG - Paused: False, Music Playing: True
2026-08-02 21:43:19,233 - DEBUG - Tick
2026-08-02 21:43:19,233 - DEBUG - Updating ship...
2026-08-02 21:43:19,236 - DEBUG - Updating music
2026-08-02 21:43:19,236 - DEBUG - Entered _check_music
2026-08-02 21:43:19,236 - DEBUG - Paused: False, Music Playing: True
2026-08-02 21:43:19,249 - DEBUG - Tick
2026-08-02 21:43:19,249 - DEBUG - Updating ship...
2026-08-02 21:43:19,252 - DEBUG - Updating music
2026-08-02 21:43:19,252 - DEBUG - Entered _check_music
2026-08-02 21:43:19,252 - DEBUG - Paused: False, Music Playing: True
2026-08-02 21:43:19,265 - DEBUG - Tick
2026-08-02 21:43:19,266 - DEBUG - Updating ship...
2026-08-02 21:43:19,268 - DEBUG - Updating music
2026-08-02 21:43:19,268 - DEBUG - Entered _check_music
2026-08-02 21:43:19,268 - DEBUG - Paused: False, Music Playing: True
2026-08-02 21:43:19,282 - DEBUG - Tick
2026-08-02 21:43:19,282 - DEBUG - Updating ship...
2026-08-02 21:43:19,284 - DEBUG - Updating music
2026-08-02 21:43:19,285 - DEBUG - Entered _check_music
2026-08-02 21:43:19,285 - DEBUG - Paused: False, Music Playing: True
2026-08-02 21:43:19,298 - DEBUG - Tick
2026-08-02 21:43:19,298 - DEBUG - Updating ship...
2026-08-02 21:43:19,301 - DEBUG - Updating music
2026-08-02 21:43:19,301 - DEBUG - Entered _check_music
2026-08-02 21:43:19,301 - DEBUG - Paused: False, Music Playing: True
2026-08-02 21:43:19,314 - DEBUG - Tick
2026-08-02 21:43:19,314 - DEBUG - Updating ship...
2026-08-02 21:43:19,316 - DEBUG - Updating music
2026-08-02 21:43:19,316 - DEBUG - Entered _check_music
2026-08-02 21:43:19,317 - DEBUG - Paused: False, Music Playing: True
2026-08-02 21:43:19,330 - DEBUG - Tick
2026-08-02 21:43:19,330 - DEBUG - Updating ship...
2026-08-02 21:43:19,332 - DEBUG - Updating music
2026-08-02 21:43:19,333 - DEBUG - Entered _check_music
2026-08-02 21:43:19,333 - DEBUG - Paused: False, Music Playing: True
2026-08-02 21:43:19,346 - DEBUG - Tick
2026-08-02 21:43:19,346 - DEBUG - Updating ship...
2026-08-02 21:43:19,349 - DEBUG - Updating music
2026-08-02 21:43:19,349 - DEBUG - Entered _check_music
2026-08-02 21:43:19,349 - DEBUG - Paused: False, Music Playing: True
2026-08-02 21:43:19,361 - DEBUG - Tick
2026-08-02 21:43:19,362 - DEBUG - Updating ship...
2026-08-02 21:43:19,365 - DEBUG - Updating music
2026-08-02 21:43:19,365 - DEBUG - Entered _check_music
2026-08-02 21:43:19,365 - DEBUG - Paused: False, Music Playing: True
2026-08-02 21:43:19,379 - DEBUG - Tick
2026-08-02 21:43:19,379 - DEBUG - Updating ship...
2026-08-02 21:43:19,382 - DEBUG - Updating music
2026-08-02 21:43:19,382 - DEBUG - Entered _check_music
2026-08-02 21:43:19,382 - DEBUG - Paused: False, Music Playing: True
2026-08-02 21:43:19,395 - DEBUG - Tick
2026-08-02 21:43:19,395 - DEBUG - Updating ship...
2026-08-02 21:43:19,398 - DEBUG - Updating music
2026-08-02 21:43:19,398 - DEBUG - Entered _check_music
2026-08-02 21:43:19,398 - DEBUG - Paused: False, Music Playing: True
2026-08-02 21:43:19,410 - DEBUG - Tick
2026-08-02 21:43:19,410 - DEBUG - Updating ship...
2026-08-02 21:43:19,414 - DEBUG - Updating music
2026-08-02 21:43:19,414 - DEBUG - Entered _check_music
2026-08-02 21:43:19,414 - DEBUG - Paused: False, Music Playing: True
2026-08-02 21:43:19,427 - DEBUG - Tick
2026-08-02 21:43:19,427 - DEBUG - Updating ship...
2026-08-02 21:43:19,430 - DEBUG - Updating music
2026-08-02 21:43:19,430 - DEBUG - Entered _check_music
2026-08-02 21:43:19,430 - DEBUG - Paused: False, Music Playing: True
2026-08-02 21:43:19,443 - DEBUG - Tick
2026-08-02 21:43:19,443 - DEBUG - Updating ship...
2026-08-02 21:43:19,446 - DEBUG - Updating music
2026-08-02 21:43:19,446 - DEBUG - Entered _check_music
2026-08-02 21:43:19,446 - DEBUG - Paused: False, Music Playing: True
2026-08-02 21:43:19,459 - DEBUG - Tick
2026-08-02 21:43:19,459 - DEBUG - Updating ship...
2026-08-02 21:43:19,462 - DEBUG - Updating music
2026-08-02 21:43:19,462 - DEBUG - Entered _check_music
2026-08-02 21:43:19,462 - DEBUG - Paused: False, Music Playing: True
2026-08-02 21:43:19,475 - DEBUG - Tick
2026-08-02 21:43:19,475 - DEBUG - Updating ship...
2026-08-02 21:43:19,478 - DEBUG - Updating music
2026-08-02 21:43:19,478 - DEBUG - Entered _check_music
2026-08-02 21:43:19,479 - DEBUG - Paused: False, Music Playing: True
2026-08-02 21:43:19,492 - DEBUG - Tick
2026-08-02 21:43:19,492 - DEBUG - Updating ship...
2026-08-02 21:43:19,495 - DEBUG - Updating music
2026-08-02 21:43:19,495 - DEBUG - Entered _check_music
2026-08-02 21:43:19,496 - DEBUG - Paused: False, Music Playing: True
2026-08-02 21:43:19,508 - DEBUG - Tick
2026-08-02 21:43:19,508 - DEBUG - Updating ship...
2026-08-02 21:43:19,511 - DEBUG - Updating music
2026-08-02 21:43:19,511 - DEBUG - Entered _check_music
2026-08-02 21:43:19,511 - DEBUG - Paused: False, Music Playing: True
2026-08-02 21:43:19,523 - DEBUG - Tick
2026-08-02 21:43:19,524 - DEBUG - Updating ship...
2026-08-02 21:43:19,527 - DEBUG - Updating music
2026-08-02 21:43:19,527 - DEBUG - Entered _check_music
2026-08-02 21:43:19,527 - DEBUG - Paused: False, Music Playing: True
2026-08-02 21:43:19,539 - DEBUG - Tick
2026-08-02 21:43:19,540 - DEBUG - Updating ship...
2026-08-02 21:43:19,543 - DEBUG - Updating music
2026-08-02 21:43:19,543 - DEBUG - Entered _check_music
2026-08-02 21:43:19,543 - DEBUG - Paused: False, Music Playing: True
2026-08-02 21:43:19,556 - DEBUG - Tick
2026-08-02 21:43:19,556 - DEBUG - Updating ship...
2026-08-02 21:43:19,560 - DEBUG - Updating music
2026-08-02 21:43:19,560 - DEBUG - Entered _check_music
2026-08-02 21:43:19,560 - DEBUG - Paused: False, Music Playing: True
2026-08-02 21:43:19,573 - DEBUG - Tick
2026-08-02 21:43:19,573 - DEBUG - Updating ship...
2026-08-02 21:43:19,576 - DEBUG - Updating music
2026-08-02 21:43:19,576 - DEBUG - Entered _check_music
2026-08-02 21:43:19,577 - DEBUG - Paused: False, Music Playing: True
2026-08-02 21:43:19,589 - DEBUG - Tick
2026-08-02 21:43:19,589 - DEBUG - Updating ship...
2026-08-02 21:43:19,592 - DEBUG - Updating music
2026-08-02 21:43:19,592 - DEBUG - Entered _check_music
2026-08-02 21:43:19,592 - DEBUG - Paused: False, Music Playing: True
2026-08-02 21:43:19,605 - DEBUG - Tick
2026-08-02 21:43:19,605 - DEBUG - Updating ship...
2026-08-02 21:43:19,608 - DEBUG - Updating music
2026-08-02 21:43:19,608 - DEBUG - Entered _check_music
2026-08-02 21:43:19,608 - DEBUG - Paused: False, Music Playing: True
2026-08-02 21:43:19,621 - DEBUG - Tick
2026-08-02 21:43:19,621 - DEBUG - Updating ship...
2026-08-02 21:43:19,625 - DEBUG - Updating music
2026-08-02 21:43:19,625 - DEBUG - Entered _check_music
2026-08-02 21:43:19,625 - DEBUG - Paused: False, Music Playing: True
2026-08-02 21:43:19,638 - DEBUG - Tick
2026-08-02 21:43:19,638 - DEBUG - Updating ship...
2026-08-02 21:43:19,641 - DEBUG - Updating music
2026-08-02 21:43:19,641 - DEBUG - Entered _check_music
2026-08-02 21:43:19,641 - DEBUG - Paused: False, Music Playing: True
2026-08-02 21:43:19,654 - DEBUG - Tick
2026-08-02 21:43:19,654 - DEBUG - Updating ship...
2026-08-02 21:43:19,657 - DEBUG - Updating music
2026-08-02 21:43:19,658 - DEBUG - Entered _check_music
2026-08-02 21:43:19,658 - DEBUG - Paused: False, Music Playing: True
2026-08-02 21:43:19,670 - DEBUG - Tick
2026-08-02 21:43:19,670 - DEBUG - Updating ship...
2026-08-02 21:43:19,673 - DEBUG - Updating music
2026-08-02 21:43:19,673 - DEBUG - Entered _check_music
2026-08-02 21:43:19,673 - DEBUG - Paused: False, Music Playing: True
2026-08-02 21:43:19,686 - DEBUG - Tick
2026-08-02 21:43:19,686 - DEBUG - Updating ship...
2026-08-02 21:43:19,689 - DEBUG - Updating music
2026-08-02 21:43:19,689 - DEBUG - Entered _check_music
2026-08-02 21:43:19,689 - DEBUG - Paused: False, Music Playing: True
2026-08-02 21:43:19,701 - DEBUG - Tick
2026-08-02 21:43:19,702 - DEBUG - Updating ship...
2026-08-02 21:43:19,704 - DEBUG - Updating music
2026-08-02 21:43:19,705 - DEBUG - Entered _check_music
2026-08-02 21:43:19,705 - DEBUG - Paused: False, Music Playing: True
2026-08-02 21:43:19,718 - DEBUG - Tick
2026-08-02 21:43:19,718 - DEBUG - Updating ship...
2026-08-02 21:43:19,721 - DEBUG - Updating music
2026-08-02 21:43:19,721 - DEBUG - Entered _check_music
2026-08-02 21:43:19,721 - DEBUG - Paused: False, Music Playing: True
2026-08-02 21:43:19,733 - DEBUG - Tick
2026-08-02 21:43:19,734 - DEBUG - Updating ship...
2026-08-02 21:43:19,736 - DEBUG - Updating music
2026-08-02 21:43:19,736 - DEBUG - Entered _check_music
2026-08-02 21:43:19,736 - DEBUG - Paused: False, Music Playing: True
2026-08-02 21:43:19,750 - DEBUG - Tick
2026-08-02 21:43:19,750 - DEBUG - Updating ship...
2026-08-02 21:43:19,753 - DEBUG - Updating music
2026-08-02 21:43:19,753 - DEBUG - Entered _check_music
2026-08-02 21:43:19,753 - DEBUG - Paused: False, Music Playing: True
2026-08-02 21:43:19,766 - DEBUG - Tick
2026-08-02 21:43:19,766 - DEBUG - Updating ship...
2026-08-02 21:43:19,769 - DEBUG - Updating music
2026-08-02 21:43:19,769 - DEBUG - Entered _check_music
2026-08-02 21:43:19,769 - DEBUG - Paused: False, Music Playing: True
2026-08-02 21:43:19,781 - DEBUG - Tick
2026-08-02 21:43:19,782 - DEBUG - Updating ship...
2026-08-02 21:43:19,784 - DEBUG - Updating music
2026-08-02 21:43:19,784 - DEBUG - Entered _check_music
2026-08-02 21:43:19,785 - DEBUG - Paused: False, Music Playing: True
2026-08-02 21:43:19,798 - DEBUG - Tick
2026-08-02 21:43:19,798 - DEBUG - Updating ship...
2026-08-02 21:43:19,801 - DEBUG - Updating music
2026-08-02 21:43:19,801 - DEBUG - Entered _check_music
2026-08-02 21:43:19,801 - DEBUG - Paused: False, Music Playing: True
2026-08-02 21:43:19,813 - DEBUG - Tick
2026-08-02 21:43:19,813 - DEBUG - Updating ship...
2026-08-02 21:43:19,817 - DEBUG - Updating music
2026-08-02 21:43:19,817 - DEBUG - Entered _check_music
2026-08-02 21:43:19,817 - DEBUG - Paused: False, Music Playing: True
2026-08-02 21:43:19,830 - DEBUG - Tick
2026-08-02 21:43:19,830 - DEBUG - Updating ship...
2026-08-02 21:43:19,833 - DEBUG - Updating music
2026-08-02 21:43:19,833 - DEBUG - Entered _check_music
2026-08-02 21:43:19,833 - DEBUG - Paused: False, Music Playing: True
2026-08-02 21:43:19,845 - DEBUG - Tick
2026-08-02 21:43:19,846 - DEBUG - Updating ship...
2026-08-02 21:43:19,849 - DEBUG - Updating music
2026-08-02 21:43:19,849 - DEBUG - Entered _check_music
2026-08-02 21:43:19,849 - DEBUG - Paused: False, Music Playing: True
2026-08-02 21:43:19,862 - DEBUG - Tick
2026-08-02 21:43:19,862 - DEBUG - Updating ship...
2026-08-02 21:43:19,865 - DEBUG - Updating music
2026-08-02 21:43:19,865 - DEBUG - Entered _check_music
2026-08-02 21:43:19,866 - DEBUG - Paused: False, Music Playing: True
2026-08-02 21:43:19,878 - DEBUG - Tick
2026-08-02 21:43:19,878 - DEBUG - Updating ship...
2026-08-02 21:43:19,881 - DEBUG - Updating music
2026-08-02 21:43:19,881 - DEBUG - Entered _check_music
2026-08-02 21:43:19,881 - DEBUG - Paused: False, Music Playing: True
2026-08-02 21:43:19,893 - DEBUG - Tick
2026-08-02 21:43:19,893 - DEBUG - Updating ship...
2026-08-02 21:43:19,897 - DEBUG - Updating music
2026-08-02 21:43:19,897 - DEBUG - Entered _check_music
2026-08-02 21:43:19,897 - DEBUG - Paused: False, Music Playing: True
2026-08-02 21:43:19,909 - DEBUG - Tick
2026-08-02 21:43:19,909 - DEBUG - Updating ship...
2026-08-02 21:43:19,913 - DEBUG - Updating music
2026-08-02 21:43:19,913 - DEBUG - Entered _check_music
2026-08-02 21:43:19,913 - DEBUG - Paused: False, Music Playing: True
2026-08-02 21:43:19,926 - DEBUG - Tick
2026-08-02 21:43:19,926 - DEBUG - Updating ship...
2026-08-02 21:43:19,929 - DEBUG - Updating music
2026-08-02 21:43:19,929 - DEBUG - Entered _check_music
2026-08-02 21:43:19,929 - DEBUG - Paused: False, Music Playing: True
2026-08-02 21:43:19,942 - DEBUG - Tick
2026-08-02 21:43:19,942 - DEBUG - Updating ship...
2026-08-02 21:43:19,945 - DEBUG - Updating music
2026-08-02 21:43:19,945 - DEBUG - Entered _check_music
2026-08-02 21:43:19,945 - DEBUG - Paused: False, Music Playing: True
2026-08-02 21:43:19,957 - DEBUG - Tick
2026-08-02 21:43:19,957 - DEBUG - Updating ship...
2026-08-02 21:43:19,961 - DEBUG - Updating music
2026-08-02 21:43:19,961 - DEBUG - Entered _check_music
2026-08-02 21:43:19,961 - DEBUG - Paused: False, Music Playing: True
2026-08-02 21:43:19,974 - DEBUG - Tick
2026-08-02 21:43:19,974 - DEBUG - Updating ship...
2026-08-02 21:43:19,977 - DEBUG - Updating music
2026-08-02 21:43:19,977 - DEBUG - Entered _check_music
2026-08-02 21:43:19,977 - DEBUG - Paused: False, Music Playing: True
2026-08-02 21:43:19,989 - DEBUG - Tick
2026-08-02 21:43:19,990 - DEBUG - Updating ship...
2026-08-02 21:43:19,993 - DEBUG - Updating music
2026-08-02 21:43:19,993 - DEBUG - Entered _check_music
2026-08-02 21:43:19,993 - DEBUG - Paused: False, Music Playing: True
2026-08-02 21:43:20,005 - DEBUG - Tick
2026-08-02 21:43:20,005 - DEBUG - Updating ship...
2026-08-02 21:43:20,009 - DEBUG - Updating music
2026-08-02 21:43:20,009 - DEBUG - Entered _check_music
2026-08-02 21:43:20,009 - DEBUG - Paused: False, Music Playing: True
2026-08-02 21:43:20,022 - DEBUG - Tick
2026-08-02 21:43:20,022 - DEBUG - Updating ship...
2026-08-02 21:43:20,025 - DEBUG - Updating music
2026-08-02 21:43:20,025 - DEBUG - Entered _check_music
2026-08-02 21:43:20,025 - DEBUG - Paused: False, Music Playing: True
2026-08-02 21:43:20,038 - DEBUG - Tick
2026-08-02 21:43:20,038 - DEBUG - Updating ship...
2026-08-02 21:43:20,041 - DEBUG - Updating music
2026-08-02 21:43:20,041 - DEBUG - Entered _check_music
2026-08-02 21:43:20,041 - DEBUG - Paused: False, Music Playing: True
2026-08-02 21:43:20,053 - DEBUG - Tick
2026-08-02 21:43:20,053 - DEBUG - Updating ship...
2026-08-02 21:43:20,056 - DEBUG - Updating music
2026-08-02 21:43:20,056 - DEBUG - Entered _check_music
2026-08-02 21:43:20,056 - DEBUG - Paused: False, Music Playing: True
2026-08-02 21:43:20,069 - DEBUG - Tick
2026-08-02 21:43:20,070 - DEBUG - Updating ship...
2026-08-02 21:43:20,073 - DEBUG - Updating music
2026-08-02 21:43:20,073 - DEBUG - Entered _check_music
2026-08-02 21:43:20,073 - DEBUG - Paused: False, Music Playing: True
2026-08-02 21:43:20,086 - DEBUG - Tick
2026-08-02 21:43:20,086 - DEBUG - Updating ship...
2026-08-02 21:43:20,089 - DEBUG - Updating music
2026-08-02 21:43:20,089 - DEBUG - Entered _check_music
2026-08-02 21:43:20,089 - DEBUG - Paused: False, Music Playing: True
2026-08-02 21:43:20,102 - DEBUG - Tick
2026-08-02 21:43:20,102 - DEBUG - Updating ship...
2026-08-02 21:43:20,104 - DEBUG - Updating music
2026-08-02 21:43:20,104 - DEBUG - Entered _check_music
2026-08-02 21:43:20,105 - DEBUG - Paused: False, Music Playing: True
2026-08-02 21:43:20,119 - DEBUG - Tick
2026-08-02 21:43:20,119 - DEBUG - Updating ship...
2026-08-02 21:43:20,121 - DEBUG - Updating music
2026-08-02 21:43:20,121 - DEBUG - Entered _check_music
2026-08-02 21:43:20,122 - DEBUG - Paused: False, Music Playing: True
2026-08-02 21:43:20,135 - DEBUG - Tick
2026-08-02 21:43:20,135 - DEBUG - Updating ship...
2026-08-02 21:43:20,138 - DEBUG - Updating music
2026-08-02 21:43:20,138 - DEBUG - Entered _check_music
2026-08-02 21:43:20,138 - DEBUG - Paused: False, Music Playing: True
2026-08-02 21:43:20,151 - DEBUG - Tick
2026-08-02 21:43:20,151 - DEBUG - Updating ship...
2026-08-02 21:43:20,154 - DEBUG - Updating music
2026-08-02 21:43:20,154 - DEBUG - Entered _check_music
2026-08-02 21:43:20,154 - DEBUG - Paused: False, Music Playing: True
2026-08-02 21:43:20,167 - DEBUG - Tick
2026-08-02 21:43:20,167 - DEBUG - Updating ship...
2026-08-02 21:43:20,170 - DEBUG - Updating music
2026-08-02 21:43:20,170 - DEBUG - Entered _check_music
2026-08-02 21:43:20,170 - DEBUG - Paused: False, Music Playing: True
2026-08-02 21:43:20,183 - DEBUG - Tick
2026-08-02 21:43:20,183 - DEBUG - Updating ship...
2026-08-02 21:43:20,186 - DEBUG - Updating music
2026-08-02 21:43:20,186 - DEBUG - Entered _check_music
2026-08-02 21:43:20,187 - DEBUG - Paused: False, Music Playing: True
2026-08-02 21:43:20,200 - DEBUG - Tick
2026-08-02 21:43:20,200 - DEBUG - Updating ship...
2026-08-02 21:43:20,202 - DEBUG - Updating music
2026-08-02 21:43:20,202 - DEBUG - Entered _check_music
2026-08-02 21:43:20,202 - DEBUG - Paused: False, Music Playing: True
2026-08-02 21:43:20,216 - DEBUG - Tick
2026-08-02 21:43:20,216 - DEBUG - Updating ship...
2026-08-02 21:43:20,219 - DEBUG - Updating music
2026-08-02 21:43:20,219 - DEBUG - Entered _check_music
2026-08-02 21:43:20,219 - DEBUG - Paused: False, Music Playing: True
2026-08-02 21:43:20,231 - DEBUG - Tick
2026-08-02 21:43:20,231 - DEBUG - Updating ship...
2026-08-02 21:43:20,234 - DEBUG - Updating music
2026-08-02 21:43:20,234 - DEBUG - Entered _check_music
2026-08-02 21:43:20,234 - DEBUG - Paused: False, Music Playing: True
2026-08-02 21:43:20,248 - DEBUG - Tick
2026-08-02 21:43:20,248 - DEBUG - Updating ship...
2026-08-02 21:43:20,251 - DEBUG - Updating music
2026-08-02 21:43:20,251 - DEBUG - Entered _check_music
2026-08-02 21:43:20,251 - DEBUG - Paused: False, Music Playing: True
2026-08-02 21:43:20,264 - DEBUG - Tick
2026-08-02 21:43:20,264 - DEBUG - Updating ship...
2026-08-02 21:43:20,267 - DEBUG - Updating music
2026-08-02 21:43:20,267 - DEBUG - Entered _check_music
2026-08-02 21:43:20,267 - DEBUG - Paused: False, Music Playing: True
2026-08-02 21:43:20,280 - DEBUG - Tick
2026-08-02 21:43:20,280 - DEBUG - Updating ship...
2026-08-02 21:43:20,283 - DEBUG - Updating music
2026-08-02 21:43:20,283 - DEBUG - Entered _check_music
2026-08-02 21:43:20,283 - DEBUG - Paused: False, Music Playing: True
2026-08-02 21:43:20,296 - DEBUG - Tick
2026-08-02 21:43:20,296 - DEBUG - Updating ship...
2026-08-02 21:43:20,299 - DEBUG - Updating music
2026-08-02 21:43:20,299 - DEBUG - Entered _check_music
2026-08-02 21:43:20,299 - DEBUG - Paused: False, Music Playing: True
2026-08-02 21:43:20,311 - DEBUG - Tick
2026-08-02 21:43:20,312 - DEBUG - Updating ship...
2026-08-02 21:43:20,315 - DEBUG - Updating music
2026-08-02 21:43:20,315 - DEBUG - Entered _check_music
2026-08-02 21:43:20,315 - DEBUG - Paused: False, Music Playing: True
2026-08-02 21:43:20,328 - DEBUG - Tick
2026-08-02 21:43:20,328 - DEBUG - Updating ship...
2026-08-02 21:43:20,331 - DEBUG - Updating music
2026-08-02 21:43:20,331 - DEBUG - Entered _check_music
2026-08-02 21:43:20,331 - DEBUG - Paused: False, Music Playing: True
2026-08-02 21:43:20,344 - DEBUG - Tick
2026-08-02 21:43:20,344 - DEBUG - Updating ship...
2026-08-02 21:43:20,347 - DEBUG - Updating music
2026-08-02 21:43:20,347 - DEBUG - Entered _check_music
2026-08-02 21:43:20,347 - DEBUG - Paused: False, Music Playing: True
2026-08-02 21:43:20,360 - DEBUG - Tick
2026-08-02 21:43:20,360 - DEBUG - Updating ship...
2026-08-02 21:43:20,363 - DEBUG - Updating music
2026-08-02 21:43:20,363 - DEBUG - Entered _check_music
2026-08-02 21:43:20,363 - DEBUG - Paused: False, Music Playing: True
2026-08-02 21:43:20,376 - DEBUG - Tick
2026-08-02 21:43:20,376 - DEBUG - Updating ship...
2026-08-02 21:43:20,379 - DEBUG - Updating music
2026-08-02 21:43:20,380 - DEBUG - Entered _check_music
2026-08-02 21:43:20,380 - DEBUG - Paused: False, Music Playing: True
2026-08-02 21:43:20,393 - DEBUG - Tick
2026-08-02 21:43:20,393 - DEBUG - Updating ship...
2026-08-02 21:43:20,396 - DEBUG - Updating music
2026-08-02 21:43:20,396 - DEBUG - Entered _check_music
2026-08-02 21:43:20,396 - DEBUG - Paused: False, Music Playing: True
2026-08-02 21:43:20,409 - DEBUG - Tick
2026-08-02 21:43:20,409 - DEBUG - Updating ship...
2026-08-02 21:43:20,412 - DEBUG - Updating music
2026-08-02 21:43:20,412 - DEBUG - Entered _check_music
2026-08-02 21:43:20,412 - DEBUG - Paused: False, Music Playing: True
2026-08-02 21:43:20,424 - DEBUG - Tick
2026-08-02 21:43:20,425 - DEBUG - Updating ship...
2026-08-02 21:43:20,428 - DEBUG - Updating music
2026-08-02 21:43:20,428 - DEBUG - Entered _check_music
2026-08-02 21:43:20,428 - DEBUG - Paused: False, Music Playing: True
2026-08-02 21:43:20,441 - DEBUG - Tick
2026-08-02 21:43:20,441 - DEBUG - Updating ship...
2026-08-02 21:43:20,444 - DEBUG - Updating music
2026-08-02 21:43:20,445 - DEBUG - Entered _check_music
2026-08-02 21:43:20,445 - DEBUG - Paused: False, Music Playing: True
2026-08-02 21:43:20,457 - DEBUG - Tick
2026-08-02 21:43:20,457 - DEBUG - Updating ship...
2026-08-02 21:43:20,461 - DEBUG - Updating music
2026-08-02 21:43:20,461 - DEBUG - Entered _check_music
2026-08-02 21:43:20,461 - DEBUG - Paused: False, Music Playing: True
2026-08-02 21:43:20,472 - DEBUG - Tick
2026-08-02 21:43:20,473 - DEBUG - Updating ship...
2026-08-02 21:43:20,476 - DEBUG - Updating music
2026-08-02 21:43:20,476 - DEBUG - Entered _check_music
2026-08-02 21:43:20,476 - DEBUG - Paused: False, Music Playing: True
2026-08-02 21:43:20,489 - DEBUG - Tick
2026-08-02 21:43:20,489 - DEBUG - Updating ship...
2026-08-02 21:43:20,493 - DEBUG - Updating music
2026-08-02 21:43:20,493 - DEBUG - Entered _check_music
2026-08-02 21:43:20,493 - DEBUG - Paused: False, Music Playing: True
2026-08-02 21:43:20,505 - DEBUG - Tick
2026-08-02 21:43:20,505 - DEBUG - Updating ship...
2026-08-02 21:43:20,509 - DEBUG - Updating music
2026-08-02 21:43:20,509 - DEBUG - Entered _check_music
2026-08-02 21:43:20,509 - DEBUG - Paused: False, Music Playing: True
2026-08-02 21:43:20,522 - DEBUG - Tick
2026-08-02 21:43:20,522 - DEBUG - Updating ship...
2026-08-02 21:43:20,525 - DEBUG - Updating music
2026-08-02 21:43:20,525 - DEBUG - Entered _check_music
2026-08-02 21:43:20,526 - DEBUG - Paused: False, Music Playing: True
2026-08-02 21:43:20,539 - DEBUG - Tick
2026-08-02 21:43:20,539 - DEBUG - Updating ship...
2026-08-02 21:43:20,542 - DEBUG - Updating music
2026-08-02 21:43:20,542 - DEBUG - Entered _check_music
2026-08-02 21:43:20,542 - DEBUG - Paused: False, Music Playing: True
2026-08-02 21:43:20,554 - DEBUG - Tick
2026-08-02 21:43:20,555 - DEBUG - Updating ship...
2026-08-02 21:43:20,558 - DEBUG - Updating music
2026-08-02 21:43:20,558 - DEBUG - Entered _check_music
2026-08-02 21:43:20,558 - DEBUG - Paused: False, Music Playing: True
2026-08-02 21:43:20,571 - DEBUG - Tick
2026-08-02 21:43:20,571 - DEBUG - Updating ship...
2026-08-02 21:43:20,574 - DEBUG - Updating music
2026-08-02 21:43:20,574 - DEBUG - Entered _check_music
2026-08-02 21:43:20,574 - DEBUG - Paused: False, Music Playing: True
2026-08-02 21:43:20,586 - DEBUG - Tick
2026-08-02 21:43:20,586 - DEBUG - Updating ship...
2026-08-02 21:43:20,589 - DEBUG - Updating music
2026-08-02 21:43:20,589 - DEBUG - Entered _check_music
2026-08-02 21:43:20,589 - DEBUG - Paused: False, Music Playing: True
2026-08-02 21:43:20,603 - DEBUG - Tick
2026-08-02 21:43:20,603 - DEBUG - Updating ship...
2026-08-02 21:43:20,605 - DEBUG - Updating music
2026-08-02 21:43:20,606 - DEBUG - Entered _check_music
2026-08-02 21:43:20,606 - DEBUG - Paused: False, Music Playing: True
2026-08-02 21:43:20,619 - DEBUG - Tick
2026-08-02 21:43:20,619 - DEBUG - Updating ship...
2026-08-02 21:43:20,621 - DEBUG - Updating music
2026-08-02 21:43:20,622 - DEBUG - Entered _check_music
2026-08-02 21:43:20,622 - DEBUG - Paused: False, Music Playing: True
2026-08-02 21:43:20,635 - DEBUG - Tick
2026-08-02 21:43:20,635 - DEBUG - Updating ship...
2026-08-02 21:43:20,638 - DEBUG - Updating music
2026-08-02 21:43:20,638 - DEBUG - Entered _check_music
2026-08-02 21:43:20,638 - DEBUG - Paused: False, Music Playing: True
2026-08-02 21:43:20,650 - DEBUG - Tick
2026-08-02 21:43:20,651 - DEBUG - Updating ship...
2026-08-02 21:43:20,653 - DEBUG - Updating music
2026-08-02 21:43:20,654 - DEBUG - Entered _check_music
2026-08-02 21:43:20,654 - DEBUG - Paused: False, Music Playing: True
2026-08-02 21:43:20,667 - DEBUG - Tick
2026-08-02 21:43:20,667 - DEBUG - Updating ship...
2026-08-02 21:43:20,669 - DEBUG - Updating music
2026-08-02 21:43:20,670 - DEBUG - Entered _check_music
2026-08-02 21:43:20,670 - DEBUG - Paused: False, Music Playing: True
2026-08-02 21:43:20,683 - DEBUG - Tick
2026-08-02 21:43:20,683 - DEBUG - Updating ship...
2026-08-02 21:43:20,685 - DEBUG - Updating music
2026-08-02 21:43:20,685 - DEBUG - Entered _check_music
2026-08-02 21:43:20,686 - DEBUG - Paused: False, Music Playing: True
2026-08-02 21:43:20,699 - DEBUG - Tick
2026-08-02 21:43:20,699 - DEBUG - Updating ship...
2026-08-02 21:43:20,702 - DEBUG - Updating music
2026-08-02 21:43:20,702 - DEBUG - Entered _check_music
2026-08-02 21:43:20,702 - DEBUG - Paused: False, Music Playing: True
2026-08-02 21:43:20,715 - DEBUG - Tick
2026-08-02 21:43:20,715 - DEBUG - Updating ship...
2026-08-02 21:43:20,718 - DEBUG - Updating music
2026-08-02 21:43:20,718 - DEBUG - Entered _check_music
2026-08-02 21:43:20,718 - DEBUG - Paused: False, Music Playing: True
2026-08-02 21:43:20,730 - DEBUG - Tick
2026-08-02 21:43:20,730 - DEBUG - Updating ship...
2026-08-02 21:43:20,733 - DEBUG - Updating music
2026-08-02 21:43:20,733 - DEBUG - Entered _check_music
2026-08-02 21:43:20,733 - DEBUG - Paused: False, Music Playing: True
2026-08-02 21:43:20,746 - DEBUG - Tick
2026-08-02 21:43:20,747 - DEBUG - Updating ship...
2026-08-02 21:43:20,749 - DEBUG - Updating music
2026-08-02 21:43:20,750 - DEBUG - Entered _check_music
2026-08-02 21:43:20,750 - DEBUG - Paused: False, Music Playing: True
2026-08-02 21:43:20,763 - DEBUG - Tick
2026-08-02 21:43:20,763 - DEBUG - Updating ship...
2026-08-02 21:43:20,766 - DEBUG - Updating music
2026-08-02 21:43:20,766 - DEBUG - Entered _check_music
2026-08-02 21:43:20,766 - DEBUG - Paused: False, Music Playing: True
2026-08-02 21:43:20,778 - DEBUG - Tick
2026-08-02 21:43:20,778 - DEBUG - Updating ship...
2026-08-02 21:43:20,781 - DEBUG - Updating music
2026-08-02 21:43:20,782 - DEBUG - Entered _check_music
2026-08-02 21:43:20,782 - DEBUG - Paused: False, Music Playing: True
2026-08-02 21:43:20,795 - DEBUG - Tick
2026-08-02 21:43:20,795 - DEBUG - Updating ship...
2026-08-02 21:43:20,798 - DEBUG - Updating music
2026-08-02 21:43:20,798 - DEBUG - Entered _check_music
2026-08-02 21:43:20,798 - DEBUG - Paused: False, Music Playing: True
2026-08-02 21:43:20,810 - DEBUG - Tick
2026-08-02 21:43:20,810 - DEBUG - Updating ship...
2026-08-02 21:43:20,813 - DEBUG - Updating music
2026-08-02 21:43:20,814 - DEBUG - Entered _check_music
2026-08-02 21:43:20,814 - DEBUG - Paused: False, Music Playing: True
2026-08-02 21:43:20,827 - DEBUG - Tick
2026-08-02 21:43:20,827 - DEBUG - Updating ship...
2026-08-02 21:43:20,830 - DEBUG - Updating music
2026-08-02 21:43:20,830 - DEBUG - Entered _check_music
2026-08-02 21:43:20,830 - DEBUG - Paused: False, Music Playing: True
2026-08-02 21:43:20,842 - DEBUG - Tick
2026-08-02 21:43:20,843 - DEBUG - Updating ship...
2026-08-02 21:43:20,845 - DEBUG - Updating music
2026-08-02 21:43:20,845 - DEBUG - Entered _check_music
2026-08-02 21:43:20,846 - DEBUG - Paused: False, Music Playing: True
2026-08-02 21:43:20,859 - DEBUG - Tick
2026-08-02 21:43:20,859 - DEBUG - Updating ship...
2026-08-02 21:43:20,862 - DEBUG - Updating music
2026-08-02 21:43:20,862 - DEBUG - Entered _check_music
2026-08-02 21:43:20,862 - DEBUG - Paused: False, Music Playing: True
2026-08-02 21:43:20,874 - DEBUG - Tick
2026-08-02 21:43:20,874 - DEBUG - Updating ship...
2026-08-02 21:43:20,877 - DEBUG - Updating music
2026-08-02 21:43:20,877 - DEBUG - Entered _check_music
2026-08-02 21:43:20,878 - DEBUG - Paused: False, Music Playing: True
2026-08-02 21:43:20,891 - DEBUG - Tick
2026-08-02 21:43:20,891 - DEBUG - Updating ship...
2026-08-02 21:43:20,894 - DEBUG - Updating music
2026-08-02 21:43:20,894 - DEBUG - Entered _check_music
2026-08-02 21:43:20,894 - DEBUG - Paused: False, Music Playing: True
2026-08-02 21:43:20,906 - DEBUG - Tick
2026-08-02 21:43:20,906 - DEBUG - Updating ship...
2026-08-02 21:43:20,910 - DEBUG - Updating music
2026-08-02 21:43:20,910 - DEBUG - Entered _check_music
2026-08-02 21:43:20,910 - DEBUG - Paused: False, Music Playing: True
2026-08-02 21:43:20,923 - DEBUG - Tick
2026-08-02 21:43:20,923 - DEBUG - Updating ship...
2026-08-02 21:43:20,926 - DEBUG - Updating music
2026-08-02 21:43:20,926 - DEBUG - Entered _check_music
2026-08-02 21:43:20,926 - DEBUG - Paused: False, Music Playing: True
2026-08-02 21:43:20,938 - DEBUG - Tick
2026-08-02 21:43:20,938 - DEBUG - Updating ship...
2026-08-02 21:43:20,941 - DEBUG - Updating music
2026-08-02 21:43:20,942 - DEBUG - Entered _check_music
2026-08-02 21:43:20,942 - DEBUG - Paused: False, Music Playing: True
2026-08-02 21:43:20,955 - DEBUG - Tick
2026-08-02 21:43:20,955 - DEBUG - Updating ship...
2026-08-02 21:43:20,958 - DEBUG - Updating music
2026-08-02 21:43:20,958 - DEBUG - Entered _check_music
2026-08-02 21:43:20,958 - DEBUG - Paused: False, Music Playing: True
2026-08-02 21:43:20,970 - DEBUG - Tick
2026-08-02 21:43:20,970 - DEBUG - Updating ship...
2026-08-02 21:43:20,973 - DEBUG - Updating music
2026-08-02 21:43:20,973 - DEBUG - Entered _check_music
2026-08-02 21:43:20,973 - DEBUG - Paused: False, Music Playing: True
2026-08-02 21:43:20,986 - DEBUG - Tick
2026-08-02 21:43:20,987 - DEBUG - Updating ship...
2026-08-02 21:43:20,989 - DEBUG - Updating music
2026-08-02 21:43:20,990 - DEBUG - Entered _check_music
2026-08-02 21:43:20,990 - DEBUG - Paused: False, Music Playing: True
2026-08-02 21:43:21,003 - DEBUG - Tick
2026-08-02 21:43:21,003 - DEBUG - Updating ship...
2026-08-02 21:43:21,006 - DEBUG - Updating music
2026-08-02 21:43:21,006 - DEBUG - Entered _check_music
2026-08-02 21:43:21,006 - DEBUG - Paused: False, Music Playing: True
2026-08-02 21:43:21,019 - DEBUG - Tick
2026-08-02 21:43:21,019 - DEBUG - Updating ship...
2026-08-02 21:43:21,022 - DEBUG - Updating music
2026-08-02 21:43:21,022 - DEBUG - Entered _check_music
2026-08-02 21:43:21,022 - DEBUG - Paused: False, Music Playing: True
2026-08-02 21:43:21,035 - DEBUG - Tick
2026-08-02 21:43:21,035 - DEBUG - Updating ship...
2026-08-02 21:43:21,038 - DEBUG - Updating music
2026-08-02 21:43:21,038 - DEBUG - Entered _check_music
2026-08-02 21:43:21,038 - DEBUG - Paused: False, Music Playing: True
2026-08-02 21:43:21,050 - DEBUG - Tick
2026-08-02 21:43:21,051 - DEBUG - Updating ship...
2026-08-02 21:43:21,053 - DEBUG - Updating music
2026-08-02 21:43:21,054 - DEBUG - Entered _check_music
2026-08-02 21:43:21,054 - DEBUG - Paused: False, Music Playing: True
2026-08-02 21:43:21,067 - DEBUG - Tick
2026-08-02 21:43:21,067 - DEBUG - Updating ship...
2026-08-02 21:43:21,070 - DEBUG - Updating music
2026-08-02 21:43:21,070 - DEBUG - Entered _check_music
2026-08-02 21:43:21,070 - DEBUG - Paused: False, Music Playing: True
2026-08-02 21:43:21,082 - DEBUG - Tick
2026-08-02 21:43:21,083 - DEBUG - Updating ship...
2026-08-02 21:43:21,085 - DEBUG - Updating music
2026-08-02 21:43:21,086 - DEBUG - Entered _check_music
2026-08-02 21:43:21,086 - DEBUG - Paused: False, Music Playing: True
2026-08-02 21:43:21,099 - DEBUG - Tick
2026-08-02 21:43:21,099 - DEBUG - Updating ship...
2026-08-02 21:43:21,102 - DEBUG - Updating music
2026-08-02 21:43:21,102 - DEBUG - Entered _check_music
2026-08-02 21:43:21,102 - DEBUG - Paused: False, Music Playing: True
2026-08-02 21:43:21,115 - DEBUG - Tick
2026-08-02 21:43:21,115 - DEBUG - Updating ship...
2026-08-02 21:43:21,118 - DEBUG - Updating music
2026-08-02 21:43:21,118 - DEBUG - Entered _check_music
2026-08-02 21:43:21,118 - DEBUG - Paused: False, Music Playing: True
2026-08-02 21:43:21,132 - DEBUG - Tick
2026-08-02 21:43:21,132 - DEBUG - Updating ship...
2026-08-02 21:43:21,134 - DEBUG - Updating music
2026-08-02 21:43:21,135 - DEBUG - Entered _check_music
2026-08-02 21:43:21,135 - DEBUG - Paused: False, Music Playing: True
2026-08-02 21:43:21,148 - DEBUG - Tick
2026-08-02 21:43:21,148 - DEBUG - Updating ship...
2026-08-02 21:43:21,151 - DEBUG - Updating music
2026-08-02 21:43:21,151 - DEBUG - Entered _check_music
2026-08-02 21:43:21,151 - DEBUG - Paused: False, Music Playing: True
2026-08-02 21:43:21,163 - DEBUG - Tick
2026-08-02 21:43:21,164 - DEBUG - Updating ship...
2026-08-02 21:43:21,167 - DEBUG - Updating music
2026-08-02 21:43:21,167 - DEBUG - Entered _check_music
2026-08-02 21:43:21,167 - DEBUG - Paused: False, Music Playing: True
2026-08-02 21:43:21,180 - DEBUG - Tick
2026-08-02 21:43:21,180 - DEBUG - Updating ship...
2026-08-02 21:43:21,183 - DEBUG - Updating music
2026-08-02 21:43:21,183 - DEBUG - Entered _check_music
2026-08-02 21:43:21,183 - DEBUG - Paused: False, Music Playing: True
2026-08-02 21:43:21,196 - DEBUG - Tick
2026-08-02 21:43:21,196 - DEBUG - Updating ship...
2026-08-02 21:43:21,199 - DEBUG - Updating music
2026-08-02 21:43:21,199 - DEBUG - Entered _check_music
2026-08-02 21:43:21,199 - DEBUG - Paused: False, Music Playing: True
2026-08-02 21:43:21,211 - DEBUG - Tick
2026-08-02 21:43:21,211 - DEBUG - Updating ship...
2026-08-02 21:43:21,214 - DEBUG - Updating music
2026-08-02 21:43:21,215 - DEBUG - Entered _check_music
2026-08-02 21:43:21,215 - DEBUG - Paused: False, Music Playing: True
2026-08-02 21:43:21,228 - DEBUG - Tick
2026-08-02 21:43:21,228 - DEBUG - Updating ship...
2026-08-02 21:43:21,231 - DEBUG - Updating music
2026-08-02 21:43:21,231 - DEBUG - Entered _check_music
2026-08-02 21:43:21,231 - DEBUG - Paused: False, Music Playing: True
2026-08-02 21:43:21,243 - DEBUG - Tick
2026-08-02 21:43:21,244 - DEBUG - Updating ship...
2026-08-02 21:43:21,247 - DEBUG - Updating music
2026-08-02 21:43:21,247 - DEBUG - Entered _check_music
2026-08-02 21:43:21,247 - DEBUG - Paused: False, Music Playing: True
2026-08-02 21:43:21,260 - DEBUG - Tick
2026-08-02 21:43:21,260 - DEBUG - Updating ship...
2026-08-02 21:43:21,263 - DEBUG - Updating music
2026-08-02 21:43:21,263 - DEBUG - Entered _check_music
2026-08-02 21:43:21,263 - DEBUG - Paused: False, Music Playing: True
2026-08-02 21:43:21,276 - DEBUG - Tick
2026-08-02 21:43:21,276 - DEBUG - Updating ship...
2026-08-02 21:43:21,279 - DEBUG - Updating music
2026-08-02 21:43:21,279 - DEBUG - Entered _check_music
2026-08-02 21:43:21,279 - DEBUG - Paused: False, Music Playing: True
2026-08-02 21:43:21,291 - DEBUG - Tick
2026-08-02 21:43:21,291 - DEBUG - Updating ship...
2026-08-02 21:43:21,294 - DEBUG - Updating music
2026-08-02 21:43:21,295 - DEBUG - Entered _check_music
2026-08-02 21:43:21,295 - DEBUG - Paused: False, Music Playing: True
2026-08-02 21:43:21,308 - DEBUG - Tick
2026-08-02 21:43:21,308 - DEBUG - Updating ship...
2026-08-02 21:43:21,311 - DEBUG - Updating music
2026-08-02 21:43:21,311 - DEBUG - Entered _check_music
2026-08-02 21:43:21,311 - DEBUG - Paused: False, Music Playing: True
2026-08-02 21:43:21,323 - DEBUG - Tick
2026-08-02 21:43:21,324 - DEBUG - Updating ship...
2026-08-02 21:43:21,327 - DEBUG - Updating music
2026-08-02 21:43:21,327 - DEBUG - Entered _check_music
2026-08-02 21:43:21,327 - DEBUG - Paused: False, Music Playing: True
2026-08-02 21:43:21,340 - DEBUG - Tick
2026-08-02 21:43:21,340 - DEBUG - Updating ship...
2026-08-02 21:43:21,343 - DEBUG - Updating music
2026-08-02 21:43:21,343 - DEBUG - Entered _check_music
2026-08-02 21:43:21,343 - DEBUG - Paused: False, Music Playing: True
2026-08-02 21:43:21,356 - DEBUG - Tick
2026-08-02 21:43:21,356 - DEBUG - Updating ship...
2026-08-02 21:43:21,359 - DEBUG - Updating music
2026-08-02 21:43:21,359 - DEBUG - Entered _check_music
2026-08-02 21:43:21,359 - DEBUG - Paused: False, Music Playing: True
2026-08-02 21:43:21,371 - DEBUG - Tick
2026-08-02 21:43:21,372 - DEBUG - Updating ship...
2026-08-02 21:43:21,375 - DEBUG - Updating music
2026-08-02 21:43:21,375 - DEBUG - Entered _check_music
2026-08-02 21:43:21,375 - DEBUG - Paused: False, Music Playing: True
2026-08-02 21:43:21,387 - DEBUG - Tick
2026-08-02 21:43:21,387 - DEBUG - Updating ship...
2026-08-02 21:43:21,390 - DEBUG - Updating music
2026-08-02 21:43:21,391 - DEBUG - Entered _check_music
2026-08-02 21:43:21,391 - DEBUG - Paused: False, Music Playing: True
2026-08-02 21:43:21,404 - DEBUG - Tick
2026-08-02 21:43:21,404 - DEBUG - Updating ship...
2026-08-02 21:43:21,407 - DEBUG - Updating music
2026-08-02 21:43:21,407 - DEBUG - Entered _check_music
2026-08-02 21:43:21,407 - DEBUG - Paused: False, Music Playing: True
2026-08-02 21:43:21,419 - DEBUG - Tick
2026-08-02 21:43:21,419 - DEBUG - Updating ship...
2026-08-02 21:43:21,422 - DEBUG - Updating music
2026-08-02 21:43:21,422 - DEBUG - Entered _check_music
2026-08-02 21:43:21,422 - DEBUG - Paused: False, Music Playing: True
2026-08-02 21:43:21,435 - DEBUG - Tick
2026-08-02 21:43:21,436 - DEBUG - Updating ship...
2026-08-02 21:43:21,439 - DEBUG - Updating music
2026-08-02 21:43:21,439 - DEBUG - Entered _check_music
2026-08-02 21:43:21,439 - DEBUG - Paused: False, Music Playing: True
2026-08-02 21:43:21,452 - DEBUG - Tick
2026-08-02 21:43:21,452 - DEBUG - Updating ship...
2026-08-02 21:43:21,455 - DEBUG - Updating music
2026-08-02 21:43:21,456 - DEBUG - Entered _check_music
2026-08-02 21:43:21,456 - DEBUG - Paused: False, Music Playing: True
2026-08-02 21:43:21,468 - DEBUG - Tick
2026-08-02 21:43:21,468 - DEBUG - Updating ship...
2026-08-02 21:43:21,471 - DEBUG - Updating music
2026-08-02 21:43:21,472 - DEBUG - Entered _check_music
2026-08-02 21:43:21,472 - DEBUG - Paused: False, Music Playing: True
2026-08-02 21:43:21,484 - DEBUG - Tick
2026-08-02 21:43:21,484 - DEBUG - Updating ship...
2026-08-02 21:43:21,487 - DEBUG - Updating music
2026-08-02 21:43:21,487 - DEBUG - Entered _check_music
2026-08-02 21:43:21,488 - DEBUG - Paused: False, Music Playing: True
2026-08-02 21:43:21,500 - DEBUG - Tick
2026-08-02 21:43:21,500 - DEBUG - Updating ship...
2026-08-02 21:43:21,503 - DEBUG - Updating music
2026-08-02 21:43:21,503 - DEBUG - Entered _check_music
2026-08-02 21:43:21,503 - DEBUG - Paused: False, Music Playing: True
2026-08-02 21:43:21,516 - DEBUG - Tick
2026-08-02 21:43:21,516 - DEBUG - Updating ship...
2026-08-02 21:43:21,518 - DEBUG - Updating music
2026-08-02 21:43:21,519 - DEBUG - Entered _check_music
2026-08-02 21:43:21,519 - DEBUG - Paused: False, Music Playing: True
2026-08-02 21:43:21,532 - DEBUG - Tick
2026-08-02 21:43:21,532 - DEBUG - Updating ship...
2026-08-02 21:43:21,535 - DEBUG - Updating music
2026-08-02 21:43:21,536 - DEBUG - Entered _check_music
2026-08-02 21:43:21,536 - DEBUG - Paused: False, Music Playing: True
2026-08-02 21:43:21,549 - DEBUG - Tick
2026-08-02 21:43:21,549 - DEBUG - Updating ship...
2026-08-02 21:43:21,552 - DEBUG - Updating music
2026-08-02 21:43:21,552 - DEBUG - Entered _check_music
2026-08-02 21:43:21,552 - DEBUG - Paused: False, Music Playing: True
2026-08-02 21:43:21,565 - DEBUG - Tick
2026-08-02 21:43:21,565 - DEBUG - Updating ship...
2026-08-02 21:43:21,567 - DEBUG - Updating music
2026-08-02 21:43:21,568 - DEBUG - Entered _check_music
2026-08-02 21:43:21,568 - DEBUG - Paused: False, Music Playing: True
2026-08-02 21:43:21,581 - DEBUG - Tick
2026-08-02 21:43:21,581 - DEBUG - Updating ship...
2026-08-02 21:43:21,584 - DEBUG - Updating music
2026-08-02 21:43:21,584 - DEBUG - Entered _check_music
2026-08-02 21:43:21,584 - DEBUG - Paused: False, Music Playing: True
2026-08-02 21:43:21,596 - DEBUG - Tick
2026-08-02 21:43:21,596 - DEBUG - Updating ship...
2026-08-02 21:43:21,599 - DEBUG - Updating music
2026-08-02 21:43:21,600 - DEBUG - Entered _check_music
2026-08-02 21:43:21,600 - DEBUG - Paused: False, Music Playing: True
2026-08-02 21:43:21,613 - DEBUG - Tick
2026-08-02 21:43:21,613 - DEBUG - Updating ship...
2026-08-02 21:43:21,616 - DEBUG - Updating music
2026-08-02 21:43:21,616 - DEBUG - Entered _check_music
2026-08-02 21:43:21,616 - DEBUG - Paused: False, Music Playing: True
2026-08-02 21:43:21,628 - DEBUG - Tick
2026-08-02 21:43:21,628 - DEBUG - Updating ship...
2026-08-02 21:43:21,632 - DEBUG - Updating music
2026-08-02 21:43:21,632 - DEBUG - Entered _check_music
2026-08-02 21:43:21,632 - DEBUG - Paused: False, Music Playing: True
2026-08-02 21:43:21,645 - DEBUG - Tick
2026-08-02 21:43:21,645 - DEBUG - Updating ship...
2026-08-02 21:43:21,648 - DEBUG - Updating music
2026-08-02 21:43:21,648 - DEBUG - Entered _check_music
2026-08-02 21:43:21,649 - DEBUG - Paused: False, Music Playing: True
2026-08-02 21:43:21,661 - DEBUG - Tick
2026-08-02 21:43:21,661 - DEBUG - Updating ship...
2026-08-02 21:43:21,664 - DEBUG - Updating music
2026-08-02 21:43:21,664 - DEBUG - Entered _check_music
2026-08-02 21:43:21,664 - DEBUG - Paused: False, Music Playing: True
2026-08-02 21:43:21,677 - DEBUG - Tick
2026-08-02 21:43:21,677 - DEBUG - Updating ship...
2026-08-02 21:43:21,680 - DEBUG - Updating music
2026-08-02 21:43:21,680 - DEBUG - Entered _check_music
2026-08-02 21:43:21,680 - DEBUG - Paused: False, Music Playing: True
2026-08-02 21:43:21,692 - DEBUG - Tick
2026-08-02 21:43:21,693 - DEBUG - Updating ship...
2026-08-02 21:43:21,696 - DEBUG - Updating music
2026-08-02 21:43:21,696 - DEBUG - Entered _check_music
2026-08-02 21:43:21,696 - DEBUG - Paused: False, Music Playing: True
2026-08-02 21:43:21,708 - DEBUG - Tick
2026-08-02 21:43:21,709 - DEBUG - Updating ship...
2026-08-02 21:43:21,712 - DEBUG - Updating music
2026-08-02 21:43:21,712 - DEBUG - Entered _check_music
2026-08-02 21:43:21,712 - DEBUG - Paused: False, Music Playing: True
2026-08-02 21:43:21,725 - DEBUG - Tick
2026-08-02 21:43:21,725 - DEBUG - Updating ship...
2026-08-02 21:43:21,728 - DEBUG - Updating music
2026-08-02 21:43:21,728 - DEBUG - Entered _check_music
2026-08-02 21:43:21,728 - DEBUG - Paused: False, Music Playing: True
2026-08-02 21:43:21,741 - DEBUG - Tick
2026-08-02 21:43:21,741 - DEBUG - Updating ship...
2026-08-02 21:43:21,744 - DEBUG - Updating music
2026-08-02 21:43:21,744 - DEBUG - Entered _check_music
2026-08-02 21:43:21,744 - DEBUG - Paused: False, Music Playing: True
2026-08-02 21:43:21,756 - DEBUG - Tick
2026-08-02 21:43:21,757 - DEBUG - Updating ship...
2026-08-02 21:43:21,760 - DEBUG - Updating music
2026-08-02 21:43:21,760 - DEBUG - Entered _check_music
2026-08-02 21:43:21,760 - DEBUG - Paused: False, Music Playing: True
2026-08-02 21:43:21,772 - DEBUG - Tick
2026-08-02 21:43:21,773 - DEBUG - Updating ship...
2026-08-02 21:43:21,776 - DEBUG - Updating music
2026-08-02 21:43:21,776 - DEBUG - Entered _check_music
2026-08-02 21:43:21,776 - DEBUG - Paused: False, Music Playing: True
2026-08-02 21:43:21,788 - DEBUG - Tick
2026-08-02 21:43:21,789 - DEBUG - Updating ship...
2026-08-02 21:43:21,792 - DEBUG - Updating music
2026-08-02 21:43:21,792 - DEBUG - Entered _check_music
2026-08-02 21:43:21,792 - DEBUG - Paused: False, Music Playing: True
2026-08-02 21:43:21,805 - DEBUG - Tick
2026-08-02 21:43:21,805 - DEBUG - Updating ship...
2026-08-02 21:43:21,808 - DEBUG - Updating music
2026-08-02 21:43:21,808 - DEBUG - Entered _check_music
2026-08-02 21:43:21,809 - DEBUG - Paused: False, Music Playing: True
2026-08-02 21:43:21,822 - DEBUG - Tick
2026-08-02 21:43:21,822 - DEBUG - Updating ship...
2026-08-02 21:43:21,824 - DEBUG - Updating music
2026-08-02 21:43:21,825 - DEBUG - Entered _check_music
2026-08-02 21:43:21,825 - DEBUG - Paused: False, Music Playing: True
2026-08-02 21:43:21,838 - DEBUG - Tick
2026-08-02 21:43:21,838 - DEBUG - Updating ship...
2026-08-02 21:43:21,840 - DEBUG - Updating music
2026-08-02 21:43:21,840 - DEBUG - Entered _check_music
2026-08-02 21:43:21,840 - DEBUG - Paused: False, Music Playing: True
2026-08-02 21:43:21,854 - DEBUG - Tick
2026-08-02 21:43:21,854 - DEBUG - Updating ship...
2026-08-02 21:43:21,857 - DEBUG - Updating music
2026-08-02 21:43:21,858 - DEBUG - Entered _check_music
2026-08-02 21:43:21,858 - DEBUG - Paused: False, Music Playing: True
2026-08-02 21:43:21,871 - DEBUG - Tick
2026-08-02 21:43:21,871 - DEBUG - Updating ship...
2026-08-02 21:43:21,874 - DEBUG - Updating music
2026-08-02 21:43:21,874 - DEBUG - Entered _check_music
2026-08-02 21:43:21,874 - DEBUG - Paused: False, Music Playing: True
2026-08-02 21:43:21,887 - DEBUG - Tick
2026-08-02 21:43:21,887 - DEBUG - Updating ship...
2026-08-02 21:43:21,890 - DEBUG - Updating music
2026-08-02 21:43:21,890 - DEBUG - Entered _check_music
2026-08-02 21:43:21,890 - DEBUG - Paused: False, Music Playing: True
2026-08-02 21:43:21,902 - DEBUG - Tick
2026-08-02 21:43:21,902 - DEBUG - Updating ship...
2026-08-02 21:43:21,905 - DEBUG - Updating music
2026-08-02 21:43:21,906 - DEBUG - Entered _check_music
2026-08-02 21:43:21,906 - DEBUG - Paused: False, Music Playing: True
2026-08-02 21:43:21,919 - DEBUG - Tick
2026-08-02 21:43:21,919 - DEBUG - Updating ship...
2026-08-02 21:43:21,922 - DEBUG - Updating music
2026-08-02 21:43:21,922 - DEBUG - Entered _check_music
2026-08-02 21:43:21,922 - DEBUG - Paused: False, Music Playing: True
2026-08-02 21:43:21,935 - DEBUG - Tick
2026-08-02 21:43:21,935 - DEBUG - Updating ship...
2026-08-02 21:43:21,938 - DEBUG - Updating music
2026-08-02 21:43:21,938 - DEBUG - Entered _check_music
2026-08-02 21:43:21,938 - DEBUG - Paused: False, Music Playing: True
2026-08-02 21:43:21,950 - DEBUG - Tick
2026-08-02 21:43:21,951 - DEBUG - Updating ship...
2026-08-02 21:43:21,953 - DEBUG - Updating music
2026-08-02 21:43:21,954 - DEBUG - Entered _check_music
2026-08-02 21:43:21,954 - DEBUG - Paused: False, Music Playing: True
2026-08-02 21:43:21,967 - DEBUG - Tick
2026-08-02 21:43:21,967 - DEBUG - Updating ship...
2026-08-02 21:43:21,970 - DEBUG - Updating music
2026-08-02 21:43:21,970 - DEBUG - Entered _check_music
2026-08-02 21:43:21,970 - DEBUG - Paused: False, Music Playing: True
2026-08-02 21:43:21,983 - DEBUG - Tick
2026-08-02 21:43:21,983 - DEBUG - Updating ship...
2026-08-02 21:43:21,986 - DEBUG - Updating music
2026-08-02 21:43:21,986 - DEBUG - Entered _check_music
2026-08-02 21:43:21,986 - DEBUG - Paused: False, Music Playing: True
2026-08-02 21:43:21,999 - DEBUG - Tick
2026-08-02 21:43:22,000 - DEBUG - Updating ship...
2026-08-02 21:43:22,002 - DEBUG - Updating music
2026-08-02 21:43:22,003 - DEBUG - Entered _check_music
2026-08-02 21:43:22,003 - DEBUG - Paused: False, Music Playing: True
2026-08-02 21:43:22,016 - DEBUG - Tick
2026-08-02 21:43:22,016 - DEBUG - Updating ship...
2026-08-02 21:43:22,019 - DEBUG - Updating music
2026-08-02 21:43:22,019 - DEBUG - Entered _check_music
2026-08-02 21:43:22,020 - DEBUG - Paused: False, Music Playing: True
2026-08-02 21:43:22,032 - DEBUG - Tick
2026-08-02 21:43:22,032 - DEBUG - Updating ship...
2026-08-02 21:43:22,035 - DEBUG - Updating music
2026-08-02 21:43:22,035 - DEBUG - Entered _check_music
2026-08-02 21:43:22,035 - DEBUG - Paused: False, Music Playing: True
2026-08-02 21:43:22,047 - DEBUG - Tick
2026-08-02 21:43:22,047 - DEBUG - Updating ship...
2026-08-02 21:43:22,050 - DEBUG - Updating music
2026-08-02 21:43:22,050 - DEBUG - Entered _check_music
2026-08-02 21:43:22,051 - DEBUG - Paused: False, Music Playing: True
2026-08-02 21:43:22,064 - DEBUG - Tick
2026-08-02 21:43:22,064 - DEBUG - Updating ship...
2026-08-02 21:43:22,067 - DEBUG - Updating music
2026-08-02 21:43:22,067 - DEBUG - Entered _check_music
2026-08-02 21:43:22,067 - DEBUG - Paused: False, Music Playing: True
2026-08-02 21:43:22,080 - DEBUG - Tick
2026-08-02 21:43:22,080 - DEBUG - Updating ship...
2026-08-02 21:43:22,083 - DEBUG - Updating music
2026-08-02 21:43:22,083 - DEBUG - Entered _check_music
2026-08-02 21:43:22,083 - DEBUG - Paused: False, Music Playing: True
2026-08-02 21:43:22,096 - DEBUG - Tick
2026-08-02 21:43:22,097 - DEBUG - Updating ship...
2026-08-02 21:43:22,099 - DEBUG - Updating music
2026-08-02 21:43:22,100 - DEBUG - Entered _check_music
2026-08-02 21:43:22,100 - DEBUG - Paused: False, Music Playing: True
2026-08-02 21:43:22,113 - DEBUG - Tick
2026-08-02 21:43:22,113 - DEBUG - Updating ship...
2026-08-02 21:43:22,116 - DEBUG - Updating music
2026-08-02 21:43:22,116 - DEBUG - Entered _check_music
2026-08-02 21:43:22,116 - DEBUG - Paused: False, Music Playing: True
2026-08-02 21:43:22,129 - DEBUG - Tick
2026-08-02 21:43:22,129 - DEBUG - Updating ship...
2026-08-02 21:43:22,132 - DEBUG - Updating music
2026-08-02 21:43:22,133 - DEBUG - Entered _check_music
2026-08-02 21:43:22,133 - DEBUG - Paused: False, Music Playing: True
2026-08-02 21:43:22,146 - DEBUG - Tick
2026-08-02 21:43:22,146 - DEBUG - Updating ship...
2026-08-02 21:43:22,149 - DEBUG - Updating music
2026-08-02 21:43:22,149 - DEBUG - Entered _check_music
2026-08-02 21:43:22,149 - DEBUG - Paused: False, Music Playing: True
2026-08-02 21:43:22,161 - DEBUG - Tick
2026-08-02 21:43:22,162 - DEBUG - Updating ship...
2026-08-02 21:43:22,164 - DEBUG - Updating music
2026-08-02 21:43:22,165 - DEBUG - Entered _check_music
2026-08-02 21:43:22,165 - DEBUG - Paused: False, Music Playing: True
2026-08-02 21:43:22,178 - DEBUG - Tick
2026-08-02 21:43:22,178 - DEBUG - Updating ship...
2026-08-02 21:43:22,181 - DEBUG - Updating music
2026-08-02 21:43:22,181 - DEBUG - Entered _check_music
2026-08-02 21:43:22,181 - DEBUG - Paused: False, Music Playing: True
2026-08-02 21:43:22,193 - DEBUG - Tick
2026-08-02 21:43:22,194 - DEBUG - Updating ship...
2026-08-02 21:43:22,197 - DEBUG - Updating music
2026-08-02 21:43:22,197 - DEBUG - Entered _check_music
2026-08-02 21:43:22,197 - DEBUG - Paused: False, Music Playing: True
2026-08-02 21:43:22,210 - DEBUG - Tick
2026-08-02 21:43:22,210 - DEBUG - Updating ship...
2026-08-02 21:43:22,213 - DEBUG - Updating music
2026-08-02 21:43:22,213 - DEBUG - Entered _check_music
2026-08-02 21:43:22,213 - DEBUG - Paused: False, Music Playing: True
2026-08-02 21:43:22,226 - DEBUG - Tick
2026-08-02 21:43:22,226 - DEBUG - Updating ship...
2026-08-02 21:43:22,229 - DEBUG - Updating music
2026-08-02 21:43:22,229 - DEBUG - Entered _check_music
2026-08-02 21:43:22,229 - DEBUG - Paused: False, Music Playing: True
2026-08-02 21:43:22,242 - DEBUG - Tick
2026-08-02 21:43:22,242 - DEBUG - Updating ship...
2026-08-02 21:43:22,245 - DEBUG - Updating music
2026-08-02 21:43:22,245 - DEBUG - Entered _check_music
2026-08-02 21:43:22,245 - DEBUG - Paused: False, Music Playing: True
2026-08-02 21:43:22,258 - DEBUG - Tick
2026-08-02 21:43:22,258 - DEBUG - Updating ship...
2026-08-02 21:43:22,262 - DEBUG - Updating music
2026-08-02 21:43:22,262 - DEBUG - Entered _check_music
2026-08-02 21:43:22,262 - DEBUG - Paused: False, Music Playing: True
2026-08-02 21:43:22,275 - DEBUG - Tick
2026-08-02 21:43:22,275 - DEBUG - Updating ship...
2026-08-02 21:43:22,278 - DEBUG - Updating music
2026-08-02 21:43:22,278 - DEBUG - Entered _check_music
2026-08-02 21:43:22,278 - DEBUG - Paused: False, Music Playing: True
2026-08-02 21:43:22,291 - DEBUG - Tick
2026-08-02 21:43:22,291 - DEBUG - Updating ship...
2026-08-02 21:43:22,295 - DEBUG - Updating music
2026-08-02 21:43:22,295 - DEBUG - Entered _check_music
2026-08-02 21:43:22,295 - DEBUG - Paused: False, Music Playing: True
2026-08-02 21:43:22,306 - DEBUG - Tick
2026-08-02 21:43:22,306 - DEBUG - Updating ship...
2026-08-02 21:43:22,309 - DEBUG - Updating music
2026-08-02 21:43:22,310 - DEBUG - Entered _check_music
2026-08-02 21:43:22,310 - DEBUG - Paused: False, Music Playing: True
2026-08-02 21:43:22,323 - DEBUG - Tick
2026-08-02 21:43:22,323 - DEBUG - Updating ship...
2026-08-02 21:43:22,326 - DEBUG - Updating music
2026-08-02 21:43:22,326 - DEBUG - Entered _check_music
2026-08-02 21:43:22,326 - DEBUG - Paused: False, Music Playing: True
2026-08-02 21:43:22,338 - DEBUG - Tick
2026-08-02 21:43:22,339 - DEBUG - Updating ship...
2026-08-02 21:43:22,342 - DEBUG - Updating music
2026-08-02 21:43:22,342 - DEBUG - Entered _check_music
2026-08-02 21:43:22,342 - DEBUG - Paused: False, Music Playing: True
2026-08-02 21:43:22,355 - DEBUG - Tick
2026-08-02 21:43:22,355 - DEBUG - Updating ship...
2026-08-02 21:43:22,358 - DEBUG - Updating music
2026-08-02 21:43:22,358 - DEBUG - Entered _check_music
2026-08-02 21:43:22,358 - DEBUG - Paused: False, Music Playing: True
2026-08-02 21:43:22,371 - DEBUG - Tick
2026-08-02 21:43:22,371 - DEBUG - Updating ship...
2026-08-02 21:43:22,374 - DEBUG - Updating music
2026-08-02 21:43:22,374 - DEBUG - Entered _check_music
2026-08-02 21:43:22,374 - DEBUG - Paused: False, Music Playing: True
2026-08-02 21:43:22,386 - DEBUG - Tick
2026-08-02 21:43:22,386 - DEBUG - Updating ship...
2026-08-02 21:43:22,390 - DEBUG - Updating music
2026-08-02 21:43:22,390 - DEBUG - Entered _check_music
2026-08-02 21:43:22,390 - DEBUG - Paused: False, Music Playing: True
2026-08-02 21:43:22,403 - DEBUG - Tick
2026-08-02 21:43:22,403 - DEBUG - Updating ship...
2026-08-02 21:43:22,406 - DEBUG - Updating music
2026-08-02 21:43:22,406 - DEBUG - Entered _check_music
2026-08-02 21:43:22,406 - DEBUG - Paused: False, Music Playing: True
2026-08-02 21:43:22,418 - DEBUG - Tick
2026-08-02 21:43:22,418 - DEBUG - Updating ship...
2026-08-02 21:43:22,421 - DEBUG - Updating music
2026-08-02 21:43:22,421 - DEBUG - Entered _check_music
2026-08-02 21:43:22,421 - DEBUG - Paused: False, Music Playing: True
2026-08-02 21:43:22,435 - DEBUG - Tick
2026-08-02 21:43:22,435 - DEBUG - Updating ship...
2026-08-02 21:43:22,438 - DEBUG - Updating music
2026-08-02 21:43:22,438 - DEBUG - Entered _check_music
2026-08-02 21:43:22,438 - DEBUG - Paused: False, Music Playing: True
2026-08-02 21:43:22,450 - DEBUG - Tick
2026-08-02 21:43:22,451 - DEBUG - Updating ship...
2026-08-02 21:43:22,454 - DEBUG - Updating music
2026-08-02 21:43:22,454 - DEBUG - Entered _check_music
2026-08-02 21:43:22,454 - DEBUG - Paused: False, Music Playing: True
2026-08-02 21:43:22,466 - DEBUG - Tick
2026-08-02 21:43:22,467 - DEBUG - Updating ship...
2026-08-02 21:43:22,469 - DEBUG - Updating music
2026-08-02 21:43:22,470 - DEBUG - Entered _check_music
2026-08-02 21:43:22,470 - DEBUG - Paused: False, Music Playing: True
2026-08-02 21:43:22,483 - DEBUG - Tick
2026-08-02 21:43:22,483 - DEBUG - Updating ship...
2026-08-02 21:43:22,486 - DEBUG - Updating music
2026-08-02 21:43:22,486 - DEBUG - Entered _check_music
2026-08-02 21:43:22,486 - DEBUG - Paused: False, Music Playing: True
2026-08-02 21:43:22,499 - DEBUG - Tick
2026-08-02 21:43:22,499 - DEBUG - Updating ship...
2026-08-02 21:43:22,502 - DEBUG - Updating music
2026-08-02 21:43:22,502 - DEBUG - Entered _check_music
2026-08-02 21:43:22,502 - DEBUG - Paused: False, Music Playing: True
2026-08-02 21:43:22,515 - DEBUG - Tick
2026-08-02 21:43:22,515 - DEBUG - Updating ship...
2026-08-02 21:43:22,517 - DEBUG - Updating music
2026-08-02 21:43:22,518 - DEBUG - Entered _check_music
2026-08-02 21:43:22,518 - DEBUG - Paused: False, Music Playing: True
2026-08-02 21:43:22,531 - DEBUG - Tick
2026-08-02 21:43:22,531 - DEBUG - Updating ship...
2026-08-02 21:43:22,534 - DEBUG - Updating music
2026-08-02 21:43:22,534 - DEBUG - Entered _check_music
2026-08-02 21:43:22,534 - DEBUG - Paused: False, Music Playing: True
2026-08-02 21:43:22,546 - DEBUG - Tick
2026-08-02 21:43:22,546 - DEBUG - Updating ship...
2026-08-02 21:43:22,549 - DEBUG - Updating music
2026-08-02 21:43:22,549 - DEBUG - Entered _check_music
2026-08-02 21:43:22,549 - DEBUG - Paused: False, Music Playing: True
2026-08-02 21:43:22,562 - DEBUG - Tick
2026-08-02 21:43:22,563 - DEBUG - Updating ship...
2026-08-02 21:43:22,565 - DEBUG - Updating music
2026-08-02 21:43:22,566 - DEBUG - Entered _check_music
2026-08-02 21:43:22,566 - DEBUG - Paused: False, Music Playing: True
2026-08-02 21:43:22,579 - DEBUG - Tick
2026-08-02 21:43:22,579 - DEBUG - Updating ship...
2026-08-02 21:43:22,582 - DEBUG - Updating music
2026-08-02 21:43:22,582 - DEBUG - Entered _check_music
2026-08-02 21:43:22,582 - DEBUG - Paused: False, Music Playing: True
2026-08-02 21:43:22,595 - DEBUG - Tick
2026-08-02 21:43:22,595 - DEBUG - Updating ship...
2026-08-02 21:43:22,598 - DEBUG - Updating music
2026-08-02 21:43:22,598 - DEBUG - Entered _check_music
2026-08-02 21:43:22,598 - DEBUG - Paused: False, Music Playing: True
2026-08-02 21:43:22,610 - DEBUG - Tick
2026-08-02 21:43:22,611 - DEBUG - Updating ship...
2026-08-02 21:43:22,614 - DEBUG - Updating music
2026-08-02 21:43:22,614 - DEBUG - Entered _check_music
2026-08-02 21:43:22,614 - DEBUG - Paused: False, Music Playing: True
2026-08-02 21:43:22,627 - DEBUG - Tick
2026-08-02 21:43:22,627 - DEBUG - Updating ship...
2026-08-02 21:43:22,630 - DEBUG - Updating music
2026-08-02 21:43:22,630 - DEBUG - Entered _check_music
2026-08-02 21:43:22,630 - DEBUG - Paused: False, Music Playing: True
2026-08-02 21:43:22,643 - DEBUG - Tick
2026-08-02 21:43:22,643 - DEBUG - Updating ship...
2026-08-02 21:43:22,646 - DEBUG - Updating music
2026-08-02 21:43:22,646 - DEBUG - Entered _check_music
2026-08-02 21:43:22,646 - DEBUG - Paused: False, Music Playing: True
2026-08-02 21:43:22,660 - DEBUG - Tick
2026-08-02 21:43:22,660 - DEBUG - Updating ship...
2026-08-02 21:43:22,662 - DEBUG - Updating music
2026-08-02 21:43:22,663 - DEBUG - Entered _check_music
2026-08-02 21:43:22,663 - DEBUG - Paused: False, Music Playing: True
2026-08-02 21:43:22,676 - DEBUG - Tick
2026-08-02 21:43:22,676 - DEBUG - Updating ship...
2026-08-02 21:43:22,679 - DEBUG - Updating music
2026-08-02 21:43:22,679 - DEBUG - Entered _check_music
2026-08-02 21:43:22,679 - DEBUG - Paused: False, Music Playing: True
2026-08-02 21:43:22,691 - DEBUG - Tick
2026-08-02 21:43:22,691 - DEBUG - Updating ship...
2026-08-02 21:43:22,694 - DEBUG - Updating music
2026-08-02 21:43:22,695 - DEBUG - Entered _check_music
2026-08-02 21:43:22,695 - DEBUG - Paused: False, Music Playing: True
2026-08-02 21:43:22,708 - DEBUG - Tick
2026-08-02 21:43:22,708 - DEBUG - Updating ship...
2026-08-02 21:43:22,710 - DEBUG - Updating music
2026-08-02 21:43:22,710 - DEBUG - Entered _check_music
2026-08-02 21:43:22,711 - DEBUG - Paused: False, Music Playing: True
2026-08-02 21:43:22,724 - DEBUG - Tick
2026-08-02 21:43:22,724 - DEBUG - Updating ship...
2026-08-02 21:43:22,727 - DEBUG - Updating music
2026-08-02 21:43:22,727 - DEBUG - Entered _check_music
2026-08-02 21:43:22,727 - DEBUG - Paused: False, Music Playing: True
2026-08-02 21:43:22,739 - DEBUG - Tick
2026-08-02 21:43:22,739 - DEBUG - Updating ship...
2026-08-02 21:43:22,743 - DEBUG - Updating music
2026-08-02 21:43:22,743 - DEBUG - Entered _check_music
2026-08-02 21:43:22,743 - DEBUG - Paused: False, Music Playing: True
2026-08-02 21:43:22,756 - DEBUG - Tick
2026-08-02 21:43:22,756 - DEBUG - Updating ship...
2026-08-02 21:43:22,759 - DEBUG - Updating music
2026-08-02 21:43:22,760 - DEBUG - Entered _check_music
2026-08-02 21:43:22,760 - DEBUG - Paused: False, Music Playing: True
2026-08-02 21:43:22,773 - DEBUG - Tick
2026-08-02 21:43:22,773 - DEBUG - Updating ship...
2026-08-02 21:43:22,776 - DEBUG - Updating music
2026-08-02 21:43:22,776 - DEBUG - Entered _check_music
2026-08-02 21:43:22,776 - DEBUG - Paused: False, Music Playing: True
2026-08-02 21:43:22,788 - DEBUG - Tick
2026-08-02 21:43:22,789 - DEBUG - Updating ship...
2026-08-02 21:43:22,791 - DEBUG - Updating music
2026-08-02 21:43:22,792 - DEBUG - Entered _check_music
2026-08-02 21:43:22,792 - DEBUG - Paused: False, Music Playing: True
2026-08-02 21:43:22,805 - DEBUG - Tick
2026-08-02 21:43:22,805 - DEBUG - Updating ship...
2026-08-02 21:43:22,808 - DEBUG - Updating music
2026-08-02 21:43:22,808 - DEBUG - Entered _check_music
2026-08-02 21:43:22,808 - DEBUG - Paused: False, Music Playing: True
2026-08-02 21:43:22,820 - DEBUG - Tick
2026-08-02 21:43:22,821 - DEBUG - Updating ship...
2026-08-02 21:43:22,824 - DEBUG - Updating music
2026-08-02 21:43:22,824 - DEBUG - Entered _check_music
2026-08-02 21:43:22,824 - DEBUG - Paused: False, Music Playing: True
2026-08-02 21:43:22,837 - DEBUG - Tick
2026-08-02 21:43:22,837 - DEBUG - Updating ship...
2026-08-02 21:43:22,840 - DEBUG - Updating music
2026-08-02 21:43:22,840 - DEBUG - Entered _check_music
2026-08-02 21:43:22,840 - DEBUG - Paused: False, Music Playing: True
2026-08-02 21:43:22,852 - DEBUG - Tick
2026-08-02 21:43:22,852 - DEBUG - Updating ship...
2026-08-02 21:43:22,854 - DEBUG - Updating music
2026-08-02 21:43:22,854 - DEBUG - Entered _check_music
2026-08-02 21:43:22,854 - DEBUG - Paused: False, Music Playing: True
2026-08-02 21:43:22,869 - DEBUG - Tick
2026-08-02 21:43:22,869 - DEBUG - Updating ship...
2026-08-02 21:43:22,871 - DEBUG - Updating music
2026-08-02 21:43:22,871 - DEBUG - Entered _check_music
2026-08-02 21:43:22,872 - DEBUG - Paused: False, Music Playing: True
2026-08-02 21:43:22,885 - DEBUG - Tick
2026-08-02 21:43:22,885 - DEBUG - Updating ship...
2026-08-02 21:43:22,887 - DEBUG - Updating music
2026-08-02 21:43:22,887 - DEBUG - Entered _check_music
2026-08-02 21:43:22,887 - DEBUG - Paused: False, Music Playing: True
2026-08-02 21:43:22,901 - DEBUG - Tick
2026-08-02 21:43:22,901 - DEBUG - Updating ship...
2026-08-02 21:43:22,903 - DEBUG - Updating music
2026-08-02 21:43:22,903 - DEBUG - Entered _check_music
2026-08-02 21:43:22,903 - DEBUG - Paused: False, Music Playing: True
2026-08-02 21:43:22,917 - DEBUG - Tick
2026-08-02 21:43:22,917 - DEBUG - Updating ship...
2026-08-02 21:43:22,920 - DEBUG - Updating music
2026-08-02 21:43:22,920 - DEBUG - Entered _check_music
2026-08-02 21:43:22,920 - DEBUG - Paused: False, Music Playing: True
2026-08-02 21:43:22,933 - DEBUG - Tick
2026-08-02 21:43:22,933 - DEBUG - Updating ship...
2026-08-02 21:43:22,936 - DEBUG - Updating music
2026-08-02 21:43:22,936 - DEBUG - Entered _check_music
2026-08-02 21:43:22,936 - DEBUG - Paused: False, Music Playing: True
2026-08-02 21:43:22,950 - DEBUG - Tick
2026-08-02 21:43:22,950 - DEBUG - Updating ship...
2026-08-02 21:43:22,952 - DEBUG - Updating music
2026-08-02 21:43:22,952 - DEBUG - Entered _check_music
2026-08-02 21:43:22,952 - DEBUG - Paused: False, Music Playing: True
2026-08-02 21:43:22,966 - DEBUG - Tick
2026-08-02 21:43:22,966 - DEBUG - Updating ship...
2026-08-02 21:43:22,968 - DEBUG - Updating music
2026-08-02 21:43:22,968 - DEBUG - Entered _check_music
2026-08-02 21:43:22,968 - DEBUG - Paused: False, Music Playing: True
2026-08-02 21:43:22,982 - DEBUG - Tick
2026-08-02 21:43:22,982 - DEBUG - Updating ship...
2026-08-02 21:43:22,984 - DEBUG - Updating music
2026-08-02 21:43:22,984 - DEBUG - Entered _check_music
2026-08-02 21:43:22,984 - DEBUG - Paused: False, Music Playing: True
2026-08-02 21:43:22,997 - DEBUG - Tick
2026-08-02 21:43:22,998 - DEBUG - Updating ship...
2026-08-02 21:43:23,000 - DEBUG - Updating music
2026-08-02 21:43:23,001 - DEBUG - Entered _check_music
2026-08-02 21:43:23,001 - DEBUG - Paused: False, Music Playing: True
2026-08-02 21:43:23,014 - DEBUG - Tick
2026-08-02 21:43:23,014 - DEBUG - Updating ship...
2026-08-02 21:43:23,017 - DEBUG - Updating music
2026-08-02 21:43:23,017 - DEBUG - Entered _check_music
2026-08-02 21:43:23,017 - DEBUG - Paused: False, Music Playing: True
2026-08-02 21:43:23,030 - DEBUG - Tick
2026-08-02 21:43:23,030 - DEBUG - Updating ship...
2026-08-02 21:43:23,033 - DEBUG - Updating music
2026-08-02 21:43:23,033 - DEBUG - Entered _check_music
2026-08-02 21:43:23,033 - DEBUG - Paused: False, Music Playing: True
2026-08-02 21:43:23,046 - DEBUG - Tick
2026-08-02 21:43:23,047 - DEBUG - Updating ship...
2026-08-02 21:43:23,049 - DEBUG - Updating music
2026-08-02 21:43:23,049 - DEBUG - Entered _check_music
2026-08-02 21:43:23,050 - DEBUG - Paused: False, Music Playing: True
2026-08-02 21:43:23,063 - DEBUG - Tick
2026-08-02 21:43:23,063 - DEBUG - Updating ship...
2026-08-02 21:43:23,066 - DEBUG - Updating music
2026-08-02 21:43:23,066 - DEBUG - Entered _check_music
2026-08-02 21:43:23,066 - DEBUG - Paused: False, Music Playing: True
2026-08-02 21:43:23,079 - DEBUG - Tick
2026-08-02 21:43:23,079 - DEBUG - Updating ship...
2026-08-02 21:43:23,082 - DEBUG - Updating music
2026-08-02 21:43:23,082 - DEBUG - Entered _check_music
2026-08-02 21:43:23,082 - DEBUG - Paused: False, Music Playing: True
2026-08-02 21:43:23,094 - DEBUG - Tick
2026-08-02 21:43:23,094 - DEBUG - Updating ship...
2026-08-02 21:43:23,097 - DEBUG - Updating music
2026-08-02 21:43:23,097 - DEBUG - Entered _check_music
2026-08-02 21:43:23,098 - DEBUG - Paused: False, Music Playing: True
2026-08-02 21:43:23,111 - DEBUG - Tick
2026-08-02 21:43:23,111 - DEBUG - Updating ship...
2026-08-02 21:43:23,114 - DEBUG - Updating music
2026-08-02 21:43:23,114 - DEBUG - Entered _check_music
2026-08-02 21:43:23,114 - DEBUG - Paused: False, Music Playing: True
2026-08-02 21:43:23,126 - DEBUG - Tick
2026-08-02 21:43:23,126 - DEBUG - Updating ship...
2026-08-02 21:43:23,129 - DEBUG - Updating music
2026-08-02 21:43:23,130 - DEBUG - Entered _check_music
2026-08-02 21:43:23,130 - DEBUG - Paused: False, Music Playing: True
2026-08-02 21:43:23,143 - DEBUG - Tick
2026-08-02 21:43:23,143 - DEBUG - Updating ship...
2026-08-02 21:43:23,146 - DEBUG - Updating music
2026-08-02 21:43:23,146 - DEBUG - Entered _check_music
2026-08-02 21:43:23,146 - DEBUG - Paused: False, Music Playing: True
2026-08-02 21:43:23,158 - DEBUG - Tick
2026-08-02 21:43:23,158 - DEBUG - Updating ship...
2026-08-02 21:43:23,162 - DEBUG - Updating music
2026-08-02 21:43:23,162 - DEBUG - Entered _check_music
2026-08-02 21:43:23,162 - DEBUG - Paused: False, Music Playing: True
2026-08-02 21:43:23,175 - DEBUG - Tick
2026-08-02 21:43:23,175 - DEBUG - Updating ship...
2026-08-02 21:43:23,178 - DEBUG - Updating music
2026-08-02 21:43:23,178 - DEBUG - Entered _check_music
2026-08-02 21:43:23,178 - DEBUG - Paused: False, Music Playing: True
2026-08-02 21:43:23,190 - DEBUG - Tick
2026-08-02 21:43:23,190 - DEBUG - Updating ship...
2026-08-02 21:43:23,193 - DEBUG - Updating music
2026-08-02 21:43:23,194 - DEBUG - Entered _check_music
2026-08-02 21:43:23,194 - DEBUG - Paused: False, Music Playing: True
2026-08-02 21:43:23,207 - DEBUG - Tick
2026-08-02 21:43:23,207 - DEBUG - Updating ship...
2026-08-02 21:43:23,210 - DEBUG - Updating music
2026-08-02 21:43:23,210 - DEBUG - Entered _check_music
2026-08-02 21:43:23,210 - DEBUG - Paused: False, Music Playing: True
2026-08-02 21:43:23,222 - DEBUG - Tick
2026-08-02 21:43:23,222 - DEBUG - Updating ship...
2026-08-02 21:43:23,225 - DEBUG - Updating music
2026-08-02 21:43:23,226 - DEBUG - Entered _check_music
2026-08-02 21:43:23,226 - DEBUG - Paused: False, Music Playing: True
2026-08-02 21:43:23,239 - DEBUG - Tick
2026-08-02 21:43:23,239 - DEBUG - Updating ship...
2026-08-02 21:43:23,242 - DEBUG - Updating music
2026-08-02 21:43:23,242 - DEBUG - Entered _check_music
2026-08-02 21:43:23,242 - DEBUG - Paused: False, Music Playing: True
2026-08-02 21:43:23,254 - DEBUG - Tick
2026-08-02 21:43:23,254 - DEBUG - Updating ship...
2026-08-02 21:43:23,257 - DEBUG - Updating music
2026-08-02 21:43:23,258 - DEBUG - Entered _check_music
2026-08-02 21:43:23,258 - DEBUG - Paused: False, Music Playing: True
2026-08-02 21:43:23,271 - DEBUG - Tick
2026-08-02 21:43:23,271 - DEBUG - Updating ship...
2026-08-02 21:43:23,274 - DEBUG - Updating music
2026-08-02 21:43:23,274 - DEBUG - Entered _check_music
2026-08-02 21:43:23,274 - DEBUG - Paused: False, Music Playing: True
2026-08-02 21:43:23,286 - DEBUG - Tick
2026-08-02 21:43:23,287 - DEBUG - Updating ship...
2026-08-02 21:43:23,289 - DEBUG - Updating music
2026-08-02 21:43:23,290 - DEBUG - Entered _check_music
2026-08-02 21:43:23,290 - DEBUG - Paused: False, Music Playing: True
2026-08-02 21:43:23,303 - DEBUG - Tick
2026-08-02 21:43:23,303 - DEBUG - Updating ship...
2026-08-02 21:43:23,306 - DEBUG - Updating music
2026-08-02 21:43:23,306 - DEBUG - Entered _check_music
2026-08-02 21:43:23,306 - DEBUG - Paused: False, Music Playing: True
2026-08-02 21:43:23,319 - DEBUG - Tick
2026-08-02 21:43:23,319 - DEBUG - Updating ship...
2026-08-02 21:43:23,322 - DEBUG - Updating music
2026-08-02 21:43:23,322 - DEBUG - Entered _check_music
2026-08-02 21:43:23,322 - DEBUG - Paused: False, Music Playing: True
2026-08-02 21:43:23,335 - DEBUG - Tick
2026-08-02 21:43:23,335 - DEBUG - Updating ship...
2026-08-02 21:43:23,337 - DEBUG - Updating music
2026-08-02 21:43:23,337 - DEBUG - Entered _check_music
2026-08-02 21:43:23,337 - DEBUG - Paused: False, Music Playing: True
2026-08-02 21:43:23,351 - DEBUG - Tick
2026-08-02 21:43:23,351 - DEBUG - Updating ship...
2026-08-02 21:43:23,353 - DEBUG - Updating music
2026-08-02 21:43:23,353 - DEBUG - Entered _check_music
2026-08-02 21:43:23,353 - DEBUG - Paused: False, Music Playing: True
2026-08-02 21:43:23,366 - DEBUG - Tick
2026-08-02 21:43:23,367 - DEBUG - Updating ship...
2026-08-02 21:43:23,369 - DEBUG - Updating music
2026-08-02 21:43:23,369 - DEBUG - Entered _check_music
2026-08-02 21:43:23,369 - DEBUG - Paused: False, Music Playing: True
2026-08-02 21:43:23,382 - DEBUG - Tick
2026-08-02 21:43:23,382 - DEBUG - Updating ship...
2026-08-02 21:43:23,385 - DEBUG - Updating music
2026-08-02 21:43:23,385 - DEBUG - Entered _check_music
2026-08-02 21:43:23,385 - DEBUG - Paused: False, Music Playing: True
2026-08-02 21:43:23,399 - DEBUG - Tick
2026-08-02 21:43:23,400 - DEBUG - Updating ship...
2026-08-02 21:43:23,402 - DEBUG - Updating music
2026-08-02 21:43:23,402 - DEBUG - Entered _check_music
2026-08-02 21:43:23,402 - DEBUG - Paused: False, Music Playing: True
2026-08-02 21:43:23,416 - DEBUG - Tick
2026-08-02 21:43:23,416 - DEBUG - Updating ship...
2026-08-02 21:43:23,419 - DEBUG - Updating music
2026-08-02 21:43:23,419 - DEBUG - Entered _check_music
2026-08-02 21:43:23,419 - DEBUG - Paused: False, Music Playing: True
2026-08-02 21:43:23,432 - DEBUG - Tick
2026-08-02 21:43:23,432 - DEBUG - Updating ship...
2026-08-02 21:43:23,435 - DEBUG - Updating music
2026-08-02 21:43:23,435 - DEBUG - Entered _check_music
2026-08-02 21:43:23,435 - DEBUG - Paused: False, Music Playing: True
2026-08-02 21:43:23,447 - DEBUG - Tick
2026-08-02 21:43:23,448 - DEBUG - Updating ship...
2026-08-02 21:43:23,451 - DEBUG - Updating music
2026-08-02 21:43:23,451 - DEBUG - Entered _check_music
2026-08-02 21:43:23,451 - DEBUG - Paused: False, Music Playing: True
2026-08-02 21:43:23,464 - DEBUG - Tick
2026-08-02 21:43:23,464 - DEBUG - Updating ship...
2026-08-02 21:43:23,467 - DEBUG - Updating music
2026-08-02 21:43:23,468 - DEBUG - Entered _check_music
2026-08-02 21:43:23,468 - DEBUG - Paused: False, Music Playing: True
2026-08-02 21:43:23,481 - DEBUG - Tick
2026-08-02 21:43:23,481 - DEBUG - Updating ship...
2026-08-02 21:43:23,484 - DEBUG - Updating music
2026-08-02 21:43:23,484 - DEBUG - Entered _check_music
2026-08-02 21:43:23,485 - DEBUG - Paused: False, Music Playing: True
2026-08-02 21:43:23,497 - DEBUG - Tick
2026-08-02 21:43:23,497 - DEBUG - Updating ship...
2026-08-02 21:43:23,500 - DEBUG - Updating music
2026-08-02 21:43:23,501 - DEBUG - Entered _check_music
2026-08-02 21:43:23,501 - DEBUG - Paused: False, Music Playing: True
2026-08-02 21:43:23,513 - DEBUG - Tick
2026-08-02 21:43:23,513 - DEBUG - Updating ship...
2026-08-02 21:43:23,516 - DEBUG - Updating music
2026-08-02 21:43:23,516 - DEBUG - Entered _check_music
2026-08-02 21:43:23,516 - DEBUG - Paused: False, Music Playing: True
2026-08-02 21:43:23,529 - DEBUG - Tick
2026-08-02 21:43:23,529 - DEBUG - Updating ship...
2026-08-02 21:43:23,532 - DEBUG - Updating music
2026-08-02 21:43:23,532 - DEBUG - Entered _check_music
2026-08-02 21:43:23,532 - DEBUG - Paused: False, Music Playing: True
2026-08-02 21:43:23,545 - DEBUG - Tick
2026-08-02 21:43:23,545 - DEBUG - Updating ship...
2026-08-02 21:43:23,548 - DEBUG - Updating music
2026-08-02 21:43:23,548 - DEBUG - Entered _check_music
2026-08-02 21:43:23,548 - DEBUG - Paused: False, Music Playing: True
2026-08-02 21:43:23,562 - DEBUG - Tick
2026-08-02 21:43:23,562 - DEBUG - Updating ship...
2026-08-02 21:43:23,565 - DEBUG - Updating music
2026-08-02 21:43:23,565 - DEBUG - Entered _check_music
2026-08-02 21:43:23,565 - DEBUG - Paused: False, Music Playing: True
2026-08-02 21:43:23,577 - DEBUG - Tick
2026-08-02 21:43:23,578 - DEBUG - Updating ship...
2026-08-02 21:43:23,581 - DEBUG - Updating music
2026-08-02 21:43:23,581 - DEBUG - Entered _check_music
2026-08-02 21:43:23,581 - DEBUG - Paused: False, Music Playing: True
2026-08-02 21:43:23,594 - DEBUG - Tick
2026-08-02 21:43:23,594 - DEBUG - Updating ship...
2026-08-02 21:43:23,597 - DEBUG - Updating music
2026-08-02 21:43:23,597 - DEBUG - Entered _check_music
2026-08-02 21:43:23,597 - DEBUG - Paused: False, Music Playing: True
2026-08-02 21:43:23,610 - DEBUG - Tick
2026-08-02 21:43:23,610 - DEBUG - Updating ship...
2026-08-02 21:43:23,613 - DEBUG - Updating music
2026-08-02 21:43:23,613 - DEBUG - Entered _check_music
2026-08-02 21:43:23,613 - DEBUG - Paused: False, Music Playing: True
2026-08-02 21:43:23,625 - DEBUG - Tick
2026-08-02 21:43:23,626 - DEBUG - Updating ship...
2026-08-02 21:43:23,629 - DEBUG - Updating music
2026-08-02 21:43:23,629 - DEBUG - Entered _check_music
2026-08-02 21:43:23,629 - DEBUG - Paused: False, Music Playing: True
2026-08-02 21:43:23,642 - DEBUG - Tick
2026-08-02 21:43:23,643 - DEBUG - Updating ship...
2026-08-02 21:43:23,646 - DEBUG - Updating music
2026-08-02 21:43:23,646 - DEBUG - Entered _check_music
2026-08-02 21:43:23,646 - DEBUG - Paused: False, Music Playing: True
2026-08-02 21:43:23,659 - DEBUG - Tick
2026-08-02 21:43:23,659 - DEBUG - Updating ship...
2026-08-02 21:43:23,662 - DEBUG - Updating music
2026-08-02 21:43:23,663 - DEBUG - Entered _check_music
2026-08-02 21:43:23,663 - DEBUG - Paused: False, Music Playing: True
2026-08-02 21:43:23,675 - DEBUG - Tick
2026-08-02 21:43:23,675 - DEBUG - Updating ship...
2026-08-02 21:43:23,678 - DEBUG - Updating music
2026-08-02 21:43:23,678 - DEBUG - Entered _check_music
2026-08-02 21:43:23,678 - DEBUG - Paused: False, Music Playing: True
2026-08-02 21:43:23,691 - DEBUG - Tick
2026-08-02 21:43:23,691 - DEBUG - Updating ship...
2026-08-02 21:43:23,694 - DEBUG - Updating music
2026-08-02 21:43:23,694 - DEBUG - Entered _check_music
2026-08-02 21:43:23,694 - DEBUG - Paused: False, Music Playing: True
2026-08-02 21:43:23,706 - DEBUG - Tick
2026-08-02 21:43:23,707 - DEBUG - Updating ship...
2026-08-02 21:43:23,710 - DEBUG - Updating music
2026-08-02 21:43:23,710 - DEBUG - Entered _check_music
2026-08-02 21:43:23,710 - DEBUG - Paused: False, Music Playing: True
2026-08-02 21:43:23,722 - DEBUG - Tick
2026-08-02 21:43:23,723 - DEBUG - Updating ship...
2026-08-02 21:43:23,726 - DEBUG - Updating music
2026-08-02 21:43:23,726 - DEBUG - Entered _check_music
2026-08-02 21:43:23,726 - DEBUG - Paused: False, Music Playing: True
2026-08-02 21:43:23,739 - DEBUG - Tick
2026-08-02 21:43:23,740 - DEBUG - Updating ship...
2026-08-02 21:43:23,742 - DEBUG - Updating music
2026-08-02 21:43:23,743 - DEBUG - Entered _check_music
2026-08-02 21:43:23,743 - DEBUG - Paused: False, Music Playing: True
2026-08-02 21:43:23,755 - DEBUG - Tick
2026-08-02 21:43:23,755 - DEBUG - Updating ship...
2026-08-02 21:43:23,758 - DEBUG - Updating music
2026-08-02 21:43:23,758 - DEBUG - Entered _check_music
2026-08-02 21:43:23,758 - DEBUG - Paused: False, Music Playing: True
2026-08-02 21:43:23,771 - DEBUG - Tick
2026-08-02 21:43:23,771 - DEBUG - Updating ship...
2026-08-02 21:43:23,774 - DEBUG - Updating music
2026-08-02 21:43:23,774 - DEBUG - Entered _check_music
2026-08-02 21:43:23,774 - DEBUG - Paused: False, Music Playing: True
2026-08-02 21:43:23,787 - DEBUG - Tick
2026-08-02 21:43:23,787 - DEBUG - Updating ship...
2026-08-02 21:43:23,790 - DEBUG - Updating music
2026-08-02 21:43:23,790 - DEBUG - Entered _check_music
2026-08-02 21:43:23,790 - DEBUG - Paused: False, Music Playing: True
2026-08-02 21:43:23,803 - DEBUG - Tick
2026-08-02 21:43:23,803 - DEBUG - Updating ship...
2026-08-02 21:43:23,805 - DEBUG - Updating music
2026-08-02 21:43:23,806 - DEBUG - Entered _check_music
2026-08-02 21:43:23,806 - DEBUG - Paused: False, Music Playing: True
2026-08-02 21:43:23,819 - DEBUG - Tick
2026-08-02 21:43:23,819 - DEBUG - Updating ship...
2026-08-02 21:43:23,822 - DEBUG - Updating music
2026-08-02 21:43:23,822 - DEBUG - Entered _check_music
2026-08-02 21:43:23,822 - DEBUG - Paused: False, Music Playing: True
2026-08-02 21:43:23,835 - DEBUG - Tick
2026-08-02 21:43:23,836 - DEBUG - Updating ship...
2026-08-02 21:43:23,838 - DEBUG - Updating music
2026-08-02 21:43:23,838 - DEBUG - Entered _check_music
2026-08-02 21:43:23,838 - DEBUG - Paused: False, Music Playing: True
2026-08-02 21:43:23,851 - DEBUG - Tick
2026-08-02 21:43:23,852 - DEBUG - Updating ship...
2026-08-02 21:43:23,854 - DEBUG - Updating music
2026-08-02 21:43:23,854 - DEBUG - Entered _check_music
2026-08-02 21:43:23,854 - DEBUG - Paused: False, Music Playing: True
2026-08-02 21:43:23,868 - DEBUG - Tick
2026-08-02 21:43:23,869 - DEBUG - Updating ship...
2026-08-02 21:43:23,871 - DEBUG - Updating music
2026-08-02 21:43:23,871 - DEBUG - Entered _check_music
2026-08-02 21:43:23,871 - DEBUG - Paused: False, Music Playing: True
2026-08-02 21:43:23,884 - DEBUG - Tick
2026-08-02 21:43:23,885 - DEBUG - Updating ship...
2026-08-02 21:43:23,887 - DEBUG - Updating music
2026-08-02 21:43:23,887 - DEBUG - Entered _check_music
2026-08-02 21:43:23,887 - DEBUG - Paused: False, Music Playing: True
2026-08-02 21:43:23,900 - DEBUG - Tick
2026-08-02 21:43:23,901 - DEBUG - Updating ship...
2026-08-02 21:43:23,903 - DEBUG - Updating music
2026-08-02 21:43:23,903 - DEBUG - Entered _check_music
2026-08-02 21:43:23,903 - DEBUG - Paused: False, Music Playing: True
2026-08-02 21:43:23,916 - DEBUG - Tick
2026-08-02 21:43:23,916 - DEBUG - Updating ship...
2026-08-02 21:43:23,919 - DEBUG - Updating music
2026-08-02 21:43:23,919 - DEBUG - Entered _check_music
2026-08-02 21:43:23,919 - DEBUG - Paused: False, Music Playing: True
2026-08-02 21:43:23,932 - DEBUG - Tick
2026-08-02 21:43:23,933 - DEBUG - Updating ship...
2026-08-02 21:43:23,936 - DEBUG - Updating music
2026-08-02 21:43:23,936 - DEBUG - Entered _check_music
2026-08-02 21:43:23,936 - DEBUG - Paused: False, Music Playing: True
2026-08-02 21:43:23,948 - DEBUG - Tick
2026-08-02 21:43:23,948 - DEBUG - Updating ship...
2026-08-02 21:43:23,951 - DEBUG - Updating music
2026-08-02 21:43:23,951 - DEBUG - Entered _check_music
2026-08-02 21:43:23,951 - DEBUG - Paused: False, Music Playing: True
2026-08-02 21:43:23,964 - DEBUG - Tick
2026-08-02 21:43:23,965 - DEBUG - Updating ship...
2026-08-02 21:43:23,967 - DEBUG - Updating music
2026-08-02 21:43:23,967 - DEBUG - Entered _check_music
2026-08-02 21:43:23,967 - DEBUG - Paused: False, Music Playing: True
2026-08-02 21:43:23,980 - DEBUG - Tick
2026-08-02 21:43:23,981 - DEBUG - Updating ship...
2026-08-02 21:43:23,983 - DEBUG - Updating music
2026-08-02 21:43:23,983 - DEBUG - Entered _check_music
2026-08-02 21:43:23,983 - DEBUG - Paused: False, Music Playing: True
2026-08-02 21:43:23,997 - DEBUG - Tick
2026-08-02 21:43:23,997 - DEBUG - Updating ship...
2026-08-02 21:43:24,000 - DEBUG - Updating music
2026-08-02 21:43:24,000 - DEBUG - Entered _check_music
2026-08-02 21:43:24,000 - DEBUG - Paused: False, Music Playing: True
2026-08-02 21:43:24,013 - DEBUG - Tick
2026-08-02 21:43:24,013 - DEBUG - Updating ship...
2026-08-02 21:43:24,016 - DEBUG - Updating music
2026-08-02 21:43:24,016 - DEBUG - Entered _check_music
2026-08-02 21:43:24,016 - DEBUG - Paused: False, Music Playing: True
2026-08-02 21:43:24,029 - DEBUG - Tick
2026-08-02 21:43:24,029 - DEBUG - Updating ship...
2026-08-02 21:43:24,032 - DEBUG - Updating music
2026-08-02 21:43:24,032 - DEBUG - Entered _check_music
2026-08-02 21:43:24,032 - DEBUG - Paused: False, Music Playing: True
2026-08-02 21:43:24,044 - DEBUG - Tick
2026-08-02 21:43:24,045 - DEBUG - Updating ship...
2026-08-02 21:43:24,048 - DEBUG - Updating music
2026-08-02 21:43:24,048 - DEBUG - Entered _check_music
2026-08-02 21:43:24,048 - DEBUG - Paused: False, Music Playing: True
2026-08-02 21:43:24,061 - DEBUG - Tick
2026-08-02 21:43:24,061 - DEBUG - Updating ship...
2026-08-02 21:43:24,064 - DEBUG - Updating music
2026-08-02 21:43:24,065 - DEBUG - Entered _check_music
2026-08-02 21:43:24,065 - DEBUG - Paused: False, Music Playing: True
2026-08-02 21:43:24,078 - DEBUG - Tick
2026-08-02 21:43:24,078 - DEBUG - Updating ship...
2026-08-02 21:43:24,081 - DEBUG - Updating music
2026-08-02 21:43:24,081 - DEBUG - Entered _check_music
2026-08-02 21:43:24,081 - DEBUG - Paused: False, Music Playing: True
2026-08-02 21:43:24,094 - DEBUG - Tick
2026-08-02 21:43:24,094 - DEBUG - Updating ship...
2026-08-02 21:43:24,097 - DEBUG - Updating music
2026-08-02 21:43:24,097 - DEBUG - Entered _check_music
2026-08-02 21:43:24,097 - DEBUG - Paused: False, Music Playing: True
2026-08-02 21:43:24,110 - DEBUG - Tick
2026-08-02 21:43:24,110 - DEBUG - Updating ship...
2026-08-02 21:43:24,113 - DEBUG - Updating music
2026-08-02 21:43:24,113 - DEBUG - Entered _check_music
2026-08-02 21:43:24,113 - DEBUG - Paused: False, Music Playing: True
2026-08-02 21:43:24,125 - DEBUG - Tick
2026-08-02 21:43:24,126 - DEBUG - Updating ship...
2026-08-02 21:43:24,129 - DEBUG - Updating music
2026-08-02 21:43:24,129 - DEBUG - Entered _check_music
2026-08-02 21:43:24,129 - DEBUG - Paused: False, Music Playing: True
2026-08-02 21:43:24,142 - DEBUG - Tick
2026-08-02 21:43:24,143 - DEBUG - Updating ship...
2026-08-02 21:43:24,145 - DEBUG - Updating music
2026-08-02 21:43:24,146 - DEBUG - Entered _check_music
2026-08-02 21:43:24,146 - DEBUG - Paused: False, Music Playing: True
2026-08-02 21:43:24,158 - DEBUG - Tick
2026-08-02 21:43:24,158 - DEBUG - Updating ship...
2026-08-02 21:43:24,161 - DEBUG - Updating music
2026-08-02 21:43:24,161 - DEBUG - Entered _check_music
2026-08-02 21:43:24,161 - DEBUG - Paused: False, Music Playing: True
2026-08-02 21:43:24,174 - DEBUG - Tick
2026-08-02 21:43:24,174 - DEBUG - Updating ship...
2026-08-02 21:43:24,177 - DEBUG - Updating music
2026-08-02 21:43:24,177 - DEBUG - Entered _check_music
2026-08-02 21:43:24,177 - DEBUG - Paused: False, Music Playing: True
2026-08-02 21:43:24,189 - DEBUG - Tick
2026-08-02 21:43:24,190 - DEBUG - Updating ship...
2026-08-02 21:43:24,193 - DEBUG - Updating music
2026-08-02 21:43:24,193 - DEBUG - Entered _check_music
2026-08-02 21:43:24,193 - DEBUG - Paused: False, Music Playing: True
2026-08-02 21:43:24,205 - DEBUG - Tick
2026-08-02 21:43:24,206 - DEBUG - Updating ship...
2026-08-02 21:43:24,209 - DEBUG - Updating music
2026-08-02 21:43:24,209 - DEBUG - Entered _check_music
2026-08-02 21:43:24,209 - DEBUG - Paused: False, Music Playing: True
2026-08-02 21:43:24,221 - DEBUG - Tick
2026-08-02 21:43:24,222 - DEBUG - Updating ship...
2026-08-02 21:43:24,225 - DEBUG - Updating music
2026-08-02 21:43:24,225 - DEBUG - Entered _check_music
2026-08-02 21:43:24,225 - DEBUG - Paused: False, Music Playing: True
2026-08-02 21:43:24,238 - DEBUG - Tick
2026-08-02 21:43:24,239 - DEBUG - Updating ship...
2026-08-02 21:43:24,242 - DEBUG - Updating music
2026-08-02 21:43:24,242 - DEBUG - Entered _check_music
2026-08-02 21:43:24,242 - DEBUG - Paused: False, Music Playing: True
2026-08-02 21:43:24,255 - DEBUG - Tick
2026-08-02 21:43:24,255 - DEBUG - Updating ship...
2026-08-02 21:43:24,258 - DEBUG - Updating music
2026-08-02 21:43:24,258 - DEBUG - Entered _check_music
2026-08-02 21:43:24,258 - DEBUG - Paused: False, Music Playing: True
2026-08-02 21:43:24,271 - DEBUG - Tick
2026-08-02 21:43:24,271 - DEBUG - Updating ship...
2026-08-02 21:43:24,274 - DEBUG - Updating music
2026-08-02 21:43:24,274 - DEBUG - Entered _check_music
2026-08-02 21:43:24,274 - DEBUG - Paused: False, Music Playing: True
2026-08-02 21:43:24,286 - DEBUG - Tick
2026-08-02 21:43:24,287 - DEBUG - Updating ship...
2026-08-02 21:43:24,290 - DEBUG - Updating music
2026-08-02 21:43:24,290 - DEBUG - Entered _check_music
2026-08-02 21:43:24,290 - DEBUG - Paused: False, Music Playing: True
2026-08-02 21:43:24,303 - DEBUG - Tick
2026-08-02 21:43:24,303 - DEBUG - Updating ship...
2026-08-02 21:43:24,306 - DEBUG - Updating music
2026-08-02 21:43:24,306 - DEBUG - Entered _check_music
2026-08-02 21:43:24,306 - DEBUG - Paused: False, Music Playing: True
2026-08-02 21:43:24,318 - DEBUG - Tick
2026-08-02 21:43:24,319 - DEBUG - Updating ship...
2026-08-02 21:43:24,322 - DEBUG - Updating music
2026-08-02 21:43:24,322 - DEBUG - Entered _check_music
2026-08-02 21:43:24,322 - DEBUG - Paused: False, Music Playing: True
2026-08-02 21:43:24,335 - DEBUG - Tick
2026-08-02 21:43:24,335 - DEBUG - Updating ship...
2026-08-02 21:43:24,338 - DEBUG - Updating music
2026-08-02 21:43:24,338 - DEBUG - Entered _check_music
2026-08-02 21:43:24,338 - DEBUG - Paused: False, Music Playing: True
2026-08-02 21:43:24,351 - DEBUG - Tick
2026-08-02 21:43:24,352 - DEBUG - Updating ship...
2026-08-02 21:43:24,354 - DEBUG - Updating music
2026-08-02 21:43:24,354 - DEBUG - Entered _check_music
2026-08-02 21:43:24,354 - DEBUG - Paused: False, Music Playing: True
2026-08-02 21:43:24,368 - DEBUG - Tick
2026-08-02 21:43:24,368 - DEBUG - Updating ship...
2026-08-02 21:43:24,370 - DEBUG - Updating music
2026-08-02 21:43:24,371 - DEBUG - Entered _check_music
2026-08-02 21:43:24,371 - DEBUG - Paused: False, Music Playing: True
2026-08-02 21:43:24,384 - DEBUG - Tick
2026-08-02 21:43:24,384 - DEBUG - Updating ship...
2026-08-02 21:43:24,387 - DEBUG - Updating music
2026-08-02 21:43:24,387 - DEBUG - Entered _check_music
2026-08-02 21:43:24,387 - DEBUG - Paused: False, Music Playing: True
2026-08-02 21:43:24,398 - DEBUG - Tick
2026-08-02 21:43:24,399 - DEBUG - Updating ship...
2026-08-02 21:43:24,402 - DEBUG - Updating music
2026-08-02 21:43:24,402 - DEBUG - Entered _check_music
2026-08-02 21:43:24,402 - DEBUG - Paused: False, Music Playing: True
2026-08-02 21:43:24,415 - DEBUG - Tick
2026-08-02 21:43:24,415 - DEBUG - Updating ship...
2026-08-02 21:43:24,418 - DEBUG - Updating music
2026-08-02 21:43:24,418 - DEBUG - Entered _check_music
2026-08-02 21:43:24,418 - DEBUG - Paused: False, Music Playing: True
2026-08-02 21:43:24,431 - DEBUG - Tick
2026-08-02 21:43:24,431 - DEBUG - Updating ship...
2026-08-02 21:43:24,434 - DEBUG - Updating music
2026-08-02 21:43:24,434 - DEBUG - Entered _check_music
2026-08-02 21:43:24,434 - DEBUG - Paused: False, Music Playing: True
2026-08-02 21:43:24,446 - DEBUG - Tick
2026-08-02 21:43:24,446 - DEBUG - Updating ship...
2026-08-02 21:43:24,449 - DEBUG - Updating music
2026-08-02 21:43:24,450 - DEBUG - Entered _check_music
2026-08-02 21:43:24,450 - DEBUG - Paused: False, Music Playing: True
2026-08-02 21:43:24,463 - DEBUG - Tick
2026-08-02 21:43:24,463 - DEBUG - Updating ship...
2026-08-02 21:43:24,466 - DEBUG - Updating music
2026-08-02 21:43:24,466 - DEBUG - Entered _check_music
2026-08-02 21:43:24,466 - DEBUG - Paused: False, Music Playing: True
2026-08-02 21:43:24,479 - DEBUG - Tick
2026-08-02 21:43:24,480 - DEBUG - Updating ship...
2026-08-02 21:43:24,482 - DEBUG - Updating music
2026-08-02 21:43:24,483 - DEBUG - Entered _check_music
2026-08-02 21:43:24,483 - DEBUG - Paused: False, Music Playing: True
2026-08-02 21:43:24,496 - DEBUG - Tick
2026-08-02 21:43:24,496 - DEBUG - Updating ship...
2026-08-02 21:43:24,499 - DEBUG - Updating music
2026-08-02 21:43:24,499 - DEBUG - Entered _check_music
2026-08-02 21:43:24,499 - DEBUG - Paused: False, Music Playing: True
2026-08-02 21:43:24,512 - DEBUG - Tick
2026-08-02 21:43:24,512 - DEBUG - Updating ship...
2026-08-02 21:43:24,514 - DEBUG - Updating music
2026-08-02 21:43:24,515 - DEBUG - Entered _check_music
2026-08-02 21:43:24,515 - DEBUG - Paused: False, Music Playing: True
2026-08-02 21:43:24,528 - DEBUG - Tick
2026-08-02 21:43:24,528 - DEBUG - Updating ship...
2026-08-02 21:43:24,531 - DEBUG - Updating music
2026-08-02 21:43:24,532 - DEBUG - Entered _check_music
2026-08-02 21:43:24,532 - DEBUG - Paused: False, Music Playing: True
2026-08-02 21:43:24,544 - DEBUG - Tick
2026-08-02 21:43:24,544 - DEBUG - Updating ship...
2026-08-02 21:43:24,547 - DEBUG - Updating music
2026-08-02 21:43:24,547 - DEBUG - Entered _check_music
2026-08-02 21:43:24,547 - DEBUG - Paused: False, Music Playing: True
2026-08-02 21:43:24,560 - DEBUG - Tick
2026-08-02 21:43:24,560 - DEBUG - Updating ship...
2026-08-02 21:43:24,563 - DEBUG - Updating music
2026-08-02 21:43:24,563 - DEBUG - Entered _check_music
2026-08-02 21:43:24,563 - DEBUG - Paused: False, Music Playing: True
2026-08-02 21:43:24,575 - DEBUG - Tick
2026-08-02 21:43:24,576 - DEBUG - Updating ship...
2026-08-02 21:43:24,579 - DEBUG - Updating music
2026-08-02 21:43:24,579 - DEBUG - Entered _check_music
2026-08-02 21:43:24,579 - DEBUG - Paused: False, Music Playing: True
2026-08-02 21:43:24,592 - DEBUG - Tick
2026-08-02 21:43:24,592 - DEBUG - Updating ship...
2026-08-02 21:43:24,595 - DEBUG - Updating music
2026-08-02 21:43:24,595 - DEBUG - Entered _check_music
2026-08-02 21:43:24,595 - DEBUG - Paused: False, Music Playing: True
2026-08-02 21:43:24,608 - DEBUG - Tick
2026-08-02 21:43:24,608 - DEBUG - Updating ship...
2026-08-02 21:43:24,611 - DEBUG - Updating music
2026-08-02 21:43:24,611 - DEBUG - Entered _check_music
2026-08-02 21:43:24,611 - DEBUG - Paused: False, Music Playing: True
2026-08-02 21:43:24,623 - DEBUG - Tick
2026-08-02 21:43:24,624 - DEBUG - Updating ship...
2026-08-02 21:43:24,627 - DEBUG - Updating music
2026-08-02 21:43:24,627 - DEBUG - Entered _check_music
2026-08-02 21:43:24,627 - DEBUG - Paused: False, Music Playing: True
2026-08-02 21:43:24,640 - DEBUG - Tick
2026-08-02 21:43:24,640 - DEBUG - Updating ship...
2026-08-02 21:43:24,644 - DEBUG - Updating music
2026-08-02 21:43:24,644 - DEBUG - Entered _check_music
2026-08-02 21:43:24,644 - DEBUG - Paused: False, Music Playing: True
2026-08-02 21:43:24,655 - DEBUG - Tick
2026-08-02 21:43:24,656 - DEBUG - Updating ship...
2026-08-02 21:43:24,659 - DEBUG - Updating music
2026-08-02 21:43:24,659 - DEBUG - Entered _check_music
2026-08-02 21:43:24,659 - DEBUG - Paused: False, Music Playing: True
2026-08-02 21:43:24,671 - DEBUG - Tick
2026-08-02 21:43:24,672 - DEBUG - Updating ship...
2026-08-02 21:43:24,675 - DEBUG - Updating music
2026-08-02 21:43:24,675 - DEBUG - Entered _check_music
2026-08-02 21:43:24,675 - DEBUG - Paused: False, Music Playing: True
2026-08-02 21:43:24,688 - DEBUG - Tick
2026-08-02 21:43:24,688 - DEBUG - Updating ship...
2026-08-02 21:43:24,691 - DEBUG - Updating music
2026-08-02 21:43:24,691 - DEBUG - Entered _check_music
2026-08-02 21:43:24,691 - DEBUG - Paused: False, Music Playing: True
2026-08-02 21:43:24,703 - DEBUG - Tick
2026-08-02 21:43:24,703 - DEBUG - Updating ship...
2026-08-02 21:43:24,706 - DEBUG - Updating music
2026-08-02 21:43:24,706 - DEBUG - Entered _check_music
2026-08-02 21:43:24,706 - DEBUG - Paused: False, Music Playing: True
2026-08-02 21:43:24,720 - DEBUG - Tick
2026-08-02 21:43:24,720 - DEBUG - Updating ship...
2026-08-02 21:43:24,723 - DEBUG - Updating music
2026-08-02 21:43:24,723 - DEBUG - Entered _check_music
2026-08-02 21:43:24,723 - DEBUG - Paused: False, Music Playing: True
2026-08-02 21:43:24,736 - DEBUG - Tick
2026-08-02 21:43:24,736 - DEBUG - Updating ship...
2026-08-02 21:43:24,739 - DEBUG - Updating music
2026-08-02 21:43:24,739 - DEBUG - Entered _check_music
2026-08-02 21:43:24,739 - DEBUG - Paused: False, Music Playing: True
2026-08-02 21:43:24,751 - DEBUG - Tick
2026-08-02 21:43:24,752 - DEBUG - Updating ship...
2026-08-02 21:43:24,754 - DEBUG - Updating music
2026-08-02 21:43:24,754 - DEBUG - Entered _check_music
2026-08-02 21:43:24,754 - DEBUG - Paused: False, Music Playing: True
2026-08-02 21:43:24,767 - DEBUG - Tick
2026-08-02 21:43:24,768 - DEBUG - Updating ship...
2026-08-02 21:43:24,770 - DEBUG - Updating music
2026-08-02 21:43:24,770 - DEBUG - Entered _check_music
2026-08-02 21:43:24,770 - DEBUG - Paused: False, Music Playing: True
2026-08-02 21:43:24,783 - DEBUG - Tick
2026-08-02 21:43:24,784 - DEBUG - Updating ship...
2026-08-02 21:43:24,786 - DEBUG - Updating music
2026-08-02 21:43:24,787 - DEBUG - Entered _check_music
2026-08-02 21:43:24,787 - DEBUG - Paused: False, Music Playing: True
2026-08-02 21:43:24,800 - DEBUG - Tick
2026-08-02 21:43:24,800 - DEBUG - Updating ship...
2026-08-02 21:43:24,803 - DEBUG - Updating music
2026-08-02 21:43:24,803 - DEBUG - Entered _check_music
2026-08-02 21:43:24,803 - DEBUG - Paused: False, Music Playing: True
2026-08-02 21:43:24,816 - DEBUG - Tick
2026-08-02 21:43:24,816 - DEBUG - Updating ship...
2026-08-02 21:43:24,819 - DEBUG - Updating music
2026-08-02 21:43:24,819 - DEBUG - Entered _check_music
2026-08-02 21:43:24,819 - DEBUG - Paused: False, Music Playing: True
2026-08-02 21:43:24,832 - DEBUG - Tick
2026-08-02 21:43:24,832 - DEBUG - Updating ship...
2026-08-02 21:43:24,835 - DEBUG - Updating music
2026-08-02 21:43:24,835 - DEBUG - Entered _check_music
2026-08-02 21:43:24,835 - DEBUG - Paused: False, Music Playing: True
2026-08-02 21:43:24,848 - DEBUG - Tick
2026-08-02 21:43:24,849 - DEBUG - Updating ship...
2026-08-02 21:43:24,851 - DEBUG - Updating music
2026-08-02 21:43:24,851 - DEBUG - Entered _check_music
2026-08-02 21:43:24,851 - DEBUG - Paused: False, Music Playing: True
2026-08-02 21:43:24,865 - DEBUG - Tick
2026-08-02 21:43:24,865 - DEBUG - Updating ship...
2026-08-02 21:43:24,867 - DEBUG - Updating music
2026-08-02 21:43:24,867 - DEBUG - Entered _check_music
2026-08-02 21:43:24,867 - DEBUG - Paused: False, Music Playing: True
2026-08-02 21:43:24,880 - DEBUG - Tick
2026-08-02 21:43:24,880 - DEBUG - Updating ship...
2026-08-02 21:43:24,883 - DEBUG - Updating music
2026-08-02 21:43:24,883 - DEBUG - Entered _check_music
2026-08-02 21:43:24,883 - DEBUG - Paused: False, Music Playing: True
2026-08-02 21:43:24,896 - DEBUG - Tick
2026-08-02 21:43:24,897 - DEBUG - Updating ship...
2026-08-02 21:43:24,899 - DEBUG - Updating music
2026-08-02 21:43:24,899 - DEBUG - Entered _check_music
2026-08-02 21:43:24,899 - DEBUG - Paused: False, Music Playing: True
2026-08-02 21:43:24,912 - DEBUG - Tick
2026-08-02 21:43:24,913 - DEBUG - Updating ship...
2026-08-02 21:43:24,915 - DEBUG - Updating music
2026-08-02 21:43:24,915 - DEBUG - Entered _check_music
2026-08-02 21:43:24,916 - DEBUG - Paused: False, Music Playing: True
2026-08-02 21:43:24,929 - DEBUG - Tick
2026-08-02 21:43:24,929 - DEBUG - Updating ship...
2026-08-02 21:43:24,931 - DEBUG - Updating music
2026-08-02 21:43:24,932 - DEBUG - Entered _check_music
2026-08-02 21:43:24,932 - DEBUG - Paused: False, Music Playing: True
2026-08-02 21:43:24,945 - DEBUG - Tick
2026-08-02 21:43:24,945 - DEBUG - Updating ship...
2026-08-02 21:43:24,947 - DEBUG - Updating music
2026-08-02 21:43:24,948 - DEBUG - Entered _check_music
2026-08-02 21:43:24,948 - DEBUG - Paused: False, Music Playing: True
2026-08-02 21:43:24,961 - DEBUG - Tick
2026-08-02 21:43:24,961 - DEBUG - Updating ship...
2026-08-02 21:43:24,964 - DEBUG - Updating music
2026-08-02 21:43:24,964 - DEBUG - Entered _check_music
2026-08-02 21:43:24,964 - DEBUG - Paused: False, Music Playing: True
2026-08-02 21:43:24,976 - DEBUG - Tick
2026-08-02 21:43:24,977 - DEBUG - Updating ship...
2026-08-02 21:43:24,979 - DEBUG - Updating music
2026-08-02 21:43:24,980 - DEBUG - Entered _check_music
2026-08-02 21:43:24,980 - DEBUG - Paused: False, Music Playing: True
2026-08-02 21:43:24,993 - DEBUG - Tick
2026-08-02 21:43:24,993 - DEBUG - Updating ship...
2026-08-02 21:43:24,996 - DEBUG - Updating music
2026-08-02 21:43:24,996 - DEBUG - Entered _check_music
2026-08-02 21:43:24,996 - DEBUG - Paused: False, Music Playing: True
2026-08-02 21:43:25,009 - DEBUG - Tick
2026-08-02 21:43:25,009 - DEBUG - Updating ship...
2026-08-02 21:43:25,012 - DEBUG - Updating music
2026-08-02 21:43:25,013 - DEBUG - Entered _check_music
2026-08-02 21:43:25,013 - DEBUG - Paused: False, Music Playing: True
2026-08-02 21:43:25,025 - DEBUG - Tick
2026-08-02 21:43:25,025 - DEBUG - Updating ship...
2026-08-02 21:43:25,029 - DEBUG - Updating music
2026-08-02 21:43:25,029 - DEBUG - Entered _check_music
2026-08-02 21:43:25,029 - DEBUG - Paused: False, Music Playing: True
2026-08-02 21:43:25,040 - DEBUG - Tick
2026-08-02 21:43:25,041 - DEBUG - Updating ship...
2026-08-02 21:43:25,044 - DEBUG - Updating music
2026-08-02 21:43:25,044 - DEBUG - Entered _check_music
2026-08-02 21:43:25,044 - DEBUG - Paused: False, Music Playing: True
2026-08-02 21:43:25,057 - DEBUG - Tick
2026-08-02 21:43:25,057 - DEBUG - Updating ship...
2026-08-02 21:43:25,060 - DEBUG - Updating music
2026-08-02 21:43:25,060 - DEBUG - Entered _check_music
2026-08-02 21:43:25,060 - DEBUG - Paused: False, Music Playing: True
2026-08-02 21:43:25,073 - DEBUG - Tick
2026-08-02 21:43:25,073 - DEBUG - Updating ship...
2026-08-02 21:43:25,076 - DEBUG - Updating music
2026-08-02 21:43:25,076 - DEBUG - Entered _check_music
2026-08-02 21:43:25,076 - DEBUG - Paused: False, Music Playing: True
2026-08-02 21:43:25,088 - DEBUG - Tick
2026-08-02 21:43:25,089 - DEBUG - Updating ship...
2026-08-02 21:43:25,092 - DEBUG - Updating music
2026-08-02 21:43:25,092 - DEBUG - Entered _check_music
2026-08-02 21:43:25,092 - DEBUG - Paused: False, Music Playing: True
2026-08-02 21:43:25,105 - DEBUG - Tick
2026-08-02 21:43:25,105 - DEBUG - Updating ship...
2026-08-02 21:43:25,109 - DEBUG - Updating music
2026-08-02 21:43:25,109 - DEBUG - Entered _check_music
2026-08-02 21:43:25,109 - DEBUG - Paused: False, Music Playing: True
2026-08-02 21:43:25,122 - DEBUG - Tick
2026-08-02 21:43:25,122 - DEBUG - Updating ship...
2026-08-02 21:43:25,125 - DEBUG - Updating music
2026-08-02 21:43:25,125 - DEBUG - Entered _check_music
2026-08-02 21:43:25,126 - DEBUG - Paused: False, Music Playing: True
2026-08-02 21:43:25,138 - DEBUG - Tick
2026-08-02 21:43:25,138 - DEBUG - Updating ship...
2026-08-02 21:43:25,141 - DEBUG - Updating music
2026-08-02 21:43:25,141 - DEBUG - Entered _check_music
2026-08-02 21:43:25,141 - DEBUG - Paused: False, Music Playing: True
2026-08-02 21:43:25,154 - DEBUG - Tick
2026-08-02 21:43:25,154 - DEBUG - Updating ship...
2026-08-02 21:43:25,157 - DEBUG - Updating music
2026-08-02 21:43:25,157 - DEBUG - Entered _check_music
2026-08-02 21:43:25,157 - DEBUG - Paused: False, Music Playing: True
2026-08-02 21:43:25,170 - DEBUG - Tick
2026-08-02 21:43:25,170 - DEBUG - Updating ship...
2026-08-02 21:43:25,173 - DEBUG - Updating music
2026-08-02 21:43:25,173 - DEBUG - Entered _check_music
2026-08-02 21:43:25,173 - DEBUG - Paused: False, Music Playing: True
2026-08-02 21:43:25,185 - DEBUG - Tick
2026-08-02 21:43:25,186 - DEBUG - Updating ship...
2026-08-02 21:43:25,189 - DEBUG - Updating music
2026-08-02 21:43:25,189 - DEBUG - Entered _check_music
2026-08-02 21:43:25,189 - DEBUG - Paused: False, Music Playing: True
2026-08-02 21:43:25,202 - DEBUG - Tick
2026-08-02 21:43:25,202 - DEBUG - Updating ship...
2026-08-02 21:43:25,205 - DEBUG - Updating music
2026-08-02 21:43:25,205 - DEBUG - Entered _check_music
2026-08-02 21:43:25,205 - DEBUG - Paused: False, Music Playing: True
2026-08-02 21:43:25,218 - DEBUG - Tick
2026-08-02 21:43:25,218 - DEBUG - Updating ship...
2026-08-02 21:43:25,221 - DEBUG - Updating music
2026-08-02 21:43:25,221 - DEBUG - Entered _check_music
2026-08-02 21:43:25,221 - DEBUG - Paused: False, Music Playing: True
2026-08-02 21:43:25,234 - DEBUG - Tick
2026-08-02 21:43:25,234 - DEBUG - Updating ship...
2026-08-02 21:43:25,237 - DEBUG - Updating music
2026-08-02 21:43:25,237 - DEBUG - Entered _check_music
2026-08-02 21:43:25,237 - DEBUG - Paused: False, Music Playing: True
2026-08-02 21:43:25,250 - DEBUG - Tick
2026-08-02 21:43:25,251 - DEBUG - Updating ship...
2026-08-02 21:43:25,253 - DEBUG - Updating music
2026-08-02 21:43:25,254 - DEBUG - Entered _check_music
2026-08-02 21:43:25,254 - DEBUG - Paused: False, Music Playing: True
2026-08-02 21:43:25,267 - DEBUG - Tick
2026-08-02 21:43:25,267 - DEBUG - Updating ship...
2026-08-02 21:43:25,270 - DEBUG - Updating music
2026-08-02 21:43:25,270 - DEBUG - Entered _check_music
2026-08-02 21:43:25,270 - DEBUG - Paused: False, Music Playing: True
2026-08-02 21:43:25,283 - DEBUG - Tick
2026-08-02 21:43:25,283 - DEBUG - Updating ship...
2026-08-02 21:43:25,286 - DEBUG - Updating music
2026-08-02 21:43:25,286 - DEBUG - Entered _check_music
2026-08-02 21:43:25,286 - DEBUG - Paused: False, Music Playing: True
2026-08-02 21:43:25,299 - DEBUG - Tick
2026-08-02 21:43:25,300 - DEBUG - Updating ship...
2026-08-02 21:43:25,302 - DEBUG - Updating music
2026-08-02 21:43:25,303 - DEBUG - Entered _check_music
2026-08-02 21:43:25,303 - DEBUG - Paused: False, Music Playing: True
2026-08-02 21:43:25,316 - DEBUG - Tick
2026-08-02 21:43:25,316 - DEBUG - Updating ship...
2026-08-02 21:43:25,319 - DEBUG - Updating music
2026-08-02 21:43:25,319 - DEBUG - Entered _check_music
2026-08-02 21:43:25,319 - DEBUG - Paused: False, Music Playing: True
2026-08-02 21:43:25,332 - DEBUG - Tick
2026-08-02 21:43:25,332 - DEBUG - Updating ship...
2026-08-02 21:43:25,335 - DEBUG - Updating music
2026-08-02 21:43:25,335 - DEBUG - Entered _check_music
2026-08-02 21:43:25,335 - DEBUG - Paused: False, Music Playing: True
2026-08-02 21:43:25,347 - DEBUG - Tick
2026-08-02 21:43:25,348 - DEBUG - Updating ship...
2026-08-02 21:43:25,351 - DEBUG - Updating music
2026-08-02 21:43:25,351 - DEBUG - Entered _check_music
2026-08-02 21:43:25,351 - DEBUG - Paused: False, Music Playing: True
2026-08-02 21:43:25,363 - DEBUG - Tick
2026-08-02 21:43:25,364 - DEBUG - Updating ship...
2026-08-02 21:43:25,367 - DEBUG - Updating music
2026-08-02 21:43:25,367 - DEBUG - Entered _check_music
2026-08-02 21:43:25,367 - DEBUG - Paused: False, Music Playing: True
2026-08-02 21:43:25,381 - DEBUG - Tick
2026-08-02 21:43:25,381 - DEBUG - Updating ship...
2026-08-02 21:43:25,384 - DEBUG - Updating music
2026-08-02 21:43:25,384 - DEBUG - Entered _check_music
2026-08-02 21:43:25,385 - DEBUG - Paused: False, Music Playing: True
2026-08-02 21:43:25,397 - DEBUG - Tick
2026-08-02 21:43:25,397 - DEBUG - Updating ship...
2026-08-02 21:43:25,400 - DEBUG - Updating music
2026-08-02 21:43:25,400 - DEBUG - Entered _check_music
2026-08-02 21:43:25,400 - DEBUG - Paused: False, Music Playing: True
2026-08-02 21:43:25,413 - DEBUG - Tick
2026-08-02 21:43:25,413 - DEBUG - Updating ship...
2026-08-02 21:43:25,416 - DEBUG - Updating music
2026-08-02 21:43:25,416 - DEBUG - Entered _check_music
2026-08-02 21:43:25,416 - DEBUG - Paused: False, Music Playing: True
2026-08-02 21:43:25,428 - DEBUG - Tick
2026-08-02 21:43:25,429 - DEBUG - Updating ship...
2026-08-02 21:43:25,432 - DEBUG - Updating music
2026-08-02 21:43:25,432 - DEBUG - Entered _check_music
2026-08-02 21:43:25,432 - DEBUG - Paused: False, Music Playing: True
2026-08-02 21:43:25,445 - DEBUG - Tick
2026-08-02 21:43:25,445 - DEBUG - Updating ship...
2026-08-02 21:43:25,448 - DEBUG - Updating music
2026-08-02 21:43:25,448 - DEBUG - Entered _check_music
2026-08-02 21:43:25,448 - DEBUG - Paused: False, Music Playing: True
2026-08-02 21:43:25,461 - DEBUG - Tick
2026-08-02 21:43:25,462 - DEBUG - Updating ship...
2026-08-02 21:43:25,465 - DEBUG - Updating music
2026-08-02 21:43:25,465 - DEBUG - Entered _check_music
2026-08-02 21:43:25,465 - DEBUG - Paused: False, Music Playing: True
2026-08-02 21:43:25,478 - DEBUG - Tick
2026-08-02 21:43:25,479 - DEBUG - Updating ship...
2026-08-02 21:43:25,481 - DEBUG - Updating music
2026-08-02 21:43:25,481 - DEBUG - Entered _check_music
2026-08-02 21:43:25,481 - DEBUG - Paused: False, Music Playing: True
2026-08-02 21:43:25,494 - DEBUG - Tick
2026-08-02 21:43:25,494 - DEBUG - Updating ship...
2026-08-02 21:43:25,497 - DEBUG - Updating music
2026-08-02 21:43:25,497 - DEBUG - Entered _check_music
2026-08-02 21:43:25,497 - DEBUG - Paused: False, Music Playing: True
2026-08-02 21:43:25,509 - DEBUG - Tick
2026-08-02 21:43:25,510 - DEBUG - Updating ship...
2026-08-02 21:43:25,513 - DEBUG - Updating music
2026-08-02 21:43:25,513 - DEBUG - Entered _check_music
2026-08-02 21:43:25,513 - DEBUG - Paused: False, Music Playing: True
2026-08-02 21:43:25,526 - DEBUG - Tick
2026-08-02 21:43:25,527 - DEBUG - Updating ship...
2026-08-02 21:43:25,529 - DEBUG - Updating music
2026-08-02 21:43:25,530 - DEBUG - Entered _check_music
2026-08-02 21:43:25,530 - DEBUG - Paused: False, Music Playing: True
2026-08-02 21:43:25,543 - DEBUG - Tick
2026-08-02 21:43:25,543 - DEBUG - Updating ship...
2026-08-02 21:43:25,546 - DEBUG - Updating music
2026-08-02 21:43:25,546 - DEBUG - Entered _check_music
2026-08-02 21:43:25,546 - DEBUG - Paused: False, Music Playing: True
2026-08-02 21:43:25,559 - DEBUG - Tick
2026-08-02 21:43:25,559 - DEBUG - Updating ship...
2026-08-02 21:43:25,562 - DEBUG - Updating music
2026-08-02 21:43:25,563 - DEBUG - Entered _check_music
2026-08-02 21:43:25,563 - DEBUG - Paused: False, Music Playing: True
2026-08-02 21:43:25,575 - DEBUG - Tick
2026-08-02 21:43:25,575 - DEBUG - Updating ship...
2026-08-02 21:43:25,578 - DEBUG - Updating music
2026-08-02 21:43:25,578 - DEBUG - Entered _check_music
2026-08-02 21:43:25,578 - DEBUG - Paused: False, Music Playing: True
2026-08-02 21:43:25,590 - DEBUG - Tick
2026-08-02 21:43:25,591 - DEBUG - Updating ship...
2026-08-02 21:43:25,594 - DEBUG - Updating music
2026-08-02 21:43:25,594 - DEBUG - Entered _check_music
2026-08-02 21:43:25,594 - DEBUG - Paused: False, Music Playing: True
2026-08-02 21:43:25,607 - DEBUG - Tick
2026-08-02 21:43:25,608 - DEBUG - Updating ship...
2026-08-02 21:43:25,611 - DEBUG - Updating music
2026-08-02 21:43:25,611 - DEBUG - Entered _check_music
2026-08-02 21:43:25,611 - DEBUG - Paused: False, Music Playing: True
2026-08-02 21:43:25,623 - DEBUG - Tick
2026-08-02 21:43:25,623 - DEBUG - Updating ship...
2026-08-02 21:43:25,626 - DEBUG - Updating music
2026-08-02 21:43:25,626 - DEBUG - Entered _check_music
2026-08-02 21:43:25,626 - DEBUG - Paused: False, Music Playing: True
2026-08-02 21:43:25,640 - DEBUG - Tick
2026-08-02 21:43:25,640 - DEBUG - Updating ship...
2026-08-02 21:43:25,643 - DEBUG - Updating music
2026-08-02 21:43:25,643 - DEBUG - Entered _check_music
2026-08-02 21:43:25,643 - DEBUG - Paused: False, Music Playing: True
2026-08-02 21:43:25,656 - DEBUG - Tick
2026-08-02 21:43:25,656 - DEBUG - Updating ship...
2026-08-02 21:43:25,659 - DEBUG - Updating music
2026-08-02 21:43:25,659 - DEBUG - Entered _check_music
2026-08-02 21:43:25,659 - DEBUG - Paused: False, Music Playing: True
2026-08-02 21:43:25,672 - DEBUG - Tick
2026-08-02 21:43:25,672 - DEBUG - Updating ship...
2026-08-02 21:43:25,675 - DEBUG - Updating music
2026-08-02 21:43:25,675 - DEBUG - Entered _check_music
2026-08-02 21:43:25,675 - DEBUG - Paused: False, Music Playing: True
2026-08-02 21:43:25,688 - DEBUG - Tick
2026-08-02 21:43:25,688 - DEBUG - Updating ship...
2026-08-02 21:43:25,691 - DEBUG - Updating music
2026-08-02 21:43:25,691 - DEBUG - Entered _check_music
2026-08-02 21:43:25,691 - DEBUG - Paused: False, Music Playing: True
2026-08-02 21:43:25,703 - DEBUG - Tick
2026-08-02 21:43:25,704 - DEBUG - Updating ship...
2026-08-02 21:43:25,706 - DEBUG - Updating music
2026-08-02 21:43:25,706 - DEBUG - Entered _check_music
2026-08-02 21:43:25,707 - DEBUG - Paused: False, Music Playing: True
2026-08-02 21:43:25,720 - DEBUG - Tick
2026-08-02 21:43:25,720 - DEBUG - Updating ship...
2026-08-02 21:43:25,722 - DEBUG - Updating music
2026-08-02 21:43:25,722 - DEBUG - Entered _check_music
2026-08-02 21:43:25,723 - DEBUG - Paused: False, Music Playing: True
2026-08-02 21:43:25,736 - DEBUG - Tick
2026-08-02 21:43:25,736 - DEBUG - Updating ship...
2026-08-02 21:43:25,739 - DEBUG - Updating music
2026-08-02 21:43:25,739 - DEBUG - Entered _check_music
2026-08-02 21:43:25,739 - DEBUG - Paused: False, Music Playing: True
2026-08-02 21:43:25,752 - DEBUG - Tick
2026-08-02 21:43:25,752 - DEBUG - Updating ship...
2026-08-02 21:43:25,755 - DEBUG - Updating music
2026-08-02 21:43:25,755 - DEBUG - Entered _check_music
2026-08-02 21:43:25,755 - DEBUG - Paused: False, Music Playing: True
2026-08-02 21:43:25,768 - DEBUG - Tick
2026-08-02 21:43:25,768 - DEBUG - Updating ship...
2026-08-02 21:43:25,771 - DEBUG - Updating music
2026-08-02 21:43:25,771 - DEBUG - Entered _check_music
2026-08-02 21:43:25,771 - DEBUG - Paused: False, Music Playing: True
2026-08-02 21:43:25,784 - DEBUG - Tick
2026-08-02 21:43:25,785 - DEBUG - Updating ship...
2026-08-02 21:43:25,787 - DEBUG - Updating music
2026-08-02 21:43:25,787 - DEBUG - Entered _check_music
2026-08-02 21:43:25,787 - DEBUG - Paused: False, Music Playing: True
2026-08-02 21:43:25,800 - DEBUG - Tick
2026-08-02 21:43:25,801 - DEBUG - Updating ship...
2026-08-02 21:43:25,803 - DEBUG - Updating music
2026-08-02 21:43:25,803 - DEBUG - Entered _check_music
2026-08-02 21:43:25,803 - DEBUG - Paused: False, Music Playing: True
2026-08-02 21:43:25,816 - DEBUG - Tick
2026-08-02 21:43:25,816 - DEBUG - Updating ship...
2026-08-02 21:43:25,819 - DEBUG - Updating music
2026-08-02 21:43:25,819 - DEBUG - Entered _check_music
2026-08-02 21:43:25,819 - DEBUG - Paused: False, Music Playing: True
2026-08-02 21:43:25,832 - DEBUG - Tick
2026-08-02 21:43:25,832 - DEBUG - Updating ship...
2026-08-02 21:43:25,835 - DEBUG - Updating music
2026-08-02 21:43:25,835 - DEBUG - Entered _check_music
2026-08-02 21:43:25,835 - DEBUG - Paused: False, Music Playing: True
2026-08-02 21:43:25,848 - DEBUG - Tick
2026-08-02 21:43:25,848 - DEBUG - Updating ship...
2026-08-02 21:43:25,851 - DEBUG - Updating music
2026-08-02 21:43:25,851 - DEBUG - Entered _check_music
2026-08-02 21:43:25,851 - DEBUG - Paused: False, Music Playing: True
2026-08-02 21:43:25,865 - DEBUG - Tick
2026-08-02 21:43:25,865 - DEBUG - Updating ship...
2026-08-02 21:43:25,868 - DEBUG - Updating music
2026-08-02 21:43:25,868 - DEBUG - Entered _check_music
2026-08-02 21:43:25,868 - DEBUG - Paused: False, Music Playing: True
2026-08-02 21:43:25,881 - DEBUG - Tick
2026-08-02 21:43:25,882 - DEBUG - Updating ship...
2026-08-02 21:43:25,884 - DEBUG - Updating music
2026-08-02 21:43:25,884 - DEBUG - Entered _check_music
2026-08-02 21:43:25,884 - DEBUG - Paused: False, Music Playing: True
2026-08-02 21:43:25,897 - DEBUG - Tick
2026-08-02 21:43:25,898 - DEBUG - Updating ship...
2026-08-02 21:43:25,900 - DEBUG - Updating music
2026-08-02 21:43:25,900 - DEBUG - Entered _check_music
2026-08-02 21:43:25,900 - DEBUG - Paused: False, Music Playing: True
2026-08-02 21:43:25,913 - DEBUG - Tick
2026-08-02 21:43:25,913 - DEBUG - Updating ship...
2026-08-02 21:43:25,916 - DEBUG - Updating music
2026-08-02 21:43:25,916 - DEBUG - Entered _check_music
2026-08-02 21:43:25,916 - DEBUG - Paused: False, Music Playing: True
2026-08-02 21:43:25,930 - DEBUG - Tick
2026-08-02 21:43:25,930 - DEBUG - Updating ship...
2026-08-02 21:43:25,932 - DEBUG - Updating music
2026-08-02 21:43:25,933 - DEBUG - Entered _check_music
2026-08-02 21:43:25,933 - DEBUG - Paused: False, Music Playing: True
2026-08-02 21:43:25,947 - DEBUG - Tick
2026-08-02 21:43:25,947 - DEBUG - Updating ship...
2026-08-02 21:43:25,949 - DEBUG - Updating music
2026-08-02 21:43:25,949 - DEBUG - Entered _check_music
2026-08-02 21:43:25,949 - DEBUG - Paused: False, Music Playing: True
2026-08-02 21:43:25,963 - DEBUG - Tick
2026-08-02 21:43:25,963 - DEBUG - Updating ship...
2026-08-02 21:43:25,966 - DEBUG - Updating music
2026-08-02 21:43:25,966 - DEBUG - Entered _check_music
2026-08-02 21:43:25,966 - DEBUG - Paused: False, Music Playing: True
2026-08-02 21:43:25,979 - DEBUG - Tick
2026-08-02 21:43:25,979 - DEBUG - Updating ship...
2026-08-02 21:43:25,982 - DEBUG - Updating music
2026-08-02 21:43:25,982 - DEBUG - Entered _check_music
2026-08-02 21:43:25,982 - DEBUG - Paused: False, Music Playing: True
2026-08-02 21:43:25,994 - DEBUG - Tick
2026-08-02 21:43:25,994 - DEBUG - Updating ship...
2026-08-02 21:43:25,997 - DEBUG - Updating music
2026-08-02 21:43:25,997 - DEBUG - Entered _check_music
2026-08-02 21:43:25,997 - DEBUG - Paused: False, Music Playing: True
2026-08-02 21:43:26,010 - DEBUG - Tick
2026-08-02 21:43:26,011 - DEBUG - Updating ship...
2026-08-02 21:43:26,013 - DEBUG - Updating music
2026-08-02 21:43:26,014 - DEBUG - Entered _check_music
2026-08-02 21:43:26,014 - DEBUG - Paused: False, Music Playing: True
2026-08-02 21:43:26,027 - DEBUG - Tick
2026-08-02 21:43:26,027 - DEBUG - Updating ship...
2026-08-02 21:43:26,030 - DEBUG - Updating music
2026-08-02 21:43:26,030 - DEBUG - Entered _check_music
2026-08-02 21:43:26,030 - DEBUG - Paused: False, Music Playing: True
2026-08-02 21:43:26,042 - DEBUG - Tick
2026-08-02 21:43:26,042 - DEBUG - Updating ship...
2026-08-02 21:43:26,045 - DEBUG - Updating music
2026-08-02 21:43:26,046 - DEBUG - Entered _check_music
2026-08-02 21:43:26,046 - DEBUG - Paused: False, Music Playing: True
2026-08-02 21:43:26,059 - DEBUG - Tick
2026-08-02 21:43:26,059 - DEBUG - Updating ship...
2026-08-02 21:43:26,062 - DEBUG - Updating music
2026-08-02 21:43:26,062 - DEBUG - Entered _check_music
2026-08-02 21:43:26,062 - DEBUG - Paused: False, Music Playing: True
2026-08-02 21:43:26,074 - DEBUG - Tick
2026-08-02 21:43:26,075 - DEBUG - Updating ship...
2026-08-02 21:43:26,078 - DEBUG - Updating music
2026-08-02 21:43:26,078 - DEBUG - Entered _check_music
2026-08-02 21:43:26,078 - DEBUG - Paused: False, Music Playing: True
2026-08-02 21:43:26,090 - DEBUG - Tick
2026-08-02 21:43:26,090 - DEBUG - Updating ship...
2026-08-02 21:43:26,094 - DEBUG - Updating music
2026-08-02 21:43:26,094 - DEBUG - Entered _check_music
2026-08-02 21:43:26,094 - DEBUG - Paused: False, Music Playing: True
2026-08-02 21:43:26,107 - DEBUG - Tick
2026-08-02 21:43:26,107 - DEBUG - Updating ship...
2026-08-02 21:43:26,110 - DEBUG - Updating music
2026-08-02 21:43:26,110 - DEBUG - Entered _check_music
2026-08-02 21:43:26,110 - DEBUG - Paused: False, Music Playing: True
2026-08-02 21:43:26,123 - DEBUG - Tick
2026-08-02 21:43:26,123 - DEBUG - Updating ship...
2026-08-02 21:43:26,126 - DEBUG - Updating music
2026-08-02 21:43:26,126 - DEBUG - Entered _check_music
2026-08-02 21:43:26,126 - DEBUG - Paused: False, Music Playing: True
2026-08-02 21:43:26,139 - DEBUG - Tick
2026-08-02 21:43:26,139 - DEBUG - Updating ship...
2026-08-02 21:43:26,142 - DEBUG - Updating music
2026-08-02 21:43:26,143 - DEBUG - Entered _check_music
2026-08-02 21:43:26,143 - DEBUG - Paused: False, Music Playing: True
2026-08-02 21:43:26,156 - DEBUG - Tick
2026-08-02 21:43:26,156 - DEBUG - Updating ship...
2026-08-02 21:43:26,159 - DEBUG - Updating music
2026-08-02 21:43:26,159 - DEBUG - Entered _check_music
2026-08-02 21:43:26,159 - DEBUG - Paused: False, Music Playing: True
2026-08-02 21:43:26,171 - DEBUG - Tick
2026-08-02 21:43:26,172 - DEBUG - Updating ship...
2026-08-02 21:43:26,174 - DEBUG - Updating music
2026-08-02 21:43:26,175 - DEBUG - Entered _check_music
2026-08-02 21:43:26,175 - DEBUG - Paused: False, Music Playing: True
2026-08-02 21:43:26,188 - DEBUG - Tick
2026-08-02 21:43:26,188 - DEBUG - Updating ship...
2026-08-02 21:43:26,192 - DEBUG - Updating music
2026-08-02 21:43:26,192 - DEBUG - Entered _check_music
2026-08-02 21:43:26,192 - DEBUG - Paused: False, Music Playing: True
2026-08-02 21:43:26,204 - DEBUG - Tick
2026-08-02 21:43:26,204 - DEBUG - Updating ship...
2026-08-02 21:43:26,207 - DEBUG - Updating music
2026-08-02 21:43:26,207 - DEBUG - Entered _check_music
2026-08-02 21:43:26,207 - DEBUG - Paused: False, Music Playing: True
2026-08-02 21:43:26,220 - DEBUG - Tick
2026-08-02 21:43:26,220 - DEBUG - Updating ship...
2026-08-02 21:43:26,223 - DEBUG - Updating music
2026-08-02 21:43:26,223 - DEBUG - Entered _check_music
2026-08-02 21:43:26,223 - DEBUG - Paused: False, Music Playing: True
2026-08-02 21:43:26,236 - DEBUG - Tick
2026-08-02 21:43:26,236 - DEBUG - Updating ship...
2026-08-02 21:43:26,238 - DEBUG - Updating music
2026-08-02 21:43:26,238 - DEBUG - Entered _check_music
2026-08-02 21:43:26,239 - DEBUG - Paused: False, Music Playing: True
2026-08-02 21:43:26,252 - DEBUG - Tick
2026-08-02 21:43:26,252 - DEBUG - Updating ship...
2026-08-02 21:43:26,254 - DEBUG - Updating music
2026-08-02 21:43:26,255 - DEBUG - Entered _check_music
2026-08-02 21:43:26,255 - DEBUG - Paused: False, Music Playing: True
2026-08-02 21:43:26,268 - DEBUG - Tick
2026-08-02 21:43:26,268 - DEBUG - Updating ship...
2026-08-02 21:43:26,270 - DEBUG - Updating music
2026-08-02 21:43:26,270 - DEBUG - Entered _check_music
2026-08-02 21:43:26,270 - DEBUG - Paused: False, Music Playing: True
2026-08-02 21:43:26,284 - DEBUG - Tick
2026-08-02 21:43:26,284 - DEBUG - Updating ship...
2026-08-02 21:43:26,286 - DEBUG - Updating music
2026-08-02 21:43:26,286 - DEBUG - Entered _check_music
2026-08-02 21:43:26,287 - DEBUG - Paused: False, Music Playing: True
2026-08-02 21:43:26,300 - DEBUG - Tick
2026-08-02 21:43:26,300 - DEBUG - Updating ship...
2026-08-02 21:43:26,303 - DEBUG - Updating music
2026-08-02 21:43:26,303 - DEBUG - Entered _check_music
2026-08-02 21:43:26,303 - DEBUG - Paused: False, Music Playing: True
2026-08-02 21:43:26,316 - DEBUG - Tick
2026-08-02 21:43:26,317 - DEBUG - Updating ship...
2026-08-02 21:43:26,319 - DEBUG - Updating music
2026-08-02 21:43:26,319 - DEBUG - Entered _check_music
2026-08-02 21:43:26,319 - DEBUG - Paused: False, Music Playing: True
2026-08-02 21:43:26,332 - DEBUG - Tick
2026-08-02 21:43:26,332 - DEBUG - Updating ship...
2026-08-02 21:43:26,334 - DEBUG - Updating music
2026-08-02 21:43:26,335 - DEBUG - Entered _check_music
2026-08-02 21:43:26,335 - DEBUG - Paused: False, Music Playing: True
2026-08-02 21:43:26,348 - DEBUG - Tick
2026-08-02 21:43:26,348 - DEBUG - Updating ship...
2026-08-02 21:43:26,350 - DEBUG - Updating music
2026-08-02 21:43:26,350 - DEBUG - Entered _check_music
2026-08-02 21:43:26,351 - DEBUG - Paused: False, Music Playing: True
2026-08-02 21:43:26,364 - DEBUG - Tick
2026-08-02 21:43:26,364 - DEBUG - Updating ship...
2026-08-02 21:43:26,367 - DEBUG - Updating music
2026-08-02 21:43:26,367 - DEBUG - Entered _check_music
2026-08-02 21:43:26,367 - DEBUG - Paused: False, Music Playing: True
2026-08-02 21:43:26,381 - DEBUG - Tick
2026-08-02 21:43:26,381 - DEBUG - Updating ship...
2026-08-02 21:43:26,384 - DEBUG - Updating music
2026-08-02 21:43:26,384 - DEBUG - Entered _check_music
2026-08-02 21:43:26,384 - DEBUG - Paused: False, Music Playing: True
2026-08-02 21:43:26,397 - DEBUG - Tick
2026-08-02 21:43:26,397 - DEBUG - Updating ship...
2026-08-02 21:43:26,400 - DEBUG - Updating music
2026-08-02 21:43:26,400 - DEBUG - Entered _check_music
2026-08-02 21:43:26,400 - DEBUG - Paused: False, Music Playing: True
2026-08-02 21:43:26,413 - DEBUG - Tick
2026-08-02 21:43:26,413 - DEBUG - Updating ship...
2026-08-02 21:43:26,416 - DEBUG - Updating music
2026-08-02 21:43:26,416 - DEBUG - Entered _check_music
2026-08-02 21:43:26,416 - DEBUG - Paused: False, Music Playing: True
2026-08-02 21:43:26,429 - DEBUG - Tick
2026-08-02 21:43:26,429 - DEBUG - Updating ship...
2026-08-02 21:43:26,432 - DEBUG - Updating music
2026-08-02 21:43:26,432 - DEBUG - Entered _check_music
2026-08-02 21:43:26,432 - DEBUG - Paused: False, Music Playing: True
2026-08-02 21:43:26,446 - DEBUG - Tick
2026-08-02 21:43:26,446 - DEBUG - Updating ship...
2026-08-02 21:43:26,448 - DEBUG - Updating music
2026-08-02 21:43:26,449 - DEBUG - Entered _check_music
2026-08-02 21:43:26,449 - DEBUG - Paused: False, Music Playing: True
2026-08-02 21:43:26,462 - DEBUG - Tick
2026-08-02 21:43:26,462 - DEBUG - Updating ship...
2026-08-02 21:43:26,465 - DEBUG - Updating music
2026-08-02 21:43:26,465 - DEBUG - Entered _check_music
2026-08-02 21:43:26,465 - DEBUG - Paused: False, Music Playing: True
2026-08-02 21:43:26,477 - DEBUG - Tick
2026-08-02 21:43:26,478 - DEBUG - Updating ship...
2026-08-02 21:43:26,480 - DEBUG - Updating music
2026-08-02 21:43:26,481 - DEBUG - Entered _check_music
2026-08-02 21:43:26,481 - DEBUG - Paused: False, Music Playing: True
2026-08-02 21:43:26,494 - DEBUG - Tick
2026-08-02 21:43:26,494 - DEBUG - Updating ship...
2026-08-02 21:43:26,497 - DEBUG - Updating music
2026-08-02 21:43:26,497 - DEBUG - Entered _check_music
2026-08-02 21:43:26,497 - DEBUG - Paused: False, Music Playing: True
2026-08-02 21:43:26,509 - DEBUG - Tick
2026-08-02 21:43:26,510 - DEBUG - Updating ship...
2026-08-02 21:43:26,513 - DEBUG - Updating music
2026-08-02 21:43:26,513 - DEBUG - Entered _check_music
2026-08-02 21:43:26,513 - DEBUG - Paused: False, Music Playing: True
2026-08-02 21:43:26,526 - DEBUG - Tick
2026-08-02 21:43:26,526 - DEBUG - Updating ship...
2026-08-02 21:43:26,529 - DEBUG - Updating music
2026-08-02 21:43:26,529 - DEBUG - Entered _check_music
2026-08-02 21:43:26,529 - DEBUG - Paused: False, Music Playing: True
2026-08-02 21:43:26,542 - DEBUG - Tick
2026-08-02 21:43:26,543 - DEBUG - Updating ship...
2026-08-02 21:43:26,546 - DEBUG - Updating music
2026-08-02 21:43:26,546 - DEBUG - Entered _check_music
2026-08-02 21:43:26,546 - DEBUG - Paused: False, Music Playing: True
2026-08-02 21:43:26,559 - DEBUG - Tick
2026-08-02 21:43:26,559 - DEBUG - Updating ship...
2026-08-02 21:43:26,562 - DEBUG - Updating music
2026-08-02 21:43:26,562 - DEBUG - Entered _check_music
2026-08-02 21:43:26,562 - DEBUG - Paused: False, Music Playing: True
2026-08-02 21:43:26,574 - DEBUG - Tick
2026-08-02 21:43:26,575 - DEBUG - Updating ship...
2026-08-02 21:43:26,578 - DEBUG - Updating music
2026-08-02 21:43:26,578 - DEBUG - Entered _check_music
2026-08-02 21:43:26,578 - DEBUG - Paused: False, Music Playing: True
2026-08-02 21:43:26,591 - DEBUG - Tick
2026-08-02 21:43:26,591 - DEBUG - Updating ship...
2026-08-02 21:43:26,594 - DEBUG - Updating music
2026-08-02 21:43:26,594 - DEBUG - Entered _check_music
2026-08-02 21:43:26,594 - DEBUG - Paused: False, Music Playing: True
2026-08-02 21:43:26,606 - DEBUG - Tick
2026-08-02 21:43:26,607 - DEBUG - Updating ship...
2026-08-02 21:43:26,610 - DEBUG - Updating music
2026-08-02 21:43:26,610 - DEBUG - Entered _check_music
2026-08-02 21:43:26,610 - DEBUG - Paused: False, Music Playing: True
2026-08-02 21:43:26,623 - DEBUG - Tick
2026-08-02 21:43:26,623 - DEBUG - Updating ship...
2026-08-02 21:43:26,626 - DEBUG - Updating music
2026-08-02 21:43:26,626 - DEBUG - Entered _check_music
2026-08-02 21:43:26,626 - DEBUG - Paused: False, Music Playing: True
2026-08-02 21:43:26,639 - DEBUG - Tick
2026-08-02 21:43:26,639 - DEBUG - Updating ship...
2026-08-02 21:43:26,642 - DEBUG - Updating music
2026-08-02 21:43:26,642 - DEBUG - Entered _check_music
2026-08-02 21:43:26,642 - DEBUG - Paused: False, Music Playing: True
2026-08-02 21:43:26,654 - DEBUG - Tick
2026-08-02 21:43:26,654 - DEBUG - Updating ship...
2026-08-02 21:43:26,657 - DEBUG - Updating music
2026-08-02 21:43:26,658 - DEBUG - Entered _check_music
2026-08-02 21:43:26,658 - DEBUG - Paused: False, Music Playing: True
2026-08-02 21:43:26,671 - DEBUG - Tick
2026-08-02 21:43:26,671 - DEBUG - Updating ship...
2026-08-02 21:43:26,674 - DEBUG - Updating music
2026-08-02 21:43:26,674 - DEBUG - Entered _check_music
2026-08-02 21:43:26,674 - DEBUG - Paused: False, Music Playing: True
2026-08-02 21:43:26,686 - DEBUG - Tick
2026-08-02 21:43:26,687 - DEBUG - Updating ship...
2026-08-02 21:43:26,690 - DEBUG - Updating music
2026-08-02 21:43:26,690 - DEBUG - Entered _check_music
2026-08-02 21:43:26,690 - DEBUG - Paused: False, Music Playing: True
2026-08-02 21:43:26,702 - DEBUG - Tick
2026-08-02 21:43:26,703 - DEBUG - Updating ship...
2026-08-02 21:43:26,705 - DEBUG - Updating music
2026-08-02 21:43:26,705 - DEBUG - Entered _check_music
2026-08-02 21:43:26,705 - DEBUG - Paused: False, Music Playing: True
2026-08-02 21:43:26,718 - DEBUG - Tick
2026-08-02 21:43:26,719 - DEBUG - Updating ship...
2026-08-02 21:43:26,721 - DEBUG - Updating music
2026-08-02 21:43:26,722 - DEBUG - Entered _check_music
2026-08-02 21:43:26,722 - DEBUG - Paused: False, Music Playing: True
2026-08-02 21:43:26,735 - DEBUG - Tick
2026-08-02 21:43:26,735 - DEBUG - Updating ship...
2026-08-02 21:43:26,737 - DEBUG - Updating music
2026-08-02 21:43:26,737 - DEBUG - Entered _check_music
2026-08-02 21:43:26,738 - DEBUG - Paused: False, Music Playing: True
2026-08-02 21:43:26,751 - DEBUG - Tick
2026-08-02 21:43:26,751 - DEBUG - Updating ship...
2026-08-02 21:43:26,754 - DEBUG - Updating music
2026-08-02 21:43:26,754 - DEBUG - Entered _check_music
2026-08-02 21:43:26,754 - DEBUG - Paused: False, Music Playing: True
2026-08-02 21:43:26,766 - DEBUG - Tick
2026-08-02 21:43:26,767 - DEBUG - Updating ship...
2026-08-02 21:43:26,770 - DEBUG - Updating music
2026-08-02 21:43:26,770 - DEBUG - Entered _check_music
2026-08-02 21:43:26,770 - DEBUG - Paused: False, Music Playing: True
2026-08-02 21:43:26,783 - DEBUG - Tick
2026-08-02 21:43:26,783 - DEBUG - Updating ship...
2026-08-02 21:43:26,786 - DEBUG - Updating music
2026-08-02 21:43:26,786 - DEBUG - Entered _check_music
2026-08-02 21:43:26,786 - DEBUG - Paused: False, Music Playing: True
2026-08-02 21:43:26,798 - DEBUG - Tick
2026-08-02 21:43:26,799 - DEBUG - Updating ship...
2026-08-02 21:43:26,801 - DEBUG - Updating music
2026-08-02 21:43:26,801 - DEBUG - Entered _check_music
2026-08-02 21:43:26,801 - DEBUG - Paused: False, Music Playing: True
2026-08-02 21:43:26,814 - DEBUG - Tick
2026-08-02 21:43:26,815 - DEBUG - Updating ship...
2026-08-02 21:43:26,817 - DEBUG - Updating music
2026-08-02 21:43:26,817 - DEBUG - Entered _check_music
2026-08-02 21:43:26,817 - DEBUG - Paused: False, Music Playing: True
2026-08-02 21:43:26,830 - DEBUG - Tick
2026-08-02 21:43:26,831 - DEBUG - Updating ship...
2026-08-02 21:43:26,833 - DEBUG - Updating music
2026-08-02 21:43:26,833 - DEBUG - Entered _check_music
2026-08-02 21:43:26,834 - DEBUG - Paused: False, Music Playing: True
2026-08-02 21:43:26,847 - DEBUG - Tick
2026-08-02 21:43:26,847 - DEBUG - Updating ship...
2026-08-02 21:43:26,850 - DEBUG - Updating music
2026-08-02 21:43:26,850 - DEBUG - Entered _check_music
2026-08-02 21:43:26,850 - DEBUG - Paused: False, Music Playing: True
2026-08-02 21:43:26,863 - DEBUG - Tick
2026-08-02 21:43:26,863 - DEBUG - Updating ship...
2026-08-02 21:43:26,866 - DEBUG - Updating music
2026-08-02 21:43:26,866 - DEBUG - Entered _check_music
2026-08-02 21:43:26,866 - DEBUG - Paused: False, Music Playing: True
2026-08-02 21:43:26,879 - DEBUG - Tick
2026-08-02 21:43:26,879 - DEBUG - Updating ship...
2026-08-02 21:43:26,882 - DEBUG - Updating music
2026-08-02 21:43:26,882 - DEBUG - Entered _check_music
2026-08-02 21:43:26,882 - DEBUG - Paused: False, Music Playing: True
2026-08-02 21:43:26,895 - DEBUG - Tick
2026-08-02 21:43:26,896 - DEBUG - Updating ship...
2026-08-02 21:43:26,898 - DEBUG - Updating music
2026-08-02 21:43:26,899 - DEBUG - Entered _check_music
2026-08-02 21:43:26,899 - DEBUG - Paused: False, Music Playing: True
2026-08-02 21:43:26,912 - DEBUG - Tick
2026-08-02 21:43:26,912 - DEBUG - Updating ship...
2026-08-02 21:43:26,914 - DEBUG - Updating music
2026-08-02 21:43:26,914 - DEBUG - Entered _check_music
2026-08-02 21:43:26,914 - DEBUG - Paused: False, Music Playing: True
2026-08-02 21:43:26,927 - DEBUG - Tick
2026-08-02 21:43:26,927 - DEBUG - Updating ship...
2026-08-02 21:43:26,930 - DEBUG - Updating music
2026-08-02 21:43:26,930 - DEBUG - Entered _check_music
2026-08-02 21:43:26,930 - DEBUG - Paused: False, Music Playing: True
2026-08-02 21:43:26,943 - DEBUG - Tick
2026-08-02 21:43:26,944 - DEBUG - Updating ship...
2026-08-02 21:43:26,947 - DEBUG - Updating music
2026-08-02 21:43:26,947 - DEBUG - Entered _check_music
2026-08-02 21:43:26,947 - DEBUG - Paused: False, Music Playing: True
2026-08-02 21:43:26,959 - DEBUG - Tick
2026-08-02 21:43:26,960 - DEBUG - Updating ship...
2026-08-02 21:43:26,962 - DEBUG - Updating music
2026-08-02 21:43:26,963 - DEBUG - Entered _check_music
2026-08-02 21:43:26,963 - DEBUG - Paused: False, Music Playing: True
2026-08-02 21:43:26,976 - DEBUG - Tick
2026-08-02 21:43:26,976 - DEBUG - Updating ship...
2026-08-02 21:43:26,979 - DEBUG - Updating music
2026-08-02 21:43:26,979 - DEBUG - Entered _check_music
2026-08-02 21:43:26,979 - DEBUG - Paused: False, Music Playing: True
2026-08-02 21:43:26,992 - DEBUG - Tick
2026-08-02 21:43:26,993 - DEBUG - Updating ship...
2026-08-02 21:43:26,995 - DEBUG - Updating music
2026-08-02 21:43:26,995 - DEBUG - Entered _check_music
2026-08-02 21:43:26,995 - DEBUG - Paused: False, Music Playing: True
2026-08-02 21:43:27,008 - DEBUG - Tick
2026-08-02 21:43:27,009 - DEBUG - Updating ship...
2026-08-02 21:43:27,011 - DEBUG - Updating music
2026-08-02 21:43:27,011 - DEBUG - Entered _check_music
2026-08-02 21:43:27,012 - DEBUG - Paused: False, Music Playing: True
2026-08-02 21:43:27,025 - DEBUG - Tick
2026-08-02 21:43:27,025 - DEBUG - Updating ship...
2026-08-02 21:43:27,028 - DEBUG - Updating music
2026-08-02 21:43:27,028 - DEBUG - Entered _check_music
2026-08-02 21:43:27,028 - DEBUG - Paused: False, Music Playing: True
2026-08-02 21:43:27,041 - DEBUG - Tick
2026-08-02 21:43:27,041 - DEBUG - Updating ship...
2026-08-02 21:43:27,044 - DEBUG - Updating music
2026-08-02 21:43:27,044 - DEBUG - Entered _check_music
2026-08-02 21:43:27,044 - DEBUG - Paused: False, Music Playing: True
2026-08-02 21:43:27,057 - DEBUG - Tick
2026-08-02 21:43:27,057 - DEBUG - Updating ship...
2026-08-02 21:43:27,060 - DEBUG - Updating music
2026-08-02 21:43:27,060 - DEBUG - Entered _check_music
2026-08-02 21:43:27,060 - DEBUG - Paused: False, Music Playing: True
2026-08-02 21:43:27,073 - DEBUG - Tick
2026-08-02 21:43:27,074 - DEBUG - Updating ship...
2026-08-02 21:43:27,077 - DEBUG - Updating music
2026-08-02 21:43:27,077 - DEBUG - Entered _check_music
2026-08-02 21:43:27,077 - DEBUG - Paused: False, Music Playing: True
2026-08-02 21:43:27,090 - DEBUG - Tick
2026-08-02 21:43:27,090 - DEBUG - Updating ship...
2026-08-02 21:43:27,093 - DEBUG - Updating music
2026-08-02 21:43:27,093 - DEBUG - Entered _check_music
2026-08-02 21:43:27,093 - DEBUG - Paused: False, Music Playing: True
2026-08-02 21:43:27,106 - DEBUG - Tick
2026-08-02 21:43:27,106 - DEBUG - Updating ship...
2026-08-02 21:43:27,109 - DEBUG - Updating music
2026-08-02 21:43:27,109 - DEBUG - Entered _check_music
2026-08-02 21:43:27,109 - DEBUG - Paused: False, Music Playing: True
2026-08-02 21:43:27,121 - DEBUG - Tick
2026-08-02 21:43:27,122 - DEBUG - Updating ship...
2026-08-02 21:43:27,125 - DEBUG - Updating music
2026-08-02 21:43:27,125 - DEBUG - Entered _check_music
2026-08-02 21:43:27,125 - DEBUG - Paused: False, Music Playing: True
2026-08-02 21:43:27,137 - DEBUG - Tick
2026-08-02 21:43:27,138 - DEBUG - Updating ship...
2026-08-02 21:43:27,141 - DEBUG - Updating music
2026-08-02 21:43:27,141 - DEBUG - Entered _check_music
2026-08-02 21:43:27,141 - DEBUG - Paused: False, Music Playing: True
2026-08-02 21:43:27,154 - DEBUG - Tick
2026-08-02 21:43:27,155 - DEBUG - Updating ship...
2026-08-02 21:43:27,158 - DEBUG - Updating music
2026-08-02 21:43:27,158 - DEBUG - Entered _check_music
2026-08-02 21:43:27,158 - DEBUG - Paused: False, Music Playing: True
2026-08-02 21:43:27,171 - DEBUG - Tick
2026-08-02 21:43:27,172 - DEBUG - Updating ship...
2026-08-02 21:43:27,174 - DEBUG - Updating music
2026-08-02 21:43:27,175 - DEBUG - Entered _check_music
2026-08-02 21:43:27,175 - DEBUG - Paused: False, Music Playing: True
2026-08-02 21:43:27,188 - DEBUG - Tick
2026-08-02 21:43:27,188 - DEBUG - Updating ship...
2026-08-02 21:43:27,191 - DEBUG - Updating music
2026-08-02 21:43:27,191 - DEBUG - Entered _check_music
2026-08-02 21:43:27,191 - DEBUG - Paused: False, Music Playing: True
2026-08-02 21:43:27,204 - DEBUG - Tick
2026-08-02 21:43:27,204 - DEBUG - Updating ship...
2026-08-02 21:43:27,207 - DEBUG - Updating music
2026-08-02 21:43:27,207 - DEBUG - Entered _check_music
2026-08-02 21:43:27,207 - DEBUG - Paused: False, Music Playing: True
2026-08-02 21:43:27,220 - DEBUG - Tick
2026-08-02 21:43:27,220 - DEBUG - Updating ship...
2026-08-02 21:43:27,223 - DEBUG - Updating music
2026-08-02 21:43:27,223 - DEBUG - Entered _check_music
2026-08-02 21:43:27,223 - DEBUG - Paused: False, Music Playing: True
2026-08-02 21:43:27,237 - DEBUG - Tick
2026-08-02 21:43:27,237 - DEBUG - Updating ship...
2026-08-02 21:43:27,240 - DEBUG - Updating music
2026-08-02 21:43:27,240 - DEBUG - Entered _check_music
2026-08-02 21:43:27,240 - DEBUG - Paused: False, Music Playing: True
2026-08-02 21:43:27,253 - DEBUG - Tick
2026-08-02 21:43:27,253 - DEBUG - Updating ship...
2026-08-02 21:43:27,256 - DEBUG - Updating music
2026-08-02 21:43:27,256 - DEBUG - Entered _check_music
2026-08-02 21:43:27,257 - DEBUG - Paused: False, Music Playing: True
2026-08-02 21:43:27,270 - DEBUG - Tick
2026-08-02 21:43:27,270 - DEBUG - Updating ship...
2026-08-02 21:43:27,273 - DEBUG - Updating music
2026-08-02 21:43:27,273 - DEBUG - Entered _check_music
2026-08-02 21:43:27,273 - DEBUG - Paused: False, Music Playing: True
2026-08-02 21:43:27,286 - DEBUG - Tick
2026-08-02 21:43:27,286 - DEBUG - Updating ship...
2026-08-02 21:43:27,289 - DEBUG - Updating music
2026-08-02 21:43:27,289 - DEBUG - Entered _check_music
2026-08-02 21:43:27,289 - DEBUG - Paused: False, Music Playing: True
2026-08-02 21:43:27,303 - DEBUG - Tick
2026-08-02 21:43:27,303 - DEBUG - Updating ship...
2026-08-02 21:43:27,306 - DEBUG - Updating music
2026-08-02 21:43:27,306 - DEBUG - Entered _check_music
2026-08-02 21:43:27,306 - DEBUG - Paused: False, Music Playing: True
2026-08-02 21:43:27,319 - DEBUG - Tick
2026-08-02 21:43:27,319 - DEBUG - Updating ship...
2026-08-02 21:43:27,322 - DEBUG - Updating music
2026-08-02 21:43:27,322 - DEBUG - Entered _check_music
2026-08-02 21:43:27,322 - DEBUG - Paused: False, Music Playing: True
2026-08-02 21:43:27,334 - DEBUG - Tick
2026-08-02 21:43:27,335 - DEBUG - Updating ship...
2026-08-02 21:43:27,338 - DEBUG - Updating music
2026-08-02 21:43:27,338 - DEBUG - Entered _check_music
2026-08-02 21:43:27,338 - DEBUG - Paused: False, Music Playing: True
2026-08-02 21:43:27,351 - DEBUG - Tick
2026-08-02 21:43:27,351 - DEBUG - Updating ship...
2026-08-02 21:43:27,354 - DEBUG - Updating music
2026-08-02 21:43:27,354 - DEBUG - Entered _check_music
2026-08-02 21:43:27,354 - DEBUG - Paused: False, Music Playing: True
2026-08-02 21:43:27,366 - DEBUG - Tick
2026-08-02 21:43:27,367 - DEBUG - Updating ship...
2026-08-02 21:43:27,370 - DEBUG - Updating music
2026-08-02 21:43:27,370 - DEBUG - Entered _check_music
2026-08-02 21:43:27,370 - DEBUG - Paused: False, Music Playing: True
2026-08-02 21:43:27,383 - DEBUG - Tick
2026-08-02 21:43:27,383 - DEBUG - Updating ship...
2026-08-02 21:43:27,386 - DEBUG - Updating music
2026-08-02 21:43:27,386 - DEBUG - Entered _check_music
2026-08-02 21:43:27,386 - DEBUG - Paused: False, Music Playing: True
2026-08-02 21:43:27,397 - DEBUG - Tick
2026-08-02 21:43:27,398 - DEBUG - Updating ship...
2026-08-02 21:43:27,400 - DEBUG - Updating music
2026-08-02 21:43:27,401 - DEBUG - Entered _check_music
2026-08-02 21:43:27,401 - DEBUG - Paused: False, Music Playing: True
2026-08-02 21:43:27,414 - DEBUG - Tick
2026-08-02 21:43:27,414 - DEBUG - Updating ship...
2026-08-02 21:43:27,417 - DEBUG - Updating music
2026-08-02 21:43:27,417 - DEBUG - Entered _check_music
2026-08-02 21:43:27,417 - DEBUG - Paused: False, Music Playing: True
2026-08-02 21:43:27,430 - DEBUG - Tick
2026-08-02 21:43:27,430 - DEBUG - Updating ship...
2026-08-02 21:43:27,433 - DEBUG - Updating music
2026-08-02 21:43:27,433 - DEBUG - Entered _check_music
2026-08-02 21:43:27,433 - DEBUG - Paused: False, Music Playing: True
2026-08-02 21:43:27,446 - DEBUG - Tick
2026-08-02 21:43:27,446 - DEBUG - Updating ship...
2026-08-02 21:43:27,449 - DEBUG - Updating music
2026-08-02 21:43:27,449 - DEBUG - Entered _check_music
2026-08-02 21:43:27,449 - DEBUG - Paused: False, Music Playing: True
2026-08-02 21:43:27,462 - DEBUG - Tick
2026-08-02 21:43:27,462 - DEBUG - Updating ship...
2026-08-02 21:43:27,465 - DEBUG - Updating music
2026-08-02 21:43:27,465 - DEBUG - Entered _check_music
2026-08-02 21:43:27,465 - DEBUG - Paused: False, Music Playing: True
2026-08-02 21:43:27,478 - DEBUG - Tick
2026-08-02 21:43:27,478 - DEBUG - Updating ship...
2026-08-02 21:43:27,481 - DEBUG - Updating music
2026-08-02 21:43:27,481 - DEBUG - Entered _check_music
2026-08-02 21:43:27,481 - DEBUG - Paused: False, Music Playing: True
2026-08-02 21:43:27,493 - DEBUG - Tick
2026-08-02 21:43:27,494 - DEBUG - Updating ship...
2026-08-02 21:43:27,496 - DEBUG - Updating music
2026-08-02 21:43:27,496 - DEBUG - Entered _check_music
2026-08-02 21:43:27,497 - DEBUG - Paused: False, Music Playing: True
2026-08-02 21:43:27,510 - DEBUG - Tick
2026-08-02 21:43:27,510 - DEBUG - Updating ship...
2026-08-02 21:43:27,512 - DEBUG - Updating music
2026-08-02 21:43:27,513 - DEBUG - Entered _check_music
2026-08-02 21:43:27,513 - DEBUG - Paused: False, Music Playing: True
2026-08-02 21:43:27,526 - DEBUG - Tick
2026-08-02 21:43:27,526 - DEBUG - Updating ship...
2026-08-02 21:43:27,529 - DEBUG - Updating music
2026-08-02 21:43:27,529 - DEBUG - Entered _check_music
2026-08-02 21:43:27,529 - DEBUG - Paused: False, Music Playing: True
2026-08-02 21:43:27,542 - DEBUG - Tick
2026-08-02 21:43:27,543 - DEBUG - Updating ship...
2026-08-02 21:43:27,546 - DEBUG - Updating music
2026-08-02 21:43:27,546 - DEBUG - Entered _check_music
2026-08-02 21:43:27,546 - DEBUG - Paused: False, Music Playing: True
2026-08-02 21:43:27,559 - DEBUG - Tick
2026-08-02 21:43:27,559 - DEBUG - Updating ship...
2026-08-02 21:43:27,562 - DEBUG - Updating music
2026-08-02 21:43:27,562 - DEBUG - Entered _check_music
2026-08-02 21:43:27,563 - DEBUG - Paused: False, Music Playing: True
2026-08-02 21:43:27,575 - DEBUG - Tick
2026-08-02 21:43:27,575 - DEBUG - Updating ship...
2026-08-02 21:43:27,578 - DEBUG - Updating music
2026-08-02 21:43:27,578 - DEBUG - Entered _check_music
2026-08-02 21:43:27,578 - DEBUG - Paused: False, Music Playing: True
2026-08-02 21:43:27,591 - DEBUG - Tick
2026-08-02 21:43:27,591 - DEBUG - Updating ship...
2026-08-02 21:43:27,594 - DEBUG - Updating music
2026-08-02 21:43:27,594 - DEBUG - Entered _check_music
2026-08-02 21:43:27,594 - DEBUG - Paused: False, Music Playing: True
2026-08-02 21:43:27,606 - DEBUG - Tick
2026-08-02 21:43:27,607 - DEBUG - Updating ship...
2026-08-02 21:43:27,610 - DEBUG - Updating music
2026-08-02 21:43:27,610 - DEBUG - Entered _check_music
2026-08-02 21:43:27,610 - DEBUG - Paused: False, Music Playing: True
2026-08-02 21:43:27,622 - DEBUG - Tick
2026-08-02 21:43:27,623 - DEBUG - Updating ship...
2026-08-02 21:43:27,626 - DEBUG - Updating music
2026-08-02 21:43:27,626 - DEBUG - Entered _check_music
2026-08-02 21:43:27,626 - DEBUG - Paused: False, Music Playing: True
2026-08-02 21:43:27,638 - DEBUG - Tick
2026-08-02 21:43:27,639 - DEBUG - Updating ship...
2026-08-02 21:43:27,642 - DEBUG - Updating music
2026-08-02 21:43:27,642 - DEBUG - Entered _check_music
2026-08-02 21:43:27,642 - DEBUG - Paused: False, Music Playing: True
2026-08-02 21:43:27,655 - DEBUG - Tick
2026-08-02 21:43:27,655 - DEBUG - Updating ship...
2026-08-02 21:43:27,658 - DEBUG - Updating music
2026-08-02 21:43:27,658 - DEBUG - Entered _check_music
2026-08-02 21:43:27,659 - DEBUG - Paused: False, Music Playing: True
2026-08-02 21:43:27,671 - DEBUG - Tick
2026-08-02 21:43:27,671 - DEBUG - Updating ship...
2026-08-02 21:43:27,672 - DEBUG - Updating music
2026-08-02 21:43:27,672 - DEBUG - Entered _check_music
2026-08-02 21:43:27,672 - DEBUG - Paused: False, Music Playing: True
2026-08-02 21:43:27,687 - DEBUG - Tick
2026-08-02 21:43:27,688 - DEBUG - Updating ship...
2026-08-02 21:43:27,691 - DEBUG - Updating music
2026-08-02 21:43:27,691 - DEBUG - Entered _check_music
2026-08-02 21:43:27,691 - DEBUG - Paused: False, Music Playing: True
2026-08-02 21:43:27,703 - DEBUG - Tick
2026-08-02 21:43:27,704 - DEBUG - Updating ship...
2026-08-02 21:43:27,707 - DEBUG - Updating music
2026-08-02 21:43:27,707 - DEBUG - Entered _check_music
2026-08-02 21:43:27,707 - DEBUG - Paused: False, Music Playing: True
2026-08-02 21:43:27,720 - DEBUG - Tick
2026-08-02 21:43:27,720 - DEBUG - Updating ship...
2026-08-02 21:43:27,723 - DEBUG - Updating music
2026-08-02 21:43:27,723 - DEBUG - Entered _check_music
2026-08-02 21:43:27,723 - DEBUG - Paused: False, Music Playing: True
2026-08-02 21:43:27,737 - DEBUG - Tick
2026-08-02 21:43:27,737 - DEBUG - Updating ship...
2026-08-02 21:43:27,740 - DEBUG - Updating music
2026-08-02 21:43:27,740 - DEBUG - Entered _check_music
2026-08-02 21:43:27,740 - DEBUG - Paused: False, Music Playing: True
2026-08-02 21:43:27,753 - DEBUG - Tick
2026-08-02 21:43:27,753 - DEBUG - Updating ship...
2026-08-02 21:43:27,756 - DEBUG - Updating music
2026-08-02 21:43:27,756 - DEBUG - Entered _check_music
2026-08-02 21:43:27,756 - DEBUG - Paused: False, Music Playing: True
2026-08-02 21:43:27,769 - DEBUG - Tick
2026-08-02 21:43:27,769 - DEBUG - Updating ship...
2026-08-02 21:43:27,772 - DEBUG - Updating music
2026-08-02 21:43:27,772 - DEBUG - Entered _check_music
2026-08-02 21:43:27,772 - DEBUG - Paused: False, Music Playing: True
2026-08-02 21:43:27,786 - DEBUG - Tick
2026-08-02 21:43:27,786 - DEBUG - Updating ship...
2026-08-02 21:43:27,789 - DEBUG - Updating music
2026-08-02 21:43:27,789 - DEBUG - Entered _check_music
2026-08-02 21:43:27,789 - DEBUG - Paused: False, Music Playing: True
2026-08-02 21:43:27,802 - DEBUG - Tick
2026-08-02 21:43:27,803 - DEBUG - Updating ship...
2026-08-02 21:43:27,805 - DEBUG - Updating music
2026-08-02 21:43:27,806 - DEBUG - Entered _check_music
2026-08-02 21:43:27,806 - DEBUG - Paused: False, Music Playing: True
2026-08-02 21:43:27,819 - DEBUG - Tick
2026-08-02 21:43:27,819 - DEBUG - Updating ship...
2026-08-02 21:43:27,822 - DEBUG - Updating music
2026-08-02 21:43:27,822 - DEBUG - Entered _check_music
2026-08-02 21:43:27,822 - DEBUG - Paused: False, Music Playing: True
2026-08-02 21:43:27,834 - DEBUG - Tick
2026-08-02 21:43:27,835 - DEBUG - Updating ship...
2026-08-02 21:43:27,837 - DEBUG - Updating music
2026-08-02 21:43:27,838 - DEBUG - Entered _check_music
2026-08-02 21:43:27,838 - DEBUG - Paused: False, Music Playing: True
2026-08-02 21:43:27,851 - DEBUG - Tick
2026-08-02 21:43:27,851 - DEBUG - Updating ship...
2026-08-02 21:43:27,854 - DEBUG - Updating music
2026-08-02 21:43:27,854 - DEBUG - Entered _check_music
2026-08-02 21:43:27,854 - DEBUG - Paused: False, Music Playing: True
2026-08-02 21:43:27,867 - DEBUG - Tick
2026-08-02 21:43:27,867 - DEBUG - Updating ship...
2026-08-02 21:43:27,870 - DEBUG - Updating music
2026-08-02 21:43:27,870 - DEBUG - Entered _check_music
2026-08-02 21:43:27,870 - DEBUG - Paused: False, Music Playing: True
2026-08-02 21:43:27,882 - DEBUG - Tick
2026-08-02 21:43:27,883 - DEBUG - Updating ship...
2026-08-02 21:43:27,886 - DEBUG - Updating music
2026-08-02 21:43:27,886 - DEBUG - Entered _check_music
2026-08-02 21:43:27,886 - DEBUG - Paused: False, Music Playing: True
2026-08-02 21:43:27,899 - DEBUG - Tick
2026-08-02 21:43:27,899 - DEBUG - Updating ship...
2026-08-02 21:43:27,902 - DEBUG - Updating music
2026-08-02 21:43:27,902 - DEBUG - Entered _check_music
2026-08-02 21:43:27,902 - DEBUG - Paused: False, Music Playing: True
2026-08-02 21:43:27,915 - DEBUG - Tick
2026-08-02 21:43:27,915 - DEBUG - Updating ship...
2026-08-02 21:43:27,918 - DEBUG - Updating music
2026-08-02 21:43:27,918 - DEBUG - Entered _check_music
2026-08-02 21:43:27,918 - DEBUG - Paused: False, Music Playing: True
2026-08-02 21:43:27,931 - DEBUG - Tick
2026-08-02 21:43:27,931 - DEBUG - Updating ship...
2026-08-02 21:43:27,934 - DEBUG - Updating music
2026-08-02 21:43:27,934 - DEBUG - Entered _check_music
2026-08-02 21:43:27,934 - DEBUG - Paused: False, Music Playing: True
2026-08-02 21:43:27,948 - DEBUG - Tick
2026-08-02 21:43:27,948 - DEBUG - Updating ship...
2026-08-02 21:43:27,950 - DEBUG - Updating music
2026-08-02 21:43:27,951 - DEBUG - Entered _check_music
2026-08-02 21:43:27,951 - DEBUG - Paused: False, Music Playing: True
2026-08-02 21:43:27,964 - DEBUG - Tick
2026-08-02 21:43:27,964 - DEBUG - Updating ship...
2026-08-02 21:43:27,967 - DEBUG - Updating music
2026-08-02 21:43:27,967 - DEBUG - Entered _check_music
2026-08-02 21:43:27,967 - DEBUG - Paused: False, Music Playing: True
2026-08-02 21:43:27,979 - DEBUG - Tick
2026-08-02 21:43:27,980 - DEBUG - Updating ship...
2026-08-02 21:43:27,982 - DEBUG - Updating music
2026-08-02 21:43:27,982 - DEBUG - Entered _check_music
2026-08-02 21:43:27,982 - DEBUG - Paused: False, Music Playing: True
2026-08-02 21:43:27,996 - DEBUG - Tick
2026-08-02 21:43:27,996 - DEBUG - Updating ship...
2026-08-02 21:43:27,998 - DEBUG - Updating music
2026-08-02 21:43:27,998 - DEBUG - Entered _check_music
2026-08-02 21:43:27,999 - DEBUG - Paused: False, Music Playing: True
2026-08-02 21:43:28,012 - DEBUG - Tick
2026-08-02 21:43:28,013 - DEBUG - Updating ship...
2026-08-02 21:43:28,015 - DEBUG - Updating music
2026-08-02 21:43:28,015 - DEBUG - Entered _check_music
2026-08-02 21:43:28,015 - DEBUG - Paused: False, Music Playing: True
2026-08-02 21:43:28,028 - DEBUG - Tick
2026-08-02 21:43:28,028 - DEBUG - Updating ship...
2026-08-02 21:43:28,031 - DEBUG - Updating music
2026-08-02 21:43:28,031 - DEBUG - Entered _check_music
2026-08-02 21:43:28,031 - DEBUG - Paused: False, Music Playing: True
2026-08-02 21:43:28,044 - DEBUG - Tick
2026-08-02 21:43:28,045 - DEBUG - Updating ship...
2026-08-02 21:43:28,047 - DEBUG - Updating music
2026-08-02 21:43:28,047 - DEBUG - Entered _check_music
2026-08-02 21:43:28,047 - DEBUG - Paused: False, Music Playing: True
2026-08-02 21:43:28,061 - DEBUG - Tick
2026-08-02 21:43:28,061 - DEBUG - Updating ship...
2026-08-02 21:43:28,064 - DEBUG - Updating music
2026-08-02 21:43:28,064 - DEBUG - Entered _check_music
2026-08-02 21:43:28,064 - DEBUG - Paused: False, Music Playing: True
2026-08-02 21:43:28,076 - DEBUG - Tick
2026-08-02 21:43:28,077 - DEBUG - Updating ship...
2026-08-02 21:43:28,080 - DEBUG - Updating music
2026-08-02 21:43:28,080 - DEBUG - Entered _check_music
2026-08-02 21:43:28,080 - DEBUG - Paused: False, Music Playing: True
2026-08-02 21:43:28,093 - DEBUG - Tick
2026-08-02 21:43:28,093 - DEBUG - Updating ship...
2026-08-02 21:43:28,096 - DEBUG - Updating music
2026-08-02 21:43:28,096 - DEBUG - Entered _check_music
2026-08-02 21:43:28,096 - DEBUG - Paused: False, Music Playing: True
2026-08-02 21:43:28,109 - DEBUG - Tick
2026-08-02 21:43:28,109 - DEBUG - Updating ship...
2026-08-02 21:43:28,112 - DEBUG - Updating music
2026-08-02 21:43:28,112 - DEBUG - Entered _check_music
2026-08-02 21:43:28,112 - DEBUG - Paused: False, Music Playing: True
2026-08-02 21:43:28,124 - DEBUG - Tick
2026-08-02 21:43:28,125 - DEBUG - Updating ship...
2026-08-02 21:43:28,127 - DEBUG - Updating music
2026-08-02 21:43:28,128 - DEBUG - Entered _check_music
2026-08-02 21:43:28,128 - DEBUG - Paused: False, Music Playing: True
2026-08-02 21:43:28,141 - DEBUG - Tick
2026-08-02 21:43:28,141 - DEBUG - Updating ship...
2026-08-02 21:43:28,144 - DEBUG - Updating music
2026-08-02 21:43:28,144 - DEBUG - Entered _check_music
2026-08-02 21:43:28,144 - DEBUG - Paused: False, Music Playing: True
2026-08-02 21:43:28,157 - DEBUG - Tick
2026-08-02 21:43:28,157 - DEBUG - Updating ship...
2026-08-02 21:43:28,160 - DEBUG - Updating music
2026-08-02 21:43:28,160 - DEBUG - Entered _check_music
2026-08-02 21:43:28,160 - DEBUG - Paused: False, Music Playing: True
2026-08-02 21:43:28,172 - DEBUG - Tick
2026-08-02 21:43:28,173 - DEBUG - Updating ship...
2026-08-02 21:43:28,176 - DEBUG - Updating music
2026-08-02 21:43:28,176 - DEBUG - Entered _check_music
2026-08-02 21:43:28,176 - DEBUG - Paused: False, Music Playing: True
2026-08-02 21:43:28,188 - DEBUG - Tick
2026-08-02 21:43:28,189 - DEBUG - Updating ship...
2026-08-02 21:43:28,191 - DEBUG - Updating music
2026-08-02 21:43:28,192 - DEBUG - Entered _check_music
2026-08-02 21:43:28,192 - DEBUG - Paused: False, Music Playing: True
2026-08-02 21:43:28,205 - DEBUG - Tick
2026-08-02 21:43:28,205 - DEBUG - Updating ship...
2026-08-02 21:43:28,208 - DEBUG - Updating music
2026-08-02 21:43:28,209 - DEBUG - Entered _check_music
2026-08-02 21:43:28,209 - DEBUG - Paused: False, Music Playing: True
2026-08-02 21:43:28,221 - DEBUG - Tick
2026-08-02 21:43:28,221 - DEBUG - Updating ship...
2026-08-02 21:43:28,224 - DEBUG - Updating music
2026-08-02 21:43:28,224 - DEBUG - Entered _check_music
2026-08-02 21:43:28,224 - DEBUG - Paused: False, Music Playing: True
2026-08-02 21:43:28,237 - DEBUG - Tick
2026-08-02 21:43:28,237 - DEBUG - Updating ship...
2026-08-02 21:43:28,240 - DEBUG - Updating music
2026-08-02 21:43:28,240 - DEBUG - Entered _check_music
2026-08-02 21:43:28,240 - DEBUG - Paused: False, Music Playing: True
2026-08-02 21:43:28,252 - DEBUG - Tick
2026-08-02 21:43:28,253 - DEBUG - Updating ship...
2026-08-02 21:43:28,255 - DEBUG - Updating music
2026-08-02 21:43:28,255 - DEBUG - Entered _check_music
2026-08-02 21:43:28,255 - DEBUG - Paused: False, Music Playing: True
2026-08-02 21:43:28,269 - DEBUG - Tick
2026-08-02 21:43:28,269 - DEBUG - Updating ship...
2026-08-02 21:43:28,273 - DEBUG - Updating music
2026-08-02 21:43:28,273 - DEBUG - Entered _check_music
2026-08-02 21:43:28,273 - DEBUG - Paused: False, Music Playing: True
2026-08-02 21:43:28,285 - DEBUG - Tick
2026-08-02 21:43:28,286 - DEBUG - Updating ship...
2026-08-02 21:43:28,288 - DEBUG - Updating music
2026-08-02 21:43:28,288 - DEBUG - Entered _check_music
2026-08-02 21:43:28,289 - DEBUG - Paused: False, Music Playing: True
2026-08-02 21:43:28,302 - DEBUG - Tick
2026-08-02 21:43:28,302 - DEBUG - Updating ship...
2026-08-02 21:43:28,305 - DEBUG - Updating music
2026-08-02 21:43:28,305 - DEBUG - Entered _check_music
2026-08-02 21:43:28,305 - DEBUG - Paused: False, Music Playing: True
2026-08-02 21:43:28,317 - DEBUG - Tick
2026-08-02 21:43:28,318 - DEBUG - Updating ship...
2026-08-02 21:43:28,321 - DEBUG - Updating music
2026-08-02 21:43:28,321 - DEBUG - Entered _check_music
2026-08-02 21:43:28,321 - DEBUG - Paused: False, Music Playing: True
2026-08-02 21:43:28,334 - DEBUG - Tick
2026-08-02 21:43:28,334 - DEBUG - Updating ship...
2026-08-02 21:43:28,337 - DEBUG - Updating music
2026-08-02 21:43:28,337 - DEBUG - Entered _check_music
2026-08-02 21:43:28,337 - DEBUG - Paused: False, Music Playing: True
2026-08-02 21:43:28,350 - DEBUG - Tick
2026-08-02 21:43:28,351 - DEBUG - Updating ship...
2026-08-02 21:43:28,353 - DEBUG - Updating music
2026-08-02 21:43:28,353 - DEBUG - Entered _check_music
2026-08-02 21:43:28,353 - DEBUG - Paused: False, Music Playing: True
2026-08-02 21:43:28,367 - DEBUG - Tick
2026-08-02 21:43:28,367 - DEBUG - Updating ship...
2026-08-02 21:43:28,370 - DEBUG - Updating music
2026-08-02 21:43:28,370 - DEBUG - Entered _check_music
2026-08-02 21:43:28,370 - DEBUG - Paused: False, Music Playing: True
2026-08-02 21:43:28,383 - DEBUG - Tick
2026-08-02 21:43:28,383 - DEBUG - Updating ship...
2026-08-02 21:43:28,385 - DEBUG - Updating music
2026-08-02 21:43:28,385 - DEBUG - Entered _check_music
2026-08-02 21:43:28,386 - DEBUG - Paused: False, Music Playing: True
2026-08-02 21:43:28,398 - DEBUG - Tick
2026-08-02 21:43:28,398 - DEBUG - Updating ship...
2026-08-02 21:43:28,401 - DEBUG - Updating music
2026-08-02 21:43:28,401 - DEBUG - Entered _check_music
2026-08-02 21:43:28,401 - DEBUG - Paused: False, Music Playing: True
2026-08-02 21:43:28,413 - DEBUG - Tick
2026-08-02 21:43:28,414 - DEBUG - Updating ship...
2026-08-02 21:43:28,416 - DEBUG - Updating music
2026-08-02 21:43:28,416 - DEBUG - Entered _check_music
2026-08-02 21:43:28,416 - DEBUG - Paused: False, Music Playing: True
2026-08-02 21:43:28,430 - DEBUG - Tick
2026-08-02 21:43:28,430 - DEBUG - Updating ship...
2026-08-02 21:43:28,433 - DEBUG - Updating music
2026-08-02 21:43:28,433 - DEBUG - Entered _check_music
2026-08-02 21:43:28,433 - DEBUG - Paused: False, Music Playing: True
2026-08-02 21:43:28,446 - DEBUG - Tick
2026-08-02 21:43:28,446 - DEBUG - Updating ship...
2026-08-02 21:43:28,449 - DEBUG - Updating music
2026-08-02 21:43:28,449 - DEBUG - Entered _check_music
2026-08-02 21:43:28,449 - DEBUG - Paused: False, Music Playing: True
2026-08-02 21:43:28,462 - DEBUG - Tick
2026-08-02 21:43:28,462 - DEBUG - Updating ship...
2026-08-02 21:43:28,465 - DEBUG - Updating music
2026-08-02 21:43:28,465 - DEBUG - Entered _check_music
2026-08-02 21:43:28,465 - DEBUG - Paused: False, Music Playing: True
2026-08-02 21:43:28,478 - DEBUG - Tick
2026-08-02 21:43:28,478 - DEBUG - Updating ship...
2026-08-02 21:43:28,480 - DEBUG - Updating music
2026-08-02 21:43:28,481 - DEBUG - Entered _check_music
2026-08-02 21:43:28,481 - DEBUG - Paused: False, Music Playing: True
2026-08-02 21:43:28,494 - DEBUG - Tick
2026-08-02 21:43:28,494 - DEBUG - Updating ship...
2026-08-02 21:43:28,497 - DEBUG - Updating music
2026-08-02 21:43:28,497 - DEBUG - Entered _check_music
2026-08-02 21:43:28,497 - DEBUG - Paused: False, Music Playing: True
2026-08-02 21:43:28,509 - DEBUG - Tick
2026-08-02 21:43:28,510 - DEBUG - Updating ship...
2026-08-02 21:43:28,512 - DEBUG - Updating music
2026-08-02 21:43:28,512 - DEBUG - Entered _check_music
2026-08-02 21:43:28,512 - DEBUG - Paused: False, Music Playing: True
2026-08-02 21:43:28,526 - DEBUG - Tick
2026-08-02 21:43:28,526 - DEBUG - Updating ship...
2026-08-02 21:43:28,529 - DEBUG - Updating music
2026-08-02 21:43:28,529 - DEBUG - Entered _check_music
2026-08-02 21:43:28,529 - DEBUG - Paused: False, Music Playing: True
2026-08-02 21:43:28,542 - DEBUG - Tick
2026-08-02 21:43:28,542 - DEBUG - Updating ship...
2026-08-02 21:43:28,545 - DEBUG - Updating music
2026-08-02 21:43:28,545 - DEBUG - Entered _check_music
2026-08-02 21:43:28,545 - DEBUG - Paused: False, Music Playing: True
2026-08-02 21:43:28,558 - DEBUG - Tick
2026-08-02 21:43:28,558 - DEBUG - Updating ship...
2026-08-02 21:43:28,561 - DEBUG - Updating music
2026-08-02 21:43:28,561 - DEBUG - Entered _check_music
2026-08-02 21:43:28,561 - DEBUG - Paused: False, Music Playing: True
2026-08-02 21:43:28,573 - DEBUG - Tick
2026-08-02 21:43:28,574 - DEBUG - Updating ship...
2026-08-02 21:43:28,577 - DEBUG - Updating music
2026-08-02 21:43:28,577 - DEBUG - Entered _check_music
2026-08-02 21:43:28,577 - DEBUG - Paused: False, Music Playing: True
2026-08-02 21:43:28,590 - DEBUG - Tick
2026-08-02 21:43:28,590 - DEBUG - Updating ship...
2026-08-02 21:43:28,593 - DEBUG - Updating music
2026-08-02 21:43:28,593 - DEBUG - Entered _check_music
2026-08-02 21:43:28,593 - DEBUG - Paused: False, Music Playing: True
2026-08-02 21:43:28,605 - DEBUG - Tick
2026-08-02 21:43:28,606 - DEBUG - Updating ship...
2026-08-02 21:43:28,608 - DEBUG - Updating music
2026-08-02 21:43:28,609 - DEBUG - Entered _check_music
2026-08-02 21:43:28,609 - DEBUG - Paused: False, Music Playing: True
2026-08-02 21:43:28,622 - DEBUG - Tick
2026-08-02 21:43:28,622 - DEBUG - Updating ship...
2026-08-02 21:43:28,624 - DEBUG - Updating music
2026-08-02 21:43:28,624 - DEBUG - Entered _check_music
2026-08-02 21:43:28,625 - DEBUG - Paused: False, Music Playing: True
2026-08-02 21:43:28,638 - DEBUG - Tick
2026-08-02 21:43:28,638 - DEBUG - Updating ship...
2026-08-02 21:43:28,641 - DEBUG - Updating music
2026-08-02 21:43:28,641 - DEBUG - Entered _check_music
2026-08-02 21:43:28,641 - DEBUG - Paused: False, Music Playing: True
2026-08-02 21:43:28,654 - DEBUG - Tick
2026-08-02 21:43:28,654 - DEBUG - Updating ship...
2026-08-02 21:43:28,657 - DEBUG - Updating music
2026-08-02 21:43:28,657 - DEBUG - Entered _check_music
2026-08-02 21:43:28,657 - DEBUG - Paused: False, Music Playing: True
2026-08-02 21:43:28,670 - DEBUG - Tick
2026-08-02 21:43:28,670 - DEBUG - Updating ship...
2026-08-02 21:43:28,673 - DEBUG - Updating music
2026-08-02 21:43:28,673 - DEBUG - Entered _check_music
2026-08-02 21:43:28,673 - DEBUG - Paused: False, Music Playing: True
2026-08-02 21:43:28,686 - DEBUG - Tick
2026-08-02 21:43:28,686 - DEBUG - Updating ship...
2026-08-02 21:43:28,688 - DEBUG - Updating music
2026-08-02 21:43:28,689 - DEBUG - Entered _check_music
2026-08-02 21:43:28,689 - DEBUG - Paused: False, Music Playing: True
2026-08-02 21:43:28,702 - DEBUG - Tick
2026-08-02 21:43:28,702 - DEBUG - Updating ship...
2026-08-02 21:43:28,704 - DEBUG - Updating music
2026-08-02 21:43:28,704 - DEBUG - Entered _check_music
2026-08-02 21:43:28,704 - DEBUG - Paused: False, Music Playing: True
2026-08-02 21:43:28,717 - DEBUG - Tick
2026-08-02 21:43:28,718 - DEBUG - Updating ship...
2026-08-02 21:43:28,720 - DEBUG - Updating music
2026-08-02 21:43:28,720 - DEBUG - Entered _check_music
2026-08-02 21:43:28,720 - DEBUG - Paused: False, Music Playing: True
2026-08-02 21:43:28,734 - DEBUG - Tick
2026-08-02 21:43:28,734 - DEBUG - Updating ship...
2026-08-02 21:43:28,737 - DEBUG - Updating music
2026-08-02 21:43:28,737 - DEBUG - Entered _check_music
2026-08-02 21:43:28,737 - DEBUG - Paused: False, Music Playing: True
2026-08-02 21:43:28,750 - DEBUG - Tick
2026-08-02 21:43:28,750 - DEBUG - Updating ship...
2026-08-02 21:43:28,752 - DEBUG - Updating music
2026-08-02 21:43:28,753 - DEBUG - Entered _check_music
2026-08-02 21:43:28,753 - DEBUG - Paused: False, Music Playing: True
2026-08-02 21:43:28,766 - DEBUG - Tick
2026-08-02 21:43:28,766 - DEBUG - Updating ship...
2026-08-02 21:43:28,768 - DEBUG - Updating music
2026-08-02 21:43:28,768 - DEBUG - Entered _check_music
2026-08-02 21:43:28,768 - DEBUG - Paused: False, Music Playing: True
2026-08-02 21:43:28,781 - DEBUG - Tick
2026-08-02 21:43:28,782 - DEBUG - Updating ship...
2026-08-02 21:43:28,784 - DEBUG - Updating music
2026-08-02 21:43:28,784 - DEBUG - Entered _check_music
2026-08-02 21:43:28,784 - DEBUG - Paused: False, Music Playing: True
2026-08-02 21:43:28,798 - DEBUG - Tick
2026-08-02 21:43:28,798 - DEBUG - Updating ship...
2026-08-02 21:43:28,800 - DEBUG - Updating music
2026-08-02 21:43:28,800 - DEBUG - Entered _check_music
2026-08-02 21:43:28,801 - DEBUG - Paused: False, Music Playing: True
2026-08-02 21:43:28,814 - DEBUG - Tick
2026-08-02 21:43:28,814 - DEBUG - Updating ship...
2026-08-02 21:43:28,816 - DEBUG - Updating music
2026-08-02 21:43:28,817 - DEBUG - Entered _check_music
2026-08-02 21:43:28,817 - DEBUG - Paused: False, Music Playing: True
2026-08-02 21:43:28,830 - DEBUG - Tick
2026-08-02 21:43:28,830 - DEBUG - Updating ship...
2026-08-02 21:43:28,832 - DEBUG - Updating music
2026-08-02 21:43:28,833 - DEBUG - Entered _check_music
2026-08-02 21:43:28,833 - DEBUG - Paused: False, Music Playing: True
2026-08-02 21:43:28,846 - DEBUG - Tick
2026-08-02 21:43:28,846 - DEBUG - Updating ship...
2026-08-02 21:43:28,849 - DEBUG - Updating music
2026-08-02 21:43:28,849 - DEBUG - Entered _check_music
2026-08-02 21:43:28,849 - DEBUG - Paused: False, Music Playing: True
2026-08-02 21:43:28,862 - DEBUG - Tick
2026-08-02 21:43:28,862 - DEBUG - Updating ship...
2026-08-02 21:43:28,865 - DEBUG - Updating music
2026-08-02 21:43:28,865 - DEBUG - Entered _check_music
2026-08-02 21:43:28,865 - DEBUG - Paused: False, Music Playing: True
2026-08-02 21:43:28,878 - DEBUG - Tick
2026-08-02 21:43:28,878 - DEBUG - Updating ship...
2026-08-02 21:43:28,881 - DEBUG - Updating music
2026-08-02 21:43:28,881 - DEBUG - Entered _check_music
2026-08-02 21:43:28,881 - DEBUG - Paused: False, Music Playing: True
2026-08-02 21:43:28,894 - DEBUG - Tick
2026-08-02 21:43:28,894 - DEBUG - Updating ship...
2026-08-02 21:43:28,897 - DEBUG - Updating music
2026-08-02 21:43:28,897 - DEBUG - Entered _check_music
2026-08-02 21:43:28,897 - DEBUG - Paused: False, Music Playing: True
2026-08-02 21:43:28,910 - DEBUG - Tick
2026-08-02 21:43:28,910 - DEBUG - Updating ship...
2026-08-02 21:43:28,913 - DEBUG - Updating music
2026-08-02 21:43:28,913 - DEBUG - Entered _check_music
2026-08-02 21:43:28,913 - DEBUG - Paused: False, Music Playing: True
2026-08-02 21:43:28,926 - DEBUG - Tick
2026-08-02 21:43:28,926 - DEBUG - Updating ship...
2026-08-02 21:43:28,929 - DEBUG - Updating music
2026-08-02 21:43:28,929 - DEBUG - Entered _check_music
2026-08-02 21:43:28,929 - DEBUG - Paused: False, Music Playing: True
2026-08-02 21:43:28,941 - DEBUG - Tick
2026-08-02 21:43:28,942 - DEBUG - Updating ship...
2026-08-02 21:43:28,945 - DEBUG - Updating music
2026-08-02 21:43:28,945 - DEBUG - Entered _check_music
2026-08-02 21:43:28,945 - DEBUG - Paused: False, Music Playing: True
2026-08-02 21:43:28,957 - DEBUG - Tick
2026-08-02 21:43:28,958 - DEBUG - Updating ship...
2026-08-02 21:43:28,961 - DEBUG - Updating music
2026-08-02 21:43:28,961 - DEBUG - Entered _check_music
2026-08-02 21:43:28,961 - DEBUG - Paused: False, Music Playing: True
2026-08-02 21:43:28,974 - DEBUG - Tick
2026-08-02 21:43:28,975 - DEBUG - Updating ship...
2026-08-02 21:43:28,978 - DEBUG - Updating music
2026-08-02 21:43:28,978 - DEBUG - Entered _check_music
2026-08-02 21:43:28,978 - DEBUG - Paused: False, Music Playing: True
2026-08-02 21:43:28,991 - DEBUG - Tick
2026-08-02 21:43:28,991 - DEBUG - Updating ship...
2026-08-02 21:43:28,994 - DEBUG - Updating music
2026-08-02 21:43:28,995 - DEBUG - Entered _check_music
2026-08-02 21:43:28,995 - DEBUG - Paused: False, Music Playing: True
2026-08-02 21:43:29,008 - DEBUG - Tick
2026-08-02 21:43:29,008 - DEBUG - Updating ship...
2026-08-02 21:43:29,011 - DEBUG - Updating music
2026-08-02 21:43:29,011 - DEBUG - Entered _check_music
2026-08-02 21:43:29,011 - DEBUG - Paused: False, Music Playing: True
2026-08-02 21:43:29,024 - DEBUG - Tick
2026-08-02 21:43:29,024 - DEBUG - Updating ship...
2026-08-02 21:43:29,027 - DEBUG - Updating music
2026-08-02 21:43:29,027 - DEBUG - Entered _check_music
2026-08-02 21:43:29,027 - DEBUG - Paused: False, Music Playing: True
2026-08-02 21:43:29,039 - DEBUG - Tick
2026-08-02 21:43:29,040 - DEBUG - Updating ship...
2026-08-02 21:43:29,043 - DEBUG - Updating music
2026-08-02 21:43:29,043 - DEBUG - Entered _check_music
2026-08-02 21:43:29,043 - DEBUG - Paused: False, Music Playing: True
2026-08-02 21:43:29,056 - DEBUG - Tick
2026-08-02 21:43:29,057 - DEBUG - Updating ship...
2026-08-02 21:43:29,060 - DEBUG - Updating music
2026-08-02 21:43:29,060 - DEBUG - Entered _check_music
2026-08-02 21:43:29,060 - DEBUG - Paused: False, Music Playing: True
2026-08-02 21:43:29,073 - DEBUG - Tick
2026-08-02 21:43:29,073 - DEBUG - Updating ship...
2026-08-02 21:43:29,076 - DEBUG - Updating music
2026-08-02 21:43:29,076 - DEBUG - Entered _check_music
2026-08-02 21:43:29,076 - DEBUG - Paused: False, Music Playing: True
2026-08-02 21:43:29,089 - DEBUG - Tick
2026-08-02 21:43:29,089 - DEBUG - Updating ship...
2026-08-02 21:43:29,092 - DEBUG - Updating music
2026-08-02 21:43:29,092 - DEBUG - Entered _check_music
2026-08-02 21:43:29,092 - DEBUG - Paused: False, Music Playing: True
2026-08-02 21:43:29,105 - DEBUG - Tick
2026-08-02 21:43:29,105 - DEBUG - Updating ship...
2026-08-02 21:43:29,108 - DEBUG - Updating music
2026-08-02 21:43:29,108 - DEBUG - Entered _check_music
2026-08-02 21:43:29,108 - DEBUG - Paused: False, Music Playing: True
2026-08-02 21:43:29,121 - DEBUG - Tick
2026-08-02 21:43:29,121 - DEBUG - Updating ship...
2026-08-02 21:43:29,124 - DEBUG - Updating music
2026-08-02 21:43:29,124 - DEBUG - Entered _check_music
2026-08-02 21:43:29,124 - DEBUG - Paused: False, Music Playing: True
2026-08-02 21:43:29,138 - DEBUG - Tick
2026-08-02 21:43:29,138 - DEBUG - Updating ship...
2026-08-02 21:43:29,141 - DEBUG - Updating music
2026-08-02 21:43:29,141 - DEBUG - Entered _check_music
2026-08-02 21:43:29,141 - DEBUG - Paused: False, Music Playing: True
2026-08-02 21:43:29,153 - DEBUG - Tick
2026-08-02 21:43:29,154 - DEBUG - Updating ship...
2026-08-02 21:43:29,156 - DEBUG - Updating music
2026-08-02 21:43:29,156 - DEBUG - Entered _check_music
2026-08-02 21:43:29,156 - DEBUG - Paused: False, Music Playing: True
2026-08-02 21:43:29,169 - DEBUG - Tick
2026-08-02 21:43:29,170 - DEBUG - Updating ship...
2026-08-02 21:43:29,172 - DEBUG - Updating music
2026-08-02 21:43:29,172 - DEBUG - Entered _check_music
2026-08-02 21:43:29,172 - DEBUG - Paused: False, Music Playing: True
2026-08-02 21:43:29,186 - DEBUG - Tick
2026-08-02 21:43:29,186 - DEBUG - Updating ship...
2026-08-02 21:43:29,189 - DEBUG - Updating music
2026-08-02 21:43:29,189 - DEBUG - Entered _check_music
2026-08-02 21:43:29,189 - DEBUG - Paused: False, Music Playing: True
2026-08-02 21:43:29,202 - DEBUG - Tick
2026-08-02 21:43:29,202 - DEBUG - Updating ship...
2026-08-02 21:43:29,205 - DEBUG - Updating music
2026-08-02 21:43:29,205 - DEBUG - Entered _check_music
2026-08-02 21:43:29,205 - DEBUG - Paused: False, Music Playing: True
2026-08-02 21:43:29,218 - DEBUG - Tick
2026-08-02 21:43:29,218 - DEBUG - Updating ship...
2026-08-02 21:43:29,221 - DEBUG - Updating music
2026-08-02 21:43:29,221 - DEBUG - Entered _check_music
2026-08-02 21:43:29,221 - DEBUG - Paused: False, Music Playing: True
2026-08-02 21:43:29,233 - DEBUG - Tick
2026-08-02 21:43:29,234 - DEBUG - Updating ship...
2026-08-02 21:43:29,236 - DEBUG - Updating music
2026-08-02 21:43:29,237 - DEBUG - Entered _check_music
2026-08-02 21:43:29,237 - DEBUG - Paused: False, Music Playing: True
2026-08-02 21:43:29,250 - DEBUG - Tick
2026-08-02 21:43:29,252 - DEBUG - Updating ship...
2026-08-02 21:43:29,255 - DEBUG - Updating music
2026-08-02 21:43:29,255 - DEBUG - Entered _check_music
2026-08-02 21:43:29,255 - DEBUG - Paused: False, Music Playing: True
2026-08-02 21:43:29,265 - DEBUG - Tick
2026-08-02 21:43:29,266 - DEBUG - Updating ship...
2026-08-02 21:43:29,268 - DEBUG - Updating music
2026-08-02 21:43:29,269 - DEBUG - Entered _check_music
2026-08-02 21:43:29,269 - DEBUG - Paused: False, Music Playing: True
2026-08-02 21:43:29,282 - DEBUG - Tick
2026-08-02 21:43:29,282 - DEBUG - Updating ship...
2026-08-02 21:43:29,285 - DEBUG - Updating music
2026-08-02 21:43:29,285 - DEBUG - Entered _check_music
2026-08-02 21:43:29,285 - DEBUG - Paused: False, Music Playing: True
2026-08-02 21:43:29,298 - DEBUG - Tick
2026-08-02 21:43:29,298 - DEBUG - Updating ship...
2026-08-02 21:43:29,301 - DEBUG - Updating music
2026-08-02 21:43:29,301 - DEBUG - Entered _check_music
2026-08-02 21:43:29,301 - DEBUG - Paused: False, Music Playing: True
2026-08-02 21:43:29,314 - DEBUG - Tick
2026-08-02 21:43:29,314 - DEBUG - Updating ship...
2026-08-02 21:43:29,317 - DEBUG - Updating music
2026-08-02 21:43:29,318 - DEBUG - Entered _check_music
2026-08-02 21:43:29,318 - DEBUG - Paused: False, Music Playing: True
2026-08-02 21:43:29,330 - DEBUG - Tick
2026-08-02 21:43:29,330 - DEBUG - Updating ship...
2026-08-02 21:43:29,333 - DEBUG - Updating music
2026-08-02 21:43:29,333 - DEBUG - Entered _check_music
2026-08-02 21:43:29,333 - DEBUG - Paused: False, Music Playing: True
2026-08-02 21:43:29,346 - DEBUG - Tick
2026-08-02 21:43:29,346 - DEBUG - Updating ship...
2026-08-02 21:43:29,349 - DEBUG - Updating music
2026-08-02 21:43:29,349 - DEBUG - Entered _check_music
2026-08-02 21:43:29,349 - DEBUG - Paused: False, Music Playing: True
2026-08-02 21:43:29,362 - DEBUG - Tick
2026-08-02 21:43:29,363 - DEBUG - Updating ship...
2026-08-02 21:43:29,365 - DEBUG - Updating music
2026-08-02 21:43:29,366 - DEBUG - Entered _check_music
2026-08-02 21:43:29,366 - DEBUG - Paused: False, Music Playing: True
2026-08-02 21:43:29,380 - DEBUG - Tick
2026-08-02 21:43:29,380 - DEBUG - Updating ship...
2026-08-02 21:43:29,383 - DEBUG - Updating music
2026-08-02 21:43:29,383 - DEBUG - Entered _check_music
2026-08-02 21:43:29,383 - DEBUG - Paused: False, Music Playing: True
2026-08-02 21:43:29,395 - DEBUG - Tick
2026-08-02 21:43:29,395 - DEBUG - Updating ship...
2026-08-02 21:43:29,398 - DEBUG - Updating music
2026-08-02 21:43:29,398 - DEBUG - Entered _check_music
2026-08-02 21:43:29,399 - DEBUG - Paused: False, Music Playing: True
2026-08-02 21:43:29,412 - DEBUG - Tick
2026-08-02 21:43:29,412 - DEBUG - Updating ship...
2026-08-02 21:43:29,415 - DEBUG - Updating music
2026-08-02 21:43:29,415 - DEBUG - Entered _check_music
2026-08-02 21:43:29,415 - DEBUG - Paused: False, Music Playing: True
2026-08-02 21:43:29,427 - DEBUG - Tick
2026-08-02 21:43:29,428 - DEBUG - Updating ship...
2026-08-02 21:43:29,430 - DEBUG - Updating music
2026-08-02 21:43:29,430 - DEBUG - Entered _check_music
2026-08-02 21:43:29,430 - DEBUG - Paused: False, Music Playing: True
2026-08-02 21:43:29,444 - DEBUG - Tick
2026-08-02 21:43:29,444 - DEBUG - Updating ship...
2026-08-02 21:43:29,447 - DEBUG - Updating music
2026-08-02 21:43:29,447 - DEBUG - Entered _check_music
2026-08-02 21:43:29,447 - DEBUG - Paused: False, Music Playing: True
2026-08-02 21:43:29,460 - DEBUG - Tick
2026-08-02 21:43:29,460 - DEBUG - Updating ship...
2026-08-02 21:43:29,463 - DEBUG - Updating music
2026-08-02 21:43:29,463 - DEBUG - Entered _check_music
2026-08-02 21:43:29,463 - DEBUG - Paused: False, Music Playing: True
2026-08-02 21:43:29,475 - DEBUG - Tick
2026-08-02 21:43:29,475 - DEBUG - Updating ship...
2026-08-02 21:43:29,478 - DEBUG - Updating music
2026-08-02 21:43:29,478 - DEBUG - Entered _check_music
2026-08-02 21:43:29,478 - DEBUG - Paused: False, Music Playing: True
2026-08-02 21:43:29,491 - DEBUG - Tick
2026-08-02 21:43:29,492 - DEBUG - Updating ship...
2026-08-02 21:43:29,494 - DEBUG - Updating music
2026-08-02 21:43:29,494 - DEBUG - Entered _check_music
2026-08-02 21:43:29,494 - DEBUG - Paused: False, Music Playing: True
2026-08-02 21:43:29,508 - DEBUG - Tick
2026-08-02 21:43:29,508 - DEBUG - Updating ship...
2026-08-02 21:43:29,511 - DEBUG - Updating music
2026-08-02 21:43:29,511 - DEBUG - Entered _check_music
2026-08-02 21:43:29,511 - DEBUG - Paused: False, Music Playing: True
2026-08-02 21:43:29,524 - DEBUG - Tick
2026-08-02 21:43:29,524 - DEBUG - Updating ship...
2026-08-02 21:43:29,526 - DEBUG - Updating music
2026-08-02 21:43:29,527 - DEBUG - Entered _check_music
2026-08-02 21:43:29,527 - DEBUG - Paused: False, Music Playing: True
2026-08-02 21:43:29,540 - DEBUG - Tick
2026-08-02 21:43:29,540 - DEBUG - Updating ship...
2026-08-02 21:43:29,543 - DEBUG - Updating music
2026-08-02 21:43:29,543 - DEBUG - Entered _check_music
2026-08-02 21:43:29,543 - DEBUG - Paused: False, Music Playing: True
2026-08-02 21:43:29,556 - DEBUG - Tick
2026-08-02 21:43:29,556 - DEBUG - Updating ship...
2026-08-02 21:43:29,558 - DEBUG - Updating music
2026-08-02 21:43:29,559 - DEBUG - Entered _check_music
2026-08-02 21:43:29,559 - DEBUG - Paused: False, Music Playing: True
2026-08-02 21:43:29,572 - DEBUG - Tick
2026-08-02 21:43:29,572 - DEBUG - Updating ship...
2026-08-02 21:43:29,575 - DEBUG - Updating music
2026-08-02 21:43:29,575 - DEBUG - Entered _check_music
2026-08-02 21:43:29,575 - DEBUG - Paused: False, Music Playing: True
2026-08-02 21:43:29,588 - DEBUG - Tick
2026-08-02 21:43:29,588 - DEBUG - Updating ship...
2026-08-02 21:43:29,591 - DEBUG - Updating music
2026-08-02 21:43:29,591 - DEBUG - Entered _check_music
2026-08-02 21:43:29,591 - DEBUG - Paused: False, Music Playing: True
2026-08-02 21:43:29,604 - DEBUG - Tick
2026-08-02 21:43:29,604 - DEBUG - Updating ship...
2026-08-02 21:43:29,606 - DEBUG - Updating music
2026-08-02 21:43:29,606 - DEBUG - Entered _check_music
2026-08-02 21:43:29,607 - DEBUG - Paused: False, Music Playing: True
2026-08-02 21:43:29,620 - DEBUG - Tick
2026-08-02 21:43:29,620 - DEBUG - Updating ship...
2026-08-02 21:43:29,622 - DEBUG - Updating music
2026-08-02 21:43:29,622 - DEBUG - Entered _check_music
2026-08-02 21:43:29,623 - DEBUG - Paused: False, Music Playing: True
2026-08-02 21:43:29,636 - DEBUG - Tick
2026-08-02 21:43:29,636 - DEBUG - Updating ship...
2026-08-02 21:43:29,639 - DEBUG - Updating music
2026-08-02 21:43:29,639 - DEBUG - Entered _check_music
2026-08-02 21:43:29,639 - DEBUG - Paused: False, Music Playing: True
2026-08-02 21:43:29,652 - DEBUG - Tick
2026-08-02 21:43:29,652 - DEBUG - Updating ship...
2026-08-02 21:43:29,654 - DEBUG - Updating music
2026-08-02 21:43:29,654 - DEBUG - Entered _check_music
2026-08-02 21:43:29,655 - DEBUG - Paused: False, Music Playing: True
2026-08-02 21:43:29,668 - DEBUG - Tick
2026-08-02 21:43:29,668 - DEBUG - Updating ship...
2026-08-02 21:43:29,670 - DEBUG - Updating music
2026-08-02 21:43:29,670 - DEBUG - Entered _check_music
2026-08-02 21:43:29,670 - DEBUG - Paused: False, Music Playing: True
2026-08-02 21:43:29,684 - DEBUG - Tick
2026-08-02 21:43:29,684 - DEBUG - Updating ship...
2026-08-02 21:43:29,686 - DEBUG - Updating music
2026-08-02 21:43:29,686 - DEBUG - Entered _check_music
2026-08-02 21:43:29,686 - DEBUG - Paused: False, Music Playing: True
2026-08-02 21:43:29,700 - DEBUG - Tick
2026-08-02 21:43:29,700 - DEBUG - Updating ship...
2026-08-02 21:43:29,703 - DEBUG - Updating music
2026-08-02 21:43:29,703 - DEBUG - Entered _check_music
2026-08-02 21:43:29,703 - DEBUG - Paused: False, Music Playing: True
2026-08-02 21:43:29,716 - DEBUG - Tick
2026-08-02 21:43:29,716 - DEBUG - Updating ship...
2026-08-02 21:43:29,718 - DEBUG - Updating music
2026-08-02 21:43:29,718 - DEBUG - Entered _check_music
2026-08-02 21:43:29,718 - DEBUG - Paused: False, Music Playing: True
2026-08-02 21:43:29,731 - DEBUG - Tick
2026-08-02 21:43:29,731 - DEBUG - Updating ship...
2026-08-02 21:43:29,734 - DEBUG - Updating music
2026-08-02 21:43:29,734 - DEBUG - Entered _check_music
2026-08-02 21:43:29,734 - DEBUG - Paused: False, Music Playing: True
2026-08-02 21:43:29,747 - DEBUG - Tick
2026-08-02 21:43:29,748 - DEBUG - Updating ship...
2026-08-02 21:43:29,750 - DEBUG - Updating music
2026-08-02 21:43:29,750 - DEBUG - Entered _check_music
2026-08-02 21:43:29,751 - DEBUG - Paused: False, Music Playing: True
2026-08-02 21:43:29,764 - DEBUG - Tick
2026-08-02 21:43:29,764 - DEBUG - Updating ship...
2026-08-02 21:43:29,766 - DEBUG - Updating music
2026-08-02 21:43:29,766 - DEBUG - Entered _check_music
2026-08-02 21:43:29,767 - DEBUG - Paused: False, Music Playing: True
2026-08-02 21:43:29,780 - DEBUG - Tick
2026-08-02 21:43:29,780 - DEBUG - Updating ship...
2026-08-02 21:43:29,782 - DEBUG - Updating music
2026-08-02 21:43:29,783 - DEBUG - Entered _check_music
2026-08-02 21:43:29,783 - DEBUG - Paused: False, Music Playing: True
2026-08-02 21:43:29,796 - DEBUG - Tick
2026-08-02 21:43:29,796 - DEBUG - Updating ship...
2026-08-02 21:43:29,799 - DEBUG - Updating music
2026-08-02 21:43:29,799 - DEBUG - Entered _check_music
2026-08-02 21:43:29,799 - DEBUG - Paused: False, Music Playing: True
2026-08-02 21:43:29,812 - DEBUG - Tick
2026-08-02 21:43:29,813 - DEBUG - Updating ship...
2026-08-02 21:43:29,816 - DEBUG - Updating music
2026-08-02 21:43:29,816 - DEBUG - Entered _check_music
2026-08-02 21:43:29,816 - DEBUG - Paused: False, Music Playing: True
2026-08-02 21:43:29,829 - DEBUG - Tick
2026-08-02 21:43:29,829 - DEBUG - Updating ship...
2026-08-02 21:43:29,832 - DEBUG - Updating music
2026-08-02 21:43:29,832 - DEBUG - Entered _check_music
2026-08-02 21:43:29,832 - DEBUG - Paused: False, Music Playing: True
2026-08-02 21:43:29,844 - DEBUG - Tick
2026-08-02 21:43:29,844 - DEBUG - Updating ship...
2026-08-02 21:43:29,847 - DEBUG - Updating music
2026-08-02 21:43:29,847 - DEBUG - Entered _check_music
2026-08-02 21:43:29,847 - DEBUG - Paused: False, Music Playing: True
2026-08-02 21:43:29,861 - DEBUG - Tick
2026-08-02 21:43:29,861 - DEBUG - Updating ship...
2026-08-02 21:43:29,864 - DEBUG - Updating music
2026-08-02 21:43:29,864 - DEBUG - Entered _check_music
2026-08-02 21:43:29,864 - DEBUG - Paused: False, Music Playing: True
2026-08-02 21:43:29,877 - DEBUG - Tick
2026-08-02 21:43:29,877 - DEBUG - Updating ship...
2026-08-02 21:43:29,880 - DEBUG - Updating music
2026-08-02 21:43:29,880 - DEBUG - Entered _check_music
2026-08-02 21:43:29,880 - DEBUG - Paused: False, Music Playing: True
2026-08-02 21:43:29,893 - DEBUG - Tick
2026-08-02 21:43:29,893 - DEBUG - Updating ship...
2026-08-02 21:43:29,896 - DEBUG - Updating music
2026-08-02 21:43:29,896 - DEBUG - Entered _check_music
2026-08-02 21:43:29,896 - DEBUG - Paused: False, Music Playing: True
2026-08-02 21:43:29,910 - DEBUG - Tick
2026-08-02 21:43:29,910 - DEBUG - Updating ship...
2026-08-02 21:43:29,913 - DEBUG - Updating music
2026-08-02 21:43:29,913 - DEBUG - Entered _check_music
2026-08-02 21:43:29,913 - DEBUG - Paused: False, Music Playing: True
2026-08-02 21:43:29,926 - DEBUG - Tick
2026-08-02 21:43:29,927 - DEBUG - Updating ship...
2026-08-02 21:43:29,929 - DEBUG - Updating music
2026-08-02 21:43:29,929 - DEBUG - Entered _check_music
2026-08-02 21:43:29,929 - DEBUG - Paused: False, Music Playing: True
2026-08-02 21:43:29,943 - DEBUG - Tick
2026-08-02 21:43:29,943 - DEBUG - Updating ship...
2026-08-02 21:43:29,944 - DEBUG - Updating music
2026-08-02 21:43:29,944 - DEBUG - Entered _check_music
2026-08-02 21:43:29,944 - DEBUG - Paused: False, Music Playing: True
2026-08-02 21:43:29,959 - DEBUG - Tick
2026-08-02 21:43:29,959 - DEBUG - Updating ship...
2026-08-02 21:43:29,960 - DEBUG - Updating music
2026-08-02 21:43:29,960 - DEBUG - Entered _check_music
2026-08-02 21:43:29,960 - DEBUG - Paused: False, Music Playing: True
2026-08-02 21:43:29,974 - DEBUG - Tick
2026-08-02 21:43:29,975 - DEBUG - Updating ship...
2026-08-02 21:43:29,976 - DEBUG - Updating music
2026-08-02 21:43:29,976 - DEBUG - Entered _check_music
2026-08-02 21:43:29,976 - DEBUG - Paused: False, Music Playing: True
2026-08-02 21:43:29,991 - DEBUG - Tick
2026-08-02 21:43:29,991 - DEBUG - Updating ship...
2026-08-02 21:43:29,993 - DEBUG - Updating music
2026-08-02 21:43:29,993 - DEBUG - Entered _check_music
2026-08-02 21:43:29,993 - DEBUG - Paused: False, Music Playing: True
2026-08-02 21:43:30,007 - DEBUG - Tick
2026-08-02 21:43:30,007 - DEBUG - Updating ship...
2026-08-02 21:43:30,010 - DEBUG - Updating music
2026-08-02 21:43:30,010 - DEBUG - Entered _check_music
2026-08-02 21:43:30,010 - DEBUG - Paused: False, Music Playing: True
2026-08-02 21:43:30,022 - DEBUG - Tick
2026-08-02 21:43:30,023 - DEBUG - Updating ship...
2026-08-02 21:43:30,026 - DEBUG - Updating music
2026-08-02 21:43:30,026 - DEBUG - Entered _check_music
2026-08-02 21:43:30,026 - DEBUG - Paused: False, Music Playing: True
2026-08-02 21:43:30,039 - DEBUG - Tick
2026-08-02 21:43:30,039 - DEBUG - Updating ship...
2026-08-02 21:43:30,042 - DEBUG - Updating music
2026-08-02 21:43:30,042 - DEBUG - Entered _check_music
2026-08-02 21:43:30,042 - DEBUG - Paused: False, Music Playing: True
2026-08-02 21:43:30,055 - DEBUG - Tick
2026-08-02 21:43:30,055 - DEBUG - Updating ship...
2026-08-02 21:43:30,058 - DEBUG - Updating music
2026-08-02 21:43:30,058 - DEBUG - Entered _check_music
2026-08-02 21:43:30,058 - DEBUG - Paused: False, Music Playing: True
2026-08-02 21:43:30,070 - DEBUG - Tick
2026-08-02 21:43:30,071 - DEBUG - Updating ship...
2026-08-02 21:43:30,074 - DEBUG - Updating music
2026-08-02 21:43:30,074 - DEBUG - Entered _check_music
2026-08-02 21:43:30,074 - DEBUG - Paused: False, Music Playing: True
2026-08-02 21:43:30,087 - DEBUG - Tick
2026-08-02 21:43:30,087 - DEBUG - Updating ship...
2026-08-02 21:43:30,090 - DEBUG - Updating music
2026-08-02 21:43:30,090 - DEBUG - Entered _check_music
2026-08-02 21:43:30,090 - DEBUG - Paused: False, Music Playing: True
2026-08-02 21:43:30,102 - DEBUG - Tick
2026-08-02 21:43:30,103 - DEBUG - Updating ship...
2026-08-02 21:43:30,106 - DEBUG - Updating music
2026-08-02 21:43:30,106 - DEBUG - Entered _check_music
2026-08-02 21:43:30,106 - DEBUG - Paused: False, Music Playing: True
2026-08-02 21:43:30,119 - DEBUG - Tick
2026-08-02 21:43:30,119 - DEBUG - Updating ship...
2026-08-02 21:43:30,122 - DEBUG - Updating music
2026-08-02 21:43:30,122 - DEBUG - Entered _check_music
2026-08-02 21:43:30,123 - DEBUG - Paused: False, Music Playing: True
2026-08-02 21:43:30,135 - DEBUG - Tick
2026-08-02 21:43:30,135 - DEBUG - Updating ship...
2026-08-02 21:43:30,137 - DEBUG - Updating music
2026-08-02 21:43:30,138 - DEBUG - Entered _check_music
2026-08-02 21:43:30,138 - DEBUG - Paused: False, Music Playing: True
2026-08-02 21:43:30,151 - DEBUG - Tick
2026-08-02 21:43:30,151 - DEBUG - Updating ship...
2026-08-02 21:43:30,154 - DEBUG - Updating music
2026-08-02 21:43:30,154 - DEBUG - Entered _check_music
2026-08-02 21:43:30,154 - DEBUG - Paused: False, Music Playing: True
2026-08-02 21:43:30,166 - DEBUG - Tick
2026-08-02 21:43:30,167 - DEBUG - Updating ship...
2026-08-02 21:43:30,169 - DEBUG - Updating music
2026-08-02 21:43:30,169 - DEBUG - Entered _check_music
2026-08-02 21:43:30,169 - DEBUG - Paused: False, Music Playing: True
2026-08-02 21:43:30,182 - DEBUG - Tick
2026-08-02 21:43:30,182 - DEBUG - Updating ship...
2026-08-02 21:43:30,185 - DEBUG - Updating music
2026-08-02 21:43:30,185 - DEBUG - Entered _check_music
2026-08-02 21:43:30,185 - DEBUG - Paused: False, Music Playing: True
2026-08-02 21:43:30,198 - DEBUG - Tick
2026-08-02 21:43:30,198 - DEBUG - Updating ship...
2026-08-02 21:43:30,201 - DEBUG - Updating music
2026-08-02 21:43:30,201 - DEBUG - Entered _check_music
2026-08-02 21:43:30,201 - DEBUG - Paused: False, Music Playing: True
2026-08-02 21:43:30,215 - DEBUG - Tick
2026-08-02 21:43:30,215 - DEBUG - Updating ship...
2026-08-02 21:43:30,218 - DEBUG - Updating music
2026-08-02 21:43:30,219 - DEBUG - Entered _check_music
2026-08-02 21:43:30,219 - DEBUG - Paused: False, Music Playing: True
2026-08-02 21:43:30,231 - DEBUG - Tick
2026-08-02 21:43:30,231 - DEBUG - Updating ship...
2026-08-02 21:43:30,234 - DEBUG - Updating music
2026-08-02 21:43:30,234 - DEBUG - Entered _check_music
2026-08-02 21:43:30,234 - DEBUG - Paused: False, Music Playing: True
2026-08-02 21:43:30,247 - DEBUG - Tick
2026-08-02 21:43:30,247 - DEBUG - Updating ship...
2026-08-02 21:43:30,249 - DEBUG - Updating music
2026-08-02 21:43:30,250 - DEBUG - Entered _check_music
2026-08-02 21:43:30,250 - DEBUG - Paused: False, Music Playing: True
2026-08-02 21:43:30,264 - DEBUG - Tick
2026-08-02 21:43:30,264 - DEBUG - Updating ship...
2026-08-02 21:43:30,266 - DEBUG - Updating music
2026-08-02 21:43:30,266 - DEBUG - Entered _check_music
2026-08-02 21:43:30,266 - DEBUG - Paused: False, Music Playing: True
2026-08-02 21:43:30,280 - DEBUG - Tick
2026-08-02 21:43:30,280 - DEBUG - Updating ship...
2026-08-02 21:43:30,282 - DEBUG - Updating music
2026-08-02 21:43:30,282 - DEBUG - Entered _check_music
2026-08-02 21:43:30,282 - DEBUG - Paused: False, Music Playing: True
2026-08-02 21:43:30,296 - DEBUG - Tick
2026-08-02 21:43:30,296 - DEBUG - Updating ship...
2026-08-02 21:43:30,298 - DEBUG - Updating music
2026-08-02 21:43:30,298 - DEBUG - Entered _check_music
2026-08-02 21:43:30,298 - DEBUG - Paused: False, Music Playing: True
2026-08-02 21:43:30,311 - DEBUG - Tick
2026-08-02 21:43:30,312 - DEBUG - Updating ship...
2026-08-02 21:43:30,314 - DEBUG - Updating music
2026-08-02 21:43:30,314 - DEBUG - Entered _check_music
2026-08-02 21:43:30,314 - DEBUG - Paused: False, Music Playing: True
2026-08-02 21:43:30,327 - DEBUG - Tick
2026-08-02 21:43:30,327 - DEBUG - Updating ship...
2026-08-02 21:43:30,330 - DEBUG - Updating music
2026-08-02 21:43:30,330 - DEBUG - Entered _check_music
2026-08-02 21:43:30,330 - DEBUG - Paused: False, Music Playing: True
2026-08-02 21:43:30,343 - DEBUG - Tick
2026-08-02 21:43:30,343 - DEBUG - Updating ship...
2026-08-02 21:43:30,346 - DEBUG - Updating music
2026-08-02 21:43:30,346 - DEBUG - Entered _check_music
2026-08-02 21:43:30,346 - DEBUG - Paused: False, Music Playing: True
2026-08-02 21:43:30,359 - DEBUG - Tick
2026-08-02 21:43:30,360 - DEBUG - Updating ship...
2026-08-02 21:43:30,362 - DEBUG - Updating music
2026-08-02 21:43:30,362 - DEBUG - Entered _check_music
2026-08-02 21:43:30,362 - DEBUG - Paused: False, Music Playing: True
2026-08-02 21:43:30,376 - DEBUG - Tick
2026-08-02 21:43:30,376 - DEBUG - Updating ship...
2026-08-02 21:43:30,379 - DEBUG - Updating music
2026-08-02 21:43:30,379 - DEBUG - Entered _check_music
2026-08-02 21:43:30,379 - DEBUG - Paused: False, Music Playing: True
2026-08-02 21:43:30,392 - DEBUG - Tick
2026-08-02 21:43:30,392 - DEBUG - Updating ship...
2026-08-02 21:43:30,395 - DEBUG - Updating music
2026-08-02 21:43:30,395 - DEBUG - Entered _check_music
2026-08-02 21:43:30,395 - DEBUG - Paused: False, Music Playing: True
2026-08-02 21:43:30,408 - DEBUG - Tick
2026-08-02 21:43:30,408 - DEBUG - Updating ship...
2026-08-02 21:43:30,411 - DEBUG - Updating music
2026-08-02 21:43:30,411 - DEBUG - Entered _check_music
2026-08-02 21:43:30,411 - DEBUG - Paused: False, Music Playing: True
2026-08-02 21:43:30,424 - DEBUG - Tick
2026-08-02 21:43:30,424 - DEBUG - Updating ship...
2026-08-02 21:43:30,427 - DEBUG - Updating music
2026-08-02 21:43:30,427 - DEBUG - Entered _check_music
2026-08-02 21:43:30,427 - DEBUG - Paused: False, Music Playing: True
2026-08-02 21:43:30,440 - DEBUG - Tick
2026-08-02 21:43:30,440 - DEBUG - Updating ship...
2026-08-02 21:43:30,443 - DEBUG - Updating music
2026-08-02 21:43:30,443 - DEBUG - Entered _check_music
2026-08-02 21:43:30,443 - DEBUG - Paused: False, Music Playing: True
2026-08-02 21:43:30,457 - DEBUG - Tick
2026-08-02 21:43:30,457 - DEBUG - Updating ship...
2026-08-02 21:43:30,460 - DEBUG - Updating music
2026-08-02 21:43:30,460 - DEBUG - Entered _check_music
2026-08-02 21:43:30,460 - DEBUG - Paused: False, Music Playing: True
2026-08-02 21:43:30,474 - DEBUG - Tick
2026-08-02 21:43:30,474 - DEBUG - Updating ship...
2026-08-02 21:43:30,477 - DEBUG - Updating music
2026-08-02 21:43:30,477 - DEBUG - Entered _check_music
2026-08-02 21:43:30,477 - DEBUG - Paused: False, Music Playing: True
2026-08-02 21:43:30,491 - DEBUG - Tick
2026-08-02 21:43:30,491 - DEBUG - Updating ship...
2026-08-02 21:43:30,494 - DEBUG - Updating music
2026-08-02 21:43:30,494 - DEBUG - Entered _check_music
2026-08-02 21:43:30,494 - DEBUG - Paused: False, Music Playing: True
2026-08-02 21:43:30,506 - DEBUG - Tick
2026-08-02 21:43:30,506 - DEBUG - Updating ship...
2026-08-02 21:43:30,509 - DEBUG - Updating music
2026-08-02 21:43:30,509 - DEBUG - Entered _check_music
2026-08-02 21:43:30,509 - DEBUG - Paused: False, Music Playing: True
2026-08-02 21:43:30,523 - DEBUG - Tick
2026-08-02 21:43:30,523 - DEBUG - Updating ship...
2026-08-02 21:43:30,526 - DEBUG - Updating music
2026-08-02 21:43:30,526 - DEBUG - Entered _check_music
2026-08-02 21:43:30,526 - DEBUG - Paused: False, Music Playing: True
2026-08-02 21:43:30,540 - DEBUG - Tick
2026-08-02 21:43:30,540 - DEBUG - Updating ship...
2026-08-02 21:43:30,543 - DEBUG - Updating music
2026-08-02 21:43:30,543 - DEBUG - Entered _check_music
2026-08-02 21:43:30,543 - DEBUG - Paused: False, Music Playing: True
2026-08-02 21:43:30,555 - DEBUG - Tick
2026-08-02 21:43:30,555 - DEBUG - Updating ship...
2026-08-02 21:43:30,558 - DEBUG - Updating music
2026-08-02 21:43:30,558 - DEBUG - Entered _check_music
2026-08-02 21:43:30,558 - DEBUG - Paused: False, Music Playing: True
2026-08-02 21:43:30,571 - DEBUG - Tick
2026-08-02 21:43:30,571 - DEBUG - Updating ship...
2026-08-02 21:43:30,574 - DEBUG - Updating music
2026-08-02 21:43:30,574 - DEBUG - Entered _check_music
2026-08-02 21:43:30,574 - DEBUG - Paused: False, Music Playing: True
2026-08-02 21:43:30,587 - DEBUG - Tick
2026-08-02 21:43:30,587 - DEBUG - Updating ship...
2026-08-02 21:43:30,590 - DEBUG - Updating music
2026-08-02 21:43:30,590 - DEBUG - Entered _check_music
2026-08-02 21:43:30,590 - DEBUG - Paused: False, Music Playing: True
2026-08-02 21:43:30,603 - DEBUG - Tick
2026-08-02 21:43:30,604 - DEBUG - Updating ship...
2026-08-02 21:43:30,606 - DEBUG - Updating music
2026-08-02 21:43:30,606 - DEBUG - Entered _check_music
2026-08-02 21:43:30,606 - DEBUG - Paused: False, Music Playing: True
2026-08-02 21:43:30,620 - DEBUG - Tick
2026-08-02 21:43:30,620 - DEBUG - Updating ship...
2026-08-02 21:43:30,622 - DEBUG - Updating music
2026-08-02 21:43:30,623 - DEBUG - Entered _check_music
2026-08-02 21:43:30,623 - DEBUG - Paused: False, Music Playing: True
2026-08-02 21:43:30,637 - DEBUG - Tick
2026-08-02 21:43:30,637 - DEBUG - Updating ship...
2026-08-02 21:43:30,639 - DEBUG - Updating music
2026-08-02 21:43:30,639 - DEBUG - Entered _check_music
2026-08-02 21:43:30,639 - DEBUG - Paused: False, Music Playing: True
2026-08-02 21:43:30,653 - DEBUG - Tick
2026-08-02 21:43:30,653 - DEBUG - Updating ship...
2026-08-02 21:43:30,655 - DEBUG - Updating music
2026-08-02 21:43:30,655 - DEBUG - Entered _check_music
2026-08-02 21:43:30,655 - DEBUG - Paused: False, Music Playing: True
2026-08-02 21:43:30,668 - DEBUG - Tick
2026-08-02 21:43:30,668 - DEBUG - Updating ship...
2026-08-02 21:43:30,671 - DEBUG - Updating music
2026-08-02 21:43:30,671 - DEBUG - Entered _check_music
2026-08-02 21:43:30,671 - DEBUG - Paused: False, Music Playing: True
2026-08-02 21:43:30,685 - DEBUG - Tick
2026-08-02 21:43:30,685 - DEBUG - Updating ship...
2026-08-02 21:43:30,687 - DEBUG - Updating music
2026-08-02 21:43:30,687 - DEBUG - Entered _check_music
2026-08-02 21:43:30,687 - DEBUG - Paused: False, Music Playing: True
2026-08-02 21:43:30,701 - DEBUG - Tick
2026-08-02 21:43:30,701 - DEBUG - Updating ship...
2026-08-02 21:43:30,703 - DEBUG - Updating music
2026-08-02 21:43:30,703 - DEBUG - Entered _check_music
2026-08-02 21:43:30,703 - DEBUG - Paused: False, Music Playing: True
2026-08-02 21:43:30,716 - DEBUG - Tick
2026-08-02 21:43:30,717 - DEBUG - Updating ship...
2026-08-02 21:43:30,719 - DEBUG - Updating music
2026-08-02 21:43:30,719 - DEBUG - Entered _check_music
2026-08-02 21:43:30,719 - DEBUG - Paused: False, Music Playing: True
2026-08-02 21:43:30,733 - DEBUG - Tick
2026-08-02 21:43:30,733 - DEBUG - Updating ship...
2026-08-02 21:43:30,735 - DEBUG - Updating music
2026-08-02 21:43:30,736 - DEBUG - Entered _check_music
2026-08-02 21:43:30,736 - DEBUG - Paused: False, Music Playing: True
2026-08-02 21:43:30,750 - DEBUG - Tick
2026-08-02 21:43:30,750 - DEBUG - Updating ship...
2026-08-02 21:43:30,752 - DEBUG - Updating music
2026-08-02 21:43:30,752 - DEBUG - Entered _check_music
2026-08-02 21:43:30,752 - DEBUG - Paused: False, Music Playing: True
2026-08-02 21:43:30,765 - DEBUG - Tick
2026-08-02 21:43:30,766 - DEBUG - Updating ship...
2026-08-02 21:43:30,768 - DEBUG - Updating music
2026-08-02 21:43:30,768 - DEBUG - Entered _check_music
2026-08-02 21:43:30,768 - DEBUG - Paused: False, Music Playing: True
2026-08-02 21:43:30,782 - DEBUG - Tick
2026-08-02 21:43:30,782 - DEBUG - Updating ship...
2026-08-02 21:43:30,784 - DEBUG - Updating music
2026-08-02 21:43:30,784 - DEBUG - Entered _check_music
2026-08-02 21:43:30,785 - DEBUG - Paused: False, Music Playing: True
2026-08-02 21:43:30,798 - DEBUG - Tick
2026-08-02 21:43:30,798 - DEBUG - Updating ship...
2026-08-02 21:43:30,800 - DEBUG - Updating music
2026-08-02 21:43:30,800 - DEBUG - Entered _check_music
2026-08-02 21:43:30,800 - DEBUG - Paused: False, Music Playing: True
2026-08-02 21:43:30,813 - DEBUG - Tick
2026-08-02 21:43:30,814 - DEBUG - Updating ship...
2026-08-02 21:43:30,816 - DEBUG - Updating music
2026-08-02 21:43:30,816 - DEBUG - Entered _check_music
2026-08-02 21:43:30,816 - DEBUG - Paused: False, Music Playing: True
2026-08-02 21:43:30,830 - DEBUG - Tick
2026-08-02 21:43:30,830 - DEBUG - Updating ship...
2026-08-02 21:43:30,832 - DEBUG - Updating music
2026-08-02 21:43:30,832 - DEBUG - Entered _check_music
2026-08-02 21:43:30,832 - DEBUG - Paused: False, Music Playing: True
2026-08-02 21:43:30,846 - DEBUG - Tick
2026-08-02 21:43:30,846 - DEBUG - Updating ship...
2026-08-02 21:43:30,848 - DEBUG - Updating music
2026-08-02 21:43:30,848 - DEBUG - Entered _check_music
2026-08-02 21:43:30,848 - DEBUG - Paused: False, Music Playing: True
2026-08-02 21:43:30,862 - DEBUG - Tick
2026-08-02 21:43:30,862 - DEBUG - Updating ship...
2026-08-02 21:43:30,865 - DEBUG - Updating music
2026-08-02 21:43:30,865 - DEBUG - Entered _check_music
2026-08-02 21:43:30,865 - DEBUG - Paused: False, Music Playing: True
2026-08-02 21:43:30,878 - DEBUG - Tick
2026-08-02 21:43:30,878 - DEBUG - Updating ship...
2026-08-02 21:43:30,881 - DEBUG - Updating music
2026-08-02 21:43:30,881 - DEBUG - Entered _check_music
2026-08-02 21:43:30,881 - DEBUG - Paused: False, Music Playing: True
2026-08-02 21:43:30,894 - DEBUG - Tick
2026-08-02 21:43:30,895 - DEBUG - Updating ship...
2026-08-02 21:43:30,897 - DEBUG - Updating music
2026-08-02 21:43:30,897 - DEBUG - Entered _check_music
2026-08-02 21:43:30,897 - DEBUG - Paused: False, Music Playing: True
2026-08-02 21:43:30,911 - DEBUG - Tick
2026-08-02 21:43:30,911 - DEBUG - Updating ship...
2026-08-02 21:43:30,914 - DEBUG - Updating music
2026-08-02 21:43:30,914 - DEBUG - Entered _check_music
2026-08-02 21:43:30,914 - DEBUG - Paused: False, Music Playing: True
2026-08-02 21:43:30,927 - DEBUG - Tick
2026-08-02 21:43:30,928 - DEBUG - Updating ship...
2026-08-02 21:43:30,930 - DEBUG - Updating music
2026-08-02 21:43:30,931 - DEBUG - Entered _check_music
2026-08-02 21:43:30,931 - DEBUG - Paused: False, Music Playing: True
2026-08-02 21:43:30,944 - DEBUG - Tick
2026-08-02 21:43:30,944 - DEBUG - Updating ship...
2026-08-02 21:43:30,947 - DEBUG - Updating music
2026-08-02 21:43:30,947 - DEBUG - Entered _check_music
2026-08-02 21:43:30,947 - DEBUG - Paused: False, Music Playing: True
2026-08-02 21:43:30,959 - DEBUG - Tick
2026-08-02 21:43:30,960 - DEBUG - Updating ship...
2026-08-02 21:43:30,962 - DEBUG - Updating music
2026-08-02 21:43:30,962 - DEBUG - Entered _check_music
2026-08-02 21:43:30,962 - DEBUG - Paused: False, Music Playing: True
2026-08-02 21:43:30,976 - DEBUG - Tick
2026-08-02 21:43:30,976 - DEBUG - Updating ship...
2026-08-02 21:43:30,979 - DEBUG - Updating music
2026-08-02 21:43:30,979 - DEBUG - Entered _check_music
2026-08-02 21:43:30,979 - DEBUG - Paused: False, Music Playing: True
2026-08-02 21:43:30,992 - DEBUG - Tick
2026-08-02 21:43:30,993 - DEBUG - Updating ship...
2026-08-02 21:43:30,995 - DEBUG - Updating music
2026-08-02 21:43:30,996 - DEBUG - Entered _check_music
2026-08-02 21:43:30,996 - DEBUG - Paused: False, Music Playing: True
2026-08-02 21:43:31,009 - DEBUG - Tick
2026-08-02 21:43:31,009 - DEBUG - Updating ship...
2026-08-02 21:43:31,012 - DEBUG - Updating music
2026-08-02 21:43:31,012 - DEBUG - Entered _check_music
2026-08-02 21:43:31,012 - DEBUG - Paused: False, Music Playing: True
2026-08-02 21:43:31,024 - DEBUG - Tick
2026-08-02 21:43:31,025 - DEBUG - Updating ship...
2026-08-02 21:43:31,028 - DEBUG - Updating music
2026-08-02 21:43:31,028 - DEBUG - Entered _check_music
2026-08-02 21:43:31,028 - DEBUG - Paused: False, Music Playing: True
2026-08-02 21:43:31,041 - DEBUG - Tick
2026-08-02 21:43:31,042 - DEBUG - Updating ship...
2026-08-02 21:43:31,044 - DEBUG - Updating music
2026-08-02 21:43:31,044 - DEBUG - Entered _check_music
2026-08-02 21:43:31,045 - DEBUG - Paused: False, Music Playing: True
2026-08-02 21:43:31,058 - DEBUG - Tick
2026-08-02 21:43:31,058 - DEBUG - Updating ship...
2026-08-02 21:43:31,061 - DEBUG - Updating music
2026-08-02 21:43:31,061 - DEBUG - Entered _check_music
2026-08-02 21:43:31,061 - DEBUG - Paused: False, Music Playing: True
2026-08-02 21:43:31,074 - DEBUG - Tick
2026-08-02 21:43:31,075 - DEBUG - Updating ship...
2026-08-02 21:43:31,077 - DEBUG - Updating music
2026-08-02 21:43:31,077 - DEBUG - Entered _check_music
2026-08-02 21:43:31,078 - DEBUG - Paused: False, Music Playing: True
2026-08-02 21:43:31,091 - DEBUG - Tick
2026-08-02 21:43:31,091 - DEBUG - Updating ship...
2026-08-02 21:43:31,094 - DEBUG - Updating music
2026-08-02 21:43:31,094 - DEBUG - Entered _check_music
2026-08-02 21:43:31,094 - DEBUG - Paused: False, Music Playing: True
2026-08-02 21:43:31,107 - DEBUG - Tick
2026-08-02 21:43:31,108 - DEBUG - Updating ship...
2026-08-02 21:43:31,110 - DEBUG - Updating music
2026-08-02 21:43:31,111 - DEBUG - Entered _check_music
2026-08-02 21:43:31,111 - DEBUG - Paused: False, Music Playing: True
2026-08-02 21:43:31,124 - DEBUG - Tick
2026-08-02 21:43:31,124 - DEBUG - Updating ship...
2026-08-02 21:43:31,127 - DEBUG - Updating music
2026-08-02 21:43:31,127 - DEBUG - Entered _check_music
2026-08-02 21:43:31,127 - DEBUG - Paused: False, Music Playing: True
2026-08-02 21:43:31,139 - DEBUG - Tick
2026-08-02 21:43:31,140 - DEBUG - Updating ship...
2026-08-02 21:43:31,142 - DEBUG - Updating music
2026-08-02 21:43:31,143 - DEBUG - Entered _check_music
2026-08-02 21:43:31,143 - DEBUG - Paused: False, Music Playing: True
2026-08-02 21:43:31,156 - DEBUG - Tick
2026-08-02 21:43:31,156 - DEBUG - Updating ship...
2026-08-02 21:43:31,159 - DEBUG - Updating music
2026-08-02 21:43:31,159 - DEBUG - Entered _check_music
2026-08-02 21:43:31,159 - DEBUG - Paused: False, Music Playing: True
2026-08-02 21:43:31,171 - DEBUG - Tick
2026-08-02 21:43:31,172 - DEBUG - Updating ship...
2026-08-02 21:43:31,174 - DEBUG - Updating music
2026-08-02 21:43:31,174 - DEBUG - Entered _check_music
2026-08-02 21:43:31,174 - DEBUG - Paused: False, Music Playing: True
2026-08-02 21:43:31,188 - DEBUG - Tick
2026-08-02 21:43:31,188 - DEBUG - Updating ship...
2026-08-02 21:43:31,191 - DEBUG - Updating music
2026-08-02 21:43:31,191 - DEBUG - Entered _check_music
2026-08-02 21:43:31,191 - DEBUG - Paused: False, Music Playing: True
2026-08-02 21:43:31,207 - DEBUG - Tick
2026-08-02 21:43:31,207 - DEBUG - Updating ship...
2026-08-02 21:43:31,211 - DEBUG - Updating music
2026-08-02 21:43:31,211 - DEBUG - Entered _check_music
2026-08-02 21:43:31,211 - DEBUG - Paused: False, Music Playing: True
2026-08-02 21:43:31,223 - DEBUG - Tick
2026-08-02 21:43:31,224 - DEBUG - Updating ship...
2026-08-02 21:43:31,228 - DEBUG - Updating music
2026-08-02 21:43:31,229 - DEBUG - Entered _check_music
2026-08-02 21:43:31,229 - DEBUG - Paused: False, Music Playing: True
2026-08-02 21:43:31,240 - DEBUG - Tick
2026-08-02 21:43:31,241 - DEBUG - Updating ship...
2026-08-02 21:43:31,243 - DEBUG - Updating music
2026-08-02 21:43:31,244 - DEBUG - Entered _check_music
2026-08-02 21:43:31,244 - DEBUG - Paused: False, Music Playing: True
2026-08-02 21:43:31,257 - DEBUG - Tick
2026-08-02 21:43:31,257 - DEBUG - Updating ship...
2026-08-02 21:43:31,259 - DEBUG - Updating music
2026-08-02 21:43:31,259 - DEBUG - Entered _check_music
2026-08-02 21:43:31,259 - DEBUG - Paused: False, Music Playing: True
2026-08-02 21:43:31,273 - DEBUG - Tick
2026-08-02 21:43:31,273 - DEBUG - Updating ship...
2026-08-02 21:43:31,274 - DEBUG - Updating music
2026-08-02 21:43:31,275 - DEBUG - Entered _check_music
2026-08-02 21:43:31,275 - DEBUG - Paused: False, Music Playing: True
2026-08-02 21:43:31,289 - DEBUG - Tick
2026-08-02 21:43:31,289 - DEBUG - Updating ship...
2026-08-02 21:43:31,290 - DEBUG - Updating music
2026-08-02 21:43:31,290 - DEBUG - Entered _check_music
2026-08-02 21:43:31,290 - DEBUG - Paused: False, Music Playing: True
2026-08-02 21:43:31,305 - DEBUG - Tick
2026-08-02 21:43:31,305 - DEBUG - Updating ship...
2026-08-02 21:43:31,307 - DEBUG - Updating music
2026-08-02 21:43:31,307 - DEBUG - Entered _check_music
2026-08-02 21:43:31,307 - DEBUG - Paused: False, Music Playing: True
2026-08-02 21:43:31,321 - DEBUG - Tick
2026-08-02 21:43:31,321 - DEBUG - Updating ship...
2026-08-02 21:43:31,322 - DEBUG - Updating music
2026-08-02 21:43:31,322 - DEBUG - Entered _check_music
2026-08-02 21:43:31,322 - DEBUG - Paused: False, Music Playing: True
2026-08-02 21:43:31,337 - DEBUG - Tick
2026-08-02 21:43:31,337 - DEBUG - Updating ship...
2026-08-02 21:43:31,339 - DEBUG - Updating music
2026-08-02 21:43:31,339 - DEBUG - Entered _check_music
2026-08-02 21:43:31,339 - DEBUG - Paused: False, Music Playing: True
2026-08-02 21:43:31,353 - DEBUG - Tick
2026-08-02 21:43:31,353 - DEBUG - Updating ship...
2026-08-02 21:43:31,356 - DEBUG - Updating music
2026-08-02 21:43:31,356 - DEBUG - Entered _check_music
2026-08-02 21:43:31,356 - DEBUG - Paused: False, Music Playing: True
2026-08-02 21:43:31,369 - DEBUG - Tick
2026-08-02 21:43:31,369 - DEBUG - Updating ship...
2026-08-02 21:43:31,372 - DEBUG - Updating music
2026-08-02 21:43:31,372 - DEBUG - Entered _check_music
2026-08-02 21:43:31,372 - DEBUG - Paused: False, Music Playing: True
2026-08-02 21:43:31,384 - DEBUG - Tick
2026-08-02 21:43:31,385 - DEBUG - Updating ship...
2026-08-02 21:43:31,387 - DEBUG - Updating music
2026-08-02 21:43:31,387 - DEBUG - Entered _check_music
2026-08-02 21:43:31,387 - DEBUG - Paused: False, Music Playing: True
2026-08-02 21:43:31,399 - DEBUG - Tick
2026-08-02 21:43:31,400 - DEBUG - Updating ship...
2026-08-02 21:43:31,402 - DEBUG - Updating music
2026-08-02 21:43:31,402 - DEBUG - Entered _check_music
2026-08-02 21:43:31,402 - DEBUG - Paused: False, Music Playing: True
2026-08-02 21:43:31,416 - DEBUG - Tick
2026-08-02 21:43:31,416 - DEBUG - Updating ship...
2026-08-02 21:43:31,418 - DEBUG - Updating music
2026-08-02 21:43:31,418 - DEBUG - Entered _check_music
2026-08-02 21:43:31,418 - DEBUG - Paused: False, Music Playing: True
2026-08-02 21:43:31,432 - DEBUG - Tick
2026-08-02 21:43:31,432 - DEBUG - Updating ship...
2026-08-02 21:43:31,435 - DEBUG - Updating music
2026-08-02 21:43:31,435 - DEBUG - Entered _check_music
2026-08-02 21:43:31,435 - DEBUG - Paused: False, Music Playing: True
2026-08-02 21:43:31,448 - DEBUG - Tick
2026-08-02 21:43:31,448 - DEBUG - Updating ship...
2026-08-02 21:43:31,451 - DEBUG - Updating music
2026-08-02 21:43:31,451 - DEBUG - Entered _check_music
2026-08-02 21:43:31,451 - DEBUG - Paused: False, Music Playing: True
2026-08-02 21:43:31,464 - DEBUG - Tick
2026-08-02 21:43:31,464 - DEBUG - Updating ship...
2026-08-02 21:43:31,467 - DEBUG - Updating music
2026-08-02 21:43:31,467 - DEBUG - Entered _check_music
2026-08-02 21:43:31,467 - DEBUG - Paused: False, Music Playing: True
2026-08-02 21:43:31,481 - DEBUG - Tick
2026-08-02 21:43:31,481 - DEBUG - Updating ship...
2026-08-02 21:43:31,483 - DEBUG - Updating music
2026-08-02 21:43:31,483 - DEBUG - Entered _check_music
2026-08-02 21:43:31,484 - DEBUG - Paused: False, Music Playing: True
2026-08-02 21:43:31,497 - DEBUG - Tick
2026-08-02 21:43:31,497 - DEBUG - Updating ship...
2026-08-02 21:43:31,499 - DEBUG - Updating music
2026-08-02 21:43:31,499 - DEBUG - Entered _check_music
2026-08-02 21:43:31,499 - DEBUG - Paused: False, Music Playing: True
2026-08-02 21:43:31,512 - DEBUG - Tick
2026-08-02 21:43:31,512 - DEBUG - Updating ship...
2026-08-02 21:43:31,515 - DEBUG - Updating music
2026-08-02 21:43:31,515 - DEBUG - Entered _check_music
2026-08-02 21:43:31,515 - DEBUG - Paused: False, Music Playing: True
2026-08-02 21:43:31,528 - DEBUG - Tick
2026-08-02 21:43:31,529 - DEBUG - Updating ship...
2026-08-02 21:43:31,532 - DEBUG - Updating music
2026-08-02 21:43:31,532 - DEBUG - Entered _check_music
2026-08-02 21:43:31,532 - DEBUG - Paused: False, Music Playing: True
2026-08-02 21:43:31,545 - DEBUG - Tick
2026-08-02 21:43:31,545 - DEBUG - Updating ship...
2026-08-02 21:43:31,548 - DEBUG - Updating music
2026-08-02 21:43:31,548 - DEBUG - Entered _check_music
2026-08-02 21:43:31,548 - DEBUG - Paused: False, Music Playing: True
2026-08-02 21:43:31,561 - DEBUG - Tick
2026-08-02 21:43:31,561 - DEBUG - Updating ship...
2026-08-02 21:43:31,564 - DEBUG - Updating music
2026-08-02 21:43:31,564 - DEBUG - Entered _check_music
2026-08-02 21:43:31,564 - DEBUG - Paused: False, Music Playing: True
2026-08-02 21:43:31,577 - DEBUG - Tick
2026-08-02 21:43:31,578 - DEBUG - Updating ship...
2026-08-02 21:43:31,580 - DEBUG - Updating music
2026-08-02 21:43:31,581 - DEBUG - Entered _check_music
2026-08-02 21:43:31,581 - DEBUG - Paused: False, Music Playing: True
2026-08-02 21:43:31,594 - DEBUG - Tick
2026-08-02 21:43:31,594 - DEBUG - Updating ship...
2026-08-02 21:43:31,597 - DEBUG - Updating music
2026-08-02 21:43:31,597 - DEBUG - Entered _check_music
2026-08-02 21:43:31,597 - DEBUG - Paused: False, Music Playing: True
2026-08-02 21:43:31,609 - DEBUG - Tick
2026-08-02 21:43:31,610 - DEBUG - Updating ship...
2026-08-02 21:43:31,613 - DEBUG - Updating music
2026-08-02 21:43:31,613 - DEBUG - Entered _check_music
2026-08-02 21:43:31,613 - DEBUG - Paused: False, Music Playing: True
2026-08-02 21:43:31,626 - DEBUG - Tick
2026-08-02 21:43:31,626 - DEBUG - Updating ship...
2026-08-02 21:43:31,629 - DEBUG - Updating music
2026-08-02 21:43:31,629 - DEBUG - Entered _check_music
2026-08-02 21:43:31,629 - DEBUG - Paused: False, Music Playing: True
2026-08-02 21:43:31,642 - DEBUG - Tick
2026-08-02 21:43:31,642 - DEBUG - Updating ship...
2026-08-02 21:43:31,645 - DEBUG - Updating music
2026-08-02 21:43:31,645 - DEBUG - Entered _check_music
2026-08-02 21:43:31,645 - DEBUG - Paused: False, Music Playing: True
2026-08-02 21:43:31,658 - DEBUG - Tick
2026-08-02 21:43:31,659 - DEBUG - Updating ship...
2026-08-02 21:43:31,662 - DEBUG - Updating music
2026-08-02 21:43:31,662 - DEBUG - Entered _check_music
2026-08-02 21:43:31,662 - DEBUG - Paused: False, Music Playing: True
2026-08-02 21:43:31,675 - DEBUG - Tick
2026-08-02 21:43:31,675 - DEBUG - Updating ship...
2026-08-02 21:43:31,678 - DEBUG - Updating music
2026-08-02 21:43:31,678 - DEBUG - Entered _check_music
2026-08-02 21:43:31,678 - DEBUG - Paused: False, Music Playing: True
2026-08-02 21:43:31,691 - DEBUG - Tick
2026-08-02 21:43:31,691 - DEBUG - Updating ship...
2026-08-02 21:43:31,694 - DEBUG - Updating music
2026-08-02 21:43:31,694 - DEBUG - Entered _check_music
2026-08-02 21:43:31,694 - DEBUG - Paused: False, Music Playing: True
2026-08-02 21:43:31,706 - DEBUG - Tick
2026-08-02 21:43:31,707 - DEBUG - Updating ship...
2026-08-02 21:43:31,709 - DEBUG - Updating music
2026-08-02 21:43:31,710 - DEBUG - Entered _check_music
2026-08-02 21:43:31,710 - DEBUG - Paused: False, Music Playing: True
2026-08-02 21:43:31,723 - DEBUG - Tick
2026-08-02 21:43:31,723 - DEBUG - Updating ship...
2026-08-02 21:43:31,726 - DEBUG - Updating music
2026-08-02 21:43:31,726 - DEBUG - Entered _check_music
2026-08-02 21:43:31,726 - DEBUG - Paused: False, Music Playing: True
2026-08-02 21:43:31,738 - DEBUG - Tick
2026-08-02 21:43:31,739 - DEBUG - Updating ship...
2026-08-02 21:43:31,742 - DEBUG - Updating music
2026-08-02 21:43:31,742 - DEBUG - Entered _check_music
2026-08-02 21:43:31,742 - DEBUG - Paused: False, Music Playing: True
2026-08-02 21:43:31,755 - DEBUG - Tick
2026-08-02 21:43:31,755 - DEBUG - Updating ship...
2026-08-02 21:43:31,758 - DEBUG - Updating music
2026-08-02 21:43:31,758 - DEBUG - Entered _check_music
2026-08-02 21:43:31,758 - DEBUG - Paused: False, Music Playing: True
2026-08-02 21:43:31,770 - DEBUG - Tick
2026-08-02 21:43:31,771 - DEBUG - Updating ship...
2026-08-02 21:43:31,773 - DEBUG - Updating music
2026-08-02 21:43:31,773 - DEBUG - Entered _check_music
2026-08-02 21:43:31,773 - DEBUG - Paused: False, Music Playing: True
2026-08-02 21:43:31,787 - DEBUG - Tick
2026-08-02 21:43:31,787 - DEBUG - Updating ship...
2026-08-02 21:43:31,790 - DEBUG - Updating music
2026-08-02 21:43:31,790 - DEBUG - Entered _check_music
2026-08-02 21:43:31,790 - DEBUG - Paused: False, Music Playing: True
2026-08-02 21:43:31,803 - DEBUG - Tick
2026-08-02 21:43:31,803 - DEBUG - Updating ship...
2026-08-02 21:43:31,806 - DEBUG - Updating music
2026-08-02 21:43:31,806 - DEBUG - Entered _check_music
2026-08-02 21:43:31,806 - DEBUG - Paused: False, Music Playing: True
2026-08-02 21:43:31,819 - DEBUG - Tick
2026-08-02 21:43:31,819 - DEBUG - Updating ship...
2026-08-02 21:43:31,820 - DEBUG - Updating music
2026-08-02 21:43:31,821 - DEBUG - Entered _check_music
2026-08-02 21:43:31,821 - DEBUG - Paused: False, Music Playing: True
2026-08-02 21:43:31,835 - DEBUG - Tick
2026-08-02 21:43:31,835 - DEBUG - Updating ship...
2026-08-02 21:43:31,837 - DEBUG - Updating music
2026-08-02 21:43:31,837 - DEBUG - Entered _check_music
2026-08-02 21:43:31,837 - DEBUG - Paused: False, Music Playing: True
2026-08-02 21:43:31,851 - DEBUG - Tick
2026-08-02 21:43:31,851 - DEBUG - Updating ship...
2026-08-02 21:43:31,853 - DEBUG - Updating music
2026-08-02 21:43:31,853 - DEBUG - Entered _check_music
2026-08-02 21:43:31,854 - DEBUG - Paused: False, Music Playing: True
2026-08-02 21:43:31,867 - DEBUG - Tick
2026-08-02 21:43:31,867 - DEBUG - Updating ship...
2026-08-02 21:43:31,869 - DEBUG - Updating music
2026-08-02 21:43:31,870 - DEBUG - Entered _check_music
2026-08-02 21:43:31,870 - DEBUG - Paused: False, Music Playing: True
2026-08-02 21:43:31,883 - DEBUG - Tick
2026-08-02 21:43:31,883 - DEBUG - Updating ship...
2026-08-02 21:43:31,885 - DEBUG - Updating music
2026-08-02 21:43:31,885 - DEBUG - Entered _check_music
2026-08-02 21:43:31,885 - DEBUG - Paused: False, Music Playing: True
2026-08-02 21:43:31,899 - DEBUG - Tick
2026-08-02 21:43:31,899 - DEBUG - Updating ship...
2026-08-02 21:43:31,902 - DEBUG - Updating music
2026-08-02 21:43:31,902 - DEBUG - Entered _check_music
2026-08-02 21:43:31,902 - DEBUG - Paused: False, Music Playing: True
2026-08-02 21:43:31,915 - DEBUG - Tick
2026-08-02 21:43:31,915 - DEBUG - Updating ship...
2026-08-02 21:43:31,918 - DEBUG - Updating music
2026-08-02 21:43:31,918 - DEBUG - Entered _check_music
2026-08-02 21:43:31,918 - DEBUG - Paused: False, Music Playing: True
2026-08-02 21:43:31,931 - DEBUG - Tick
2026-08-02 21:43:31,932 - DEBUG - Updating ship...
2026-08-02 21:43:31,935 - DEBUG - Updating music
2026-08-02 21:43:31,935 - DEBUG - Entered _check_music
2026-08-02 21:43:31,935 - DEBUG - Paused: False, Music Playing: True
2026-08-02 21:43:31,948 - DEBUG - Tick
2026-08-02 21:43:31,948 - DEBUG - Updating ship...
2026-08-02 21:43:31,951 - DEBUG - Updating music
2026-08-02 21:43:31,951 - DEBUG - Entered _check_music
2026-08-02 21:43:31,951 - DEBUG - Paused: False, Music Playing: True
2026-08-02 21:43:31,965 - DEBUG - Tick
2026-08-02 21:43:31,965 - DEBUG - Updating ship...
2026-08-02 21:43:31,967 - DEBUG - Updating music
2026-08-02 21:43:31,968 - DEBUG - Entered _check_music
2026-08-02 21:43:31,968 - DEBUG - Paused: False, Music Playing: True
2026-08-02 21:43:31,981 - DEBUG - Tick
2026-08-02 21:43:31,981 - DEBUG - Updating ship...
2026-08-02 21:43:31,983 - DEBUG - Updating music
2026-08-02 21:43:31,983 - DEBUG - Entered _check_music
2026-08-02 21:43:31,984 - DEBUG - Paused: False, Music Playing: True
2026-08-02 21:43:31,997 - DEBUG - Tick
2026-08-02 21:43:31,997 - DEBUG - Updating ship...
2026-08-02 21:43:31,999 - DEBUG - Updating music
2026-08-02 21:43:31,999 - DEBUG - Entered _check_music
2026-08-02 21:43:31,999 - DEBUG - Paused: False, Music Playing: True
2026-08-02 21:43:32,012 - DEBUG - Tick
2026-08-02 21:43:32,013 - DEBUG - Updating ship...
2026-08-02 21:43:32,015 - DEBUG - Updating music
2026-08-02 21:43:32,015 - DEBUG - Entered _check_music
2026-08-02 21:43:32,016 - DEBUG - Paused: False, Music Playing: True
2026-08-02 21:43:32,029 - DEBUG - Tick
2026-08-02 21:43:32,029 - DEBUG - Updating ship...
2026-08-02 21:43:32,032 - DEBUG - Updating music
2026-08-02 21:43:32,032 - DEBUG - Entered _check_music
2026-08-02 21:43:32,032 - DEBUG - Paused: False, Music Playing: True
2026-08-02 21:43:32,045 - DEBUG - Tick
2026-08-02 21:43:32,045 - DEBUG - Updating ship...
2026-08-02 21:43:32,048 - DEBUG - Updating music
2026-08-02 21:43:32,048 - DEBUG - Entered _check_music
2026-08-02 21:43:32,048 - DEBUG - Paused: False, Music Playing: True
2026-08-02 21:43:32,060 - DEBUG - Tick
2026-08-02 21:43:32,061 - DEBUG - Updating ship...
2026-08-02 21:43:32,063 - DEBUG - Updating music
2026-08-02 21:43:32,063 - DEBUG - Entered _check_music
2026-08-02 21:43:32,063 - DEBUG - Paused: False, Music Playing: True
2026-08-02 21:43:32,077 - DEBUG - Tick
2026-08-02 21:43:32,077 - DEBUG - Updating ship...
2026-08-02 21:43:32,079 - DEBUG - Updating music
2026-08-02 21:43:32,080 - DEBUG - Entered _check_music
2026-08-02 21:43:32,080 - DEBUG - Paused: False, Music Playing: True
2026-08-02 21:43:32,093 - DEBUG - Tick
2026-08-02 21:43:32,093 - DEBUG - Updating ship...
2026-08-02 21:43:32,096 - DEBUG - Updating music
2026-08-02 21:43:32,096 - DEBUG - Entered _check_music
2026-08-02 21:43:32,097 - DEBUG - Paused: False, Music Playing: True
2026-08-02 21:43:32,109 - DEBUG - Tick
2026-08-02 21:43:32,109 - DEBUG - Updating ship...
2026-08-02 21:43:32,112 - DEBUG - Updating music
2026-08-02 21:43:32,112 - DEBUG - Entered _check_music
2026-08-02 21:43:32,112 - DEBUG - Paused: False, Music Playing: True
2026-08-02 21:43:32,125 - DEBUG - Tick
2026-08-02 21:43:32,125 - DEBUG - Updating ship...
2026-08-02 21:43:32,128 - DEBUG - Updating music
2026-08-02 21:43:32,128 - DEBUG - Entered _check_music
2026-08-02 21:43:32,128 - DEBUG - Paused: False, Music Playing: True
2026-08-02 21:43:32,141 - DEBUG - Tick
2026-08-02 21:43:32,141 - DEBUG - Updating ship...
2026-08-02 21:43:32,144 - DEBUG - Updating music
2026-08-02 21:43:32,144 - DEBUG - Entered _check_music
2026-08-02 21:43:32,144 - DEBUG - Paused: False, Music Playing: True
2026-08-02 21:43:32,157 - DEBUG - Tick
2026-08-02 21:43:32,158 - DEBUG - Updating ship...
2026-08-02 21:43:32,160 - DEBUG - Updating music
2026-08-02 21:43:32,161 - DEBUG - Entered _check_music
2026-08-02 21:43:32,161 - DEBUG - Paused: False, Music Playing: True
2026-08-02 21:43:32,174 - DEBUG - Tick
2026-08-02 21:43:32,174 - DEBUG - Updating ship...
2026-08-02 21:43:32,177 - DEBUG - Updating music
2026-08-02 21:43:32,177 - DEBUG - Entered _check_music
2026-08-02 21:43:32,177 - DEBUG - Paused: False, Music Playing: True
2026-08-02 21:43:32,189 - DEBUG - Tick
2026-08-02 21:43:32,190 - DEBUG - Updating ship...
2026-08-02 21:43:32,193 - DEBUG - Updating music
2026-08-02 21:43:32,193 - DEBUG - Entered _check_music
2026-08-02 21:43:32,193 - DEBUG - Paused: False, Music Playing: True
2026-08-02 21:43:32,206 - DEBUG - Tick
2026-08-02 21:43:32,207 - DEBUG - Updating ship...
2026-08-02 21:43:32,209 - DEBUG - Updating music
2026-08-02 21:43:32,210 - DEBUG - Entered _check_music
2026-08-02 21:43:32,210 - DEBUG - Paused: False, Music Playing: True
2026-08-02 21:43:32,223 - DEBUG - Tick
2026-08-02 21:43:32,223 - DEBUG - Updating ship...
2026-08-02 21:43:32,226 - DEBUG - Updating music
2026-08-02 21:43:32,227 - DEBUG - Entered _check_music
2026-08-02 21:43:32,227 - DEBUG - Paused: False, Music Playing: True
2026-08-02 21:43:32,239 - DEBUG - Tick
2026-08-02 21:43:32,239 - DEBUG - Updating ship...
2026-08-02 21:43:32,242 - DEBUG - Updating music
2026-08-02 21:43:32,242 - DEBUG - Entered _check_music
2026-08-02 21:43:32,242 - DEBUG - Paused: False, Music Playing: True
2026-08-02 21:43:32,254 - DEBUG - Tick
2026-08-02 21:43:32,255 - DEBUG - Updating ship...
2026-08-02 21:43:32,257 - DEBUG - Updating music
2026-08-02 21:43:32,257 - DEBUG - Entered _check_music
2026-08-02 21:43:32,257 - DEBUG - Paused: False, Music Playing: True
2026-08-02 21:43:32,271 - DEBUG - Tick
2026-08-02 21:43:32,271 - DEBUG - Updating ship...
2026-08-02 21:43:32,273 - DEBUG - Updating music
2026-08-02 21:43:32,273 - DEBUG - Entered _check_music
2026-08-02 21:43:32,274 - DEBUG - Paused: False, Music Playing: True
2026-08-02 21:43:32,287 - DEBUG - Tick
2026-08-02 21:43:32,287 - DEBUG - Updating ship...
2026-08-02 21:43:32,290 - DEBUG - Updating music
2026-08-02 21:43:32,290 - DEBUG - Entered _check_music
2026-08-02 21:43:32,290 - DEBUG - Paused: False, Music Playing: True
2026-08-02 21:43:32,303 - DEBUG - Tick
2026-08-02 21:43:32,303 - DEBUG - Updating ship...
2026-08-02 21:43:32,305 - DEBUG - Updating music
2026-08-02 21:43:32,305 - DEBUG - Entered _check_music
2026-08-02 21:43:32,305 - DEBUG - Paused: False, Music Playing: True
2026-08-02 21:43:32,318 - DEBUG - Tick
2026-08-02 21:43:32,319 - DEBUG - Updating ship...
2026-08-02 21:43:32,321 - DEBUG - Updating music
2026-08-02 21:43:32,321 - DEBUG - Entered _check_music
2026-08-02 21:43:32,321 - DEBUG - Paused: False, Music Playing: True
2026-08-02 21:43:32,334 - DEBUG - Tick
2026-08-02 21:43:32,334 - DEBUG - Updating ship...
2026-08-02 21:43:32,337 - DEBUG - Updating music
2026-08-02 21:43:32,337 - DEBUG - Entered _check_music
2026-08-02 21:43:32,337 - DEBUG - Paused: False, Music Playing: True
2026-08-02 21:43:32,351 - DEBUG - Tick
2026-08-02 21:43:32,351 - DEBUG - Updating ship...
2026-08-02 21:43:32,353 - DEBUG - Updating music
2026-08-02 21:43:32,353 - DEBUG - Entered _check_music
2026-08-02 21:43:32,353 - DEBUG - Paused: False, Music Playing: True
2026-08-02 21:43:32,366 - DEBUG - Tick
2026-08-02 21:43:32,367 - DEBUG - Updating ship...
2026-08-02 21:43:32,369 - DEBUG - Updating music
2026-08-02 21:43:32,369 - DEBUG - Entered _check_music
2026-08-02 21:43:32,369 - DEBUG - Paused: False, Music Playing: True
2026-08-02 21:43:32,382 - DEBUG - Tick
2026-08-02 21:43:32,382 - DEBUG - Updating ship...
2026-08-02 21:43:32,385 - DEBUG - Updating music
2026-08-02 21:43:32,385 - DEBUG - Entered _check_music
2026-08-02 21:43:32,385 - DEBUG - Paused: False, Music Playing: True
2026-08-02 21:43:32,399 - DEBUG - Tick
2026-08-02 21:43:32,399 - DEBUG - Updating ship...
2026-08-02 21:43:32,402 - DEBUG - Updating music
2026-08-02 21:43:32,402 - DEBUG - Entered _check_music
2026-08-02 21:43:32,402 - DEBUG - Paused: False, Music Playing: True
2026-08-02 21:43:32,416 - DEBUG - Tick
2026-08-02 21:43:32,416 - DEBUG - Updating ship...
2026-08-02 21:43:32,418 - DEBUG - Updating music
2026-08-02 21:43:32,418 - DEBUG - Entered _check_music
2026-08-02 21:43:32,419 - DEBUG - Paused: False, Music Playing: True
2026-08-02 21:43:32,432 - DEBUG - Tick
2026-08-02 21:43:32,432 - DEBUG - Updating ship...
2026-08-02 21:43:32,434 - DEBUG - Updating music
2026-08-02 21:43:32,434 - DEBUG - Entered _check_music
2026-08-02 21:43:32,434 - DEBUG - Paused: False, Music Playing: True
2026-08-02 21:43:32,448 - DEBUG - Tick
2026-08-02 21:43:32,448 - DEBUG - Updating ship...
2026-08-02 21:43:32,450 - DEBUG - Updating music
2026-08-02 21:43:32,450 - DEBUG - Entered _check_music
2026-08-02 21:43:32,450 - DEBUG - Paused: False, Music Playing: True
2026-08-02 21:43:32,464 - DEBUG - Tick
2026-08-02 21:43:32,464 - DEBUG - Updating ship...
2026-08-02 21:43:32,466 - DEBUG - Updating music
2026-08-02 21:43:32,466 - DEBUG - Entered _check_music
2026-08-02 21:43:32,466 - DEBUG - Paused: False, Music Playing: True
2026-08-02 21:43:32,480 - DEBUG - Tick
2026-08-02 21:43:32,480 - DEBUG - Updating ship...
2026-08-02 21:43:32,482 - DEBUG - Updating music
2026-08-02 21:43:32,482 - DEBUG - Entered _check_music
2026-08-02 21:43:32,482 - DEBUG - Paused: False, Music Playing: True
2026-08-02 21:43:32,496 - DEBUG - Tick
2026-08-02 21:43:32,496 - DEBUG - Updating ship...
2026-08-02 21:43:32,498 - DEBUG - Updating music
2026-08-02 21:43:32,499 - DEBUG - Entered _check_music
2026-08-02 21:43:32,499 - DEBUG - Paused: False, Music Playing: True
2026-08-02 21:43:32,512 - DEBUG - Tick
2026-08-02 21:43:32,512 - DEBUG - Updating ship...
2026-08-02 21:43:32,515 - DEBUG - Updating music
2026-08-02 21:43:32,515 - DEBUG - Entered _check_music
2026-08-02 21:43:32,515 - DEBUG - Paused: False, Music Playing: True
2026-08-02 21:43:32,527 - DEBUG - Tick
2026-08-02 21:43:32,528 - DEBUG - Updating ship...
2026-08-02 21:43:32,531 - DEBUG - Updating music
2026-08-02 21:43:32,531 - DEBUG - Entered _check_music
2026-08-02 21:43:32,531 - DEBUG - Paused: False, Music Playing: True
2026-08-02 21:43:32,544 - DEBUG - Tick
2026-08-02 21:43:32,544 - DEBUG - Updating ship...
2026-08-02 21:43:32,547 - DEBUG - Updating music
2026-08-02 21:43:32,547 - DEBUG - Entered _check_music
2026-08-02 21:43:32,547 - DEBUG - Paused: False, Music Playing: True
2026-08-02 21:43:32,560 - DEBUG - Tick
2026-08-02 21:43:32,560 - DEBUG - Updating ship...
2026-08-02 21:43:32,563 - DEBUG - Updating music
2026-08-02 21:43:32,563 - DEBUG - Entered _check_music
2026-08-02 21:43:32,563 - DEBUG - Paused: False, Music Playing: True
2026-08-02 21:43:32,576 - DEBUG - Tick
2026-08-02 21:43:32,576 - DEBUG - Updating ship...
2026-08-02 21:43:32,579 - DEBUG - Updating music
2026-08-02 21:43:32,579 - DEBUG - Entered _check_music
2026-08-02 21:43:32,579 - DEBUG - Paused: False, Music Playing: True
2026-08-02 21:43:32,592 - DEBUG - Tick
2026-08-02 21:43:32,592 - DEBUG - Updating ship...
2026-08-02 21:43:32,594 - DEBUG - Updating music
2026-08-02 21:43:32,595 - DEBUG - Entered _check_music
2026-08-02 21:43:32,595 - DEBUG - Paused: False, Music Playing: True
2026-08-02 21:43:32,608 - DEBUG - Tick
2026-08-02 21:43:32,608 - DEBUG - Updating ship...
2026-08-02 21:43:32,611 - DEBUG - Updating music
2026-08-02 21:43:32,611 - DEBUG - Entered _check_music
2026-08-02 21:43:32,611 - DEBUG - Paused: False, Music Playing: True
2026-08-02 21:43:32,624 - DEBUG - Tick
2026-08-02 21:43:32,624 - DEBUG - Updating ship...
2026-08-02 21:43:32,627 - DEBUG - Updating music
2026-08-02 21:43:32,627 - DEBUG - Entered _check_music
2026-08-02 21:43:32,627 - DEBUG - Paused: False, Music Playing: True
2026-08-02 21:43:32,640 - DEBUG - Tick
2026-08-02 21:43:32,640 - DEBUG - Updating ship...
2026-08-02 21:43:32,643 - DEBUG - Updating music
2026-08-02 21:43:32,643 - DEBUG - Entered _check_music
2026-08-02 21:43:32,643 - DEBUG - Paused: False, Music Playing: True
2026-08-02 21:43:32,656 - DEBUG - Tick
2026-08-02 21:43:32,656 - DEBUG - Updating ship...
2026-08-02 21:43:32,659 - DEBUG - Updating music
2026-08-02 21:43:32,659 - DEBUG - Entered _check_music
2026-08-02 21:43:32,659 - DEBUG - Paused: False, Music Playing: True
2026-08-02 21:43:32,672 - DEBUG - Tick
2026-08-02 21:43:32,672 - DEBUG - Updating ship...
2026-08-02 21:43:32,675 - DEBUG - Updating music
2026-08-02 21:43:32,675 - DEBUG - Entered _check_music
2026-08-02 21:43:32,675 - DEBUG - Paused: False, Music Playing: True
2026-08-02 21:43:32,688 - DEBUG - Tick
2026-08-02 21:43:32,689 - DEBUG - Updating ship...
2026-08-02 21:43:32,691 - DEBUG - Updating music
2026-08-02 21:43:32,691 - DEBUG - Entered _check_music
2026-08-02 21:43:32,691 - DEBUG - Paused: False, Music Playing: True
2026-08-02 21:43:32,704 - DEBUG - Tick
2026-08-02 21:43:32,704 - DEBUG - Updating ship...
2026-08-02 21:43:32,706 - DEBUG - Updating music
2026-08-02 21:43:32,706 - DEBUG - Entered _check_music
2026-08-02 21:43:32,706 - DEBUG - Paused: False, Music Playing: True
2026-08-02 21:43:32,719 - DEBUG - Tick
2026-08-02 21:43:32,720 - DEBUG - Updating ship...
2026-08-02 21:43:32,721 - DEBUG - Updating music
2026-08-02 21:43:32,722 - DEBUG - Entered _check_music
2026-08-02 21:43:32,722 - DEBUG - Paused: False, Music Playing: True
2026-08-02 21:43:32,736 - DEBUG - Tick
2026-08-02 21:43:32,736 - DEBUG - Updating ship...
2026-08-02 21:43:32,738 - DEBUG - Updating music
2026-08-02 21:43:32,738 - DEBUG - Entered _check_music
2026-08-02 21:43:32,738 - DEBUG - Paused: False, Music Playing: True
2026-08-02 21:43:32,751 - DEBUG - Tick
2026-08-02 21:43:32,751 - DEBUG - Updating ship...
2026-08-02 21:43:32,754 - DEBUG - Updating music
2026-08-02 21:43:32,754 - DEBUG - Entered _check_music
2026-08-02 21:43:32,754 - DEBUG - Paused: False, Music Playing: True
2026-08-02 21:43:32,768 - DEBUG - Tick
2026-08-02 21:43:32,768 - DEBUG - Updating ship...
2026-08-02 21:43:32,771 - DEBUG - Updating music
2026-08-02 21:43:32,771 - DEBUG - Entered _check_music
2026-08-02 21:43:32,771 - DEBUG - Paused: False, Music Playing: True
2026-08-02 21:43:32,783 - DEBUG - Tick
2026-08-02 21:43:32,784 - DEBUG - Updating ship...
2026-08-02 21:43:32,786 - DEBUG - Updating music
2026-08-02 21:43:32,786 - DEBUG - Entered _check_music
2026-08-02 21:43:32,786 - DEBUG - Paused: False, Music Playing: True
2026-08-02 21:43:32,799 - DEBUG - Tick
2026-08-02 21:43:32,800 - DEBUG - Updating ship...
2026-08-02 21:43:32,802 - DEBUG - Updating music
2026-08-02 21:43:32,802 - DEBUG - Entered _check_music
2026-08-02 21:43:32,802 - DEBUG - Paused: False, Music Playing: True
2026-08-02 21:43:32,816 - DEBUG - Tick
2026-08-02 21:43:32,816 - DEBUG - Updating ship...
2026-08-02 21:43:32,818 - DEBUG - Updating music
2026-08-02 21:43:32,818 - DEBUG - Entered _check_music
2026-08-02 21:43:32,818 - DEBUG - Paused: False, Music Playing: True
2026-08-02 21:43:32,831 - DEBUG - Tick
2026-08-02 21:43:32,832 - DEBUG - Updating ship...
2026-08-02 21:43:32,834 - DEBUG - Updating music
2026-08-02 21:43:32,834 - DEBUG - Entered _check_music
2026-08-02 21:43:32,834 - DEBUG - Paused: False, Music Playing: True
2026-08-02 21:43:32,848 - DEBUG - Tick
2026-08-02 21:43:32,848 - DEBUG - Updating ship...
2026-08-02 21:43:32,851 - DEBUG - Updating music
2026-08-02 21:43:32,851 - DEBUG - Entered _check_music
2026-08-02 21:43:32,851 - DEBUG - Paused: False, Music Playing: True
2026-08-02 21:43:32,865 - DEBUG - Tick
2026-08-02 21:43:32,865 - DEBUG - Updating ship...
2026-08-02 21:43:32,867 - DEBUG - Updating music
2026-08-02 21:43:32,867 - DEBUG - Entered _check_music
2026-08-02 21:43:32,867 - DEBUG - Paused: False, Music Playing: True
2026-08-02 21:43:32,881 - DEBUG - Tick
2026-08-02 21:43:32,881 - DEBUG - Updating ship...
2026-08-02 21:43:32,883 - DEBUG - Updating music
2026-08-02 21:43:32,883 - DEBUG - Entered _check_music
2026-08-02 21:43:32,883 - DEBUG - Paused: False, Music Playing: True
2026-08-02 21:43:32,897 - DEBUG - Tick
2026-08-02 21:43:32,897 - DEBUG - Updating ship...
2026-08-02 21:43:32,900 - DEBUG - Updating music
2026-08-02 21:43:32,900 - DEBUG - Entered _check_music
2026-08-02 21:43:32,900 - DEBUG - Paused: False, Music Playing: True
2026-08-02 21:43:32,912 - DEBUG - Tick
2026-08-02 21:43:32,912 - DEBUG - Updating ship...
2026-08-02 21:43:32,915 - DEBUG - Updating music
2026-08-02 21:43:32,915 - DEBUG - Entered _check_music
2026-08-02 21:43:32,915 - DEBUG - Paused: False, Music Playing: True
2026-08-02 21:43:32,928 - DEBUG - Tick
2026-08-02 21:43:32,929 - DEBUG - Updating ship...
2026-08-02 21:43:32,931 - DEBUG - Updating music
2026-08-02 21:43:32,931 - DEBUG - Entered _check_music
2026-08-02 21:43:32,931 - DEBUG - Paused: False, Music Playing: True
2026-08-02 21:43:32,945 - DEBUG - Tick
2026-08-02 21:43:32,945 - DEBUG - Updating ship...
2026-08-02 21:43:32,947 - DEBUG - Updating music
2026-08-02 21:43:32,947 - DEBUG - Entered _check_music
2026-08-02 21:43:32,947 - DEBUG - Paused: False, Music Playing: True
2026-08-02 21:43:32,961 - DEBUG - Tick
2026-08-02 21:43:32,961 - DEBUG - Updating ship...
2026-08-02 21:43:32,963 - DEBUG - Updating music
2026-08-02 21:43:32,964 - DEBUG - Entered _check_music
2026-08-02 21:43:32,964 - DEBUG - Paused: False, Music Playing: True
2026-08-02 21:43:32,977 - DEBUG - Tick
2026-08-02 21:43:32,977 - DEBUG - Updating ship...
2026-08-02 21:43:32,980 - DEBUG - Updating music
2026-08-02 21:43:32,980 - DEBUG - Entered _check_music
2026-08-02 21:43:32,980 - DEBUG - Paused: False, Music Playing: True
2026-08-02 21:43:32,993 - DEBUG - Tick
2026-08-02 21:43:32,993 - DEBUG - Updating ship...
2026-08-02 21:43:32,996 - DEBUG - Updating music
2026-08-02 21:43:32,996 - DEBUG - Entered _check_music
2026-08-02 21:43:32,996 - DEBUG - Paused: False, Music Playing: True
2026-08-02 21:43:33,009 - DEBUG - Tick
2026-08-02 21:43:33,009 - DEBUG - Updating ship...
2026-08-02 21:43:33,012 - DEBUG - Updating music
2026-08-02 21:43:33,012 - DEBUG - Entered _check_music
2026-08-02 21:43:33,012 - DEBUG - Paused: False, Music Playing: True
2026-08-02 21:43:33,026 - DEBUG - Tick
2026-08-02 21:43:33,026 - DEBUG - Updating ship...
2026-08-02 21:43:33,029 - DEBUG - Updating music
2026-08-02 21:43:33,029 - DEBUG - Entered _check_music
2026-08-02 21:43:33,029 - DEBUG - Paused: False, Music Playing: True
2026-08-02 21:43:33,043 - DEBUG - Tick
2026-08-02 21:43:33,043 - DEBUG - Updating ship...
2026-08-02 21:43:33,046 - DEBUG - Updating music
2026-08-02 21:43:33,046 - DEBUG - Entered _check_music
2026-08-02 21:43:33,046 - DEBUG - Paused: False, Music Playing: True
2026-08-02 21:43:33,058 - DEBUG - Tick
2026-08-02 21:43:33,058 - DEBUG - Updating ship...
2026-08-02 21:43:33,061 - DEBUG - Updating music
2026-08-02 21:43:33,061 - DEBUG - Entered _check_music
2026-08-02 21:43:33,061 - DEBUG - Paused: False, Music Playing: True
2026-08-02 21:43:33,074 - DEBUG - Tick
2026-08-02 21:43:33,075 - DEBUG - Updating ship...
2026-08-02 21:43:33,077 - DEBUG - Updating music
2026-08-02 21:43:33,077 - DEBUG - Entered _check_music
2026-08-02 21:43:33,077 - DEBUG - Paused: False, Music Playing: True
2026-08-02 21:43:33,091 - DEBUG - Tick
2026-08-02 21:43:33,091 - DEBUG - Updating ship...
2026-08-02 21:43:33,093 - DEBUG - Updating music
2026-08-02 21:43:33,093 - DEBUG - Entered _check_music
2026-08-02 21:43:33,094 - DEBUG - Paused: False, Music Playing: True
2026-08-02 21:43:33,107 - DEBUG - Tick
2026-08-02 21:43:33,107 - DEBUG - Updating ship...
2026-08-02 21:43:33,109 - DEBUG - Updating music
2026-08-02 21:43:33,110 - DEBUG - Entered _check_music
2026-08-02 21:43:33,110 - DEBUG - Paused: False, Music Playing: True
2026-08-02 21:43:33,123 - DEBUG - Tick
2026-08-02 21:43:33,123 - DEBUG - Updating ship...
2026-08-02 21:43:33,126 - DEBUG - Updating music
2026-08-02 21:43:33,126 - DEBUG - Entered _check_music
2026-08-02 21:43:33,126 - DEBUG - Paused: False, Music Playing: True
2026-08-02 21:43:33,139 - DEBUG - Tick
2026-08-02 21:43:33,139 - DEBUG - Updating ship...
2026-08-02 21:43:33,141 - DEBUG - Updating music
2026-08-02 21:43:33,142 - DEBUG - Entered _check_music
2026-08-02 21:43:33,142 - DEBUG - Paused: False, Music Playing: True
2026-08-02 21:43:33,155 - DEBUG - Tick
2026-08-02 21:43:33,155 - DEBUG - Updating ship...
2026-08-02 21:43:33,158 - DEBUG - Updating music
2026-08-02 21:43:33,158 - DEBUG - Entered _check_music
2026-08-02 21:43:33,158 - DEBUG - Paused: False, Music Playing: True
2026-08-02 21:43:33,171 - DEBUG - Tick
2026-08-02 21:43:33,171 - DEBUG - Updating ship...
2026-08-02 21:43:33,173 - DEBUG - Updating music
2026-08-02 21:43:33,173 - DEBUG - Entered _check_music
2026-08-02 21:43:33,173 - DEBUG - Paused: False, Music Playing: True
2026-08-02 21:43:33,187 - DEBUG - Tick
2026-08-02 21:43:33,187 - DEBUG - Updating ship...
2026-08-02 21:43:33,189 - DEBUG - Updating music
2026-08-02 21:43:33,189 - DEBUG - Entered _check_music
2026-08-02 21:43:33,189 - DEBUG - Paused: False, Music Playing: True
2026-08-02 21:43:33,202 - DEBUG - Tick
2026-08-02 21:43:33,203 - DEBUG - Updating ship...
2026-08-02 21:43:33,205 - DEBUG - Updating music
2026-08-02 21:43:33,205 - DEBUG - Entered _check_music
2026-08-02 21:43:33,205 - DEBUG - Paused: False, Music Playing: True
2026-08-02 21:43:33,218 - DEBUG - Tick
2026-08-02 21:43:33,219 - DEBUG - Updating ship...
2026-08-02 21:43:33,221 - DEBUG - Updating music
2026-08-02 21:43:33,221 - DEBUG - Entered _check_music
2026-08-02 21:43:33,221 - DEBUG - Paused: False, Music Playing: True
2026-08-02 21:43:33,235 - DEBUG - Tick
2026-08-02 21:43:33,235 - DEBUG - Updating ship...
2026-08-02 21:43:33,238 - DEBUG - Updating music
2026-08-02 21:43:33,238 - DEBUG - Entered _check_music
2026-08-02 21:43:33,238 - DEBUG - Paused: False, Music Playing: True
2026-08-02 21:43:33,252 - DEBUG - Tick
2026-08-02 21:43:33,253 - DEBUG - Updating ship...
2026-08-02 21:43:33,255 - DEBUG - Updating music
2026-08-02 21:43:33,256 - DEBUG - Entered _check_music
2026-08-02 21:43:33,256 - DEBUG - Paused: False, Music Playing: True
2026-08-02 21:43:33,269 - DEBUG - Tick
2026-08-02 21:43:33,269 - DEBUG - Updating ship...
2026-08-02 21:43:33,271 - DEBUG - Updating music
2026-08-02 21:43:33,272 - DEBUG - Entered _check_music
2026-08-02 21:43:33,272 - DEBUG - Paused: False, Music Playing: True
2026-08-02 21:43:33,285 - DEBUG - Tick
2026-08-02 21:43:33,285 - DEBUG - Updating ship...
2026-08-02 21:43:33,288 - DEBUG - Updating music
2026-08-02 21:43:33,288 - DEBUG - Entered _check_music
2026-08-02 21:43:33,288 - DEBUG - Paused: False, Music Playing: True
2026-08-02 21:43:33,301 - DEBUG - Tick
2026-08-02 21:43:33,301 - DEBUG - Updating ship...
2026-08-02 21:43:33,304 - DEBUG - Updating music
2026-08-02 21:43:33,304 - DEBUG - Entered _check_music
2026-08-02 21:43:33,304 - DEBUG - Paused: False, Music Playing: True
2026-08-02 21:43:33,317 - DEBUG - Tick
2026-08-02 21:43:33,317 - DEBUG - Updating ship...
2026-08-02 21:43:33,320 - DEBUG - Updating music
2026-08-02 21:43:33,320 - DEBUG - Entered _check_music
2026-08-02 21:43:33,320 - DEBUG - Paused: False, Music Playing: True
2026-08-02 21:43:33,333 - DEBUG - Tick
2026-08-02 21:43:33,333 - DEBUG - Updating ship...
2026-08-02 21:43:33,336 - DEBUG - Updating music
2026-08-02 21:43:33,336 - DEBUG - Entered _check_music
2026-08-02 21:43:33,336 - DEBUG - Paused: False, Music Playing: True
2026-08-02 21:43:33,349 - DEBUG - Tick
2026-08-02 21:43:33,350 - DEBUG - Updating ship...
2026-08-02 21:43:33,352 - DEBUG - Updating music
2026-08-02 21:43:33,352 - DEBUG - Entered _check_music
2026-08-02 21:43:33,352 - DEBUG - Paused: False, Music Playing: True
2026-08-02 21:43:33,365 - DEBUG - Tick
2026-08-02 21:43:33,366 - DEBUG - Updating ship...
2026-08-02 21:43:33,368 - DEBUG - Updating music
2026-08-02 21:43:33,368 - DEBUG - Entered _check_music
2026-08-02 21:43:33,369 - DEBUG - Paused: False, Music Playing: True
2026-08-02 21:43:33,382 - DEBUG - Tick
2026-08-02 21:43:33,382 - DEBUG - Updating ship...
2026-08-02 21:43:33,385 - DEBUG - Updating music
2026-08-02 21:43:33,385 - DEBUG - Entered _check_music
2026-08-02 21:43:33,385 - DEBUG - Paused: False, Music Playing: True
2026-08-02 21:43:33,397 - DEBUG - Tick
2026-08-02 21:43:33,398 - DEBUG - Updating ship...
2026-08-02 21:43:33,400 - DEBUG - Updating music
2026-08-02 21:43:33,400 - DEBUG - Entered _check_music
2026-08-02 21:43:33,400 - DEBUG - Paused: False, Music Playing: True
2026-08-02 21:43:33,414 - DEBUG - Tick
2026-08-02 21:43:33,414 - DEBUG - Updating ship...
2026-08-02 21:43:33,416 - DEBUG - Updating music
2026-08-02 21:43:33,416 - DEBUG - Entered _check_music
2026-08-02 21:43:33,416 - DEBUG - Paused: False, Music Playing: True
2026-08-02 21:43:33,430 - DEBUG - Tick
2026-08-02 21:43:33,430 - DEBUG - Updating ship...
2026-08-02 21:43:33,433 - DEBUG - Updating music
2026-08-02 21:43:33,433 - DEBUG - Entered _check_music
2026-08-02 21:43:33,433 - DEBUG - Paused: False, Music Playing: True
2026-08-02 21:43:33,446 - DEBUG - Tick
2026-08-02 21:43:33,447 - DEBUG - Updating ship...
2026-08-02 21:43:33,449 - DEBUG - Updating music
2026-08-02 21:43:33,449 - DEBUG - Entered _check_music
2026-08-02 21:43:33,449 - DEBUG - Paused: False, Music Playing: True
2026-08-02 21:43:33,463 - DEBUG - Tick
2026-08-02 21:43:33,463 - DEBUG - Updating ship...
2026-08-02 21:43:33,466 - DEBUG - Updating music
2026-08-02 21:43:33,466 - DEBUG - Entered _check_music
2026-08-02 21:43:33,466 - DEBUG - Paused: False, Music Playing: True
2026-08-02 21:43:33,479 - DEBUG - Tick
2026-08-02 21:43:33,479 - DEBUG - Updating ship...
2026-08-02 21:43:33,482 - DEBUG - Updating music
2026-08-02 21:43:33,482 - DEBUG - Entered _check_music
2026-08-02 21:43:33,482 - DEBUG - Paused: False, Music Playing: True
2026-08-02 21:43:33,495 - DEBUG - Tick
2026-08-02 21:43:33,495 - DEBUG - Updating ship...
2026-08-02 21:43:33,498 - DEBUG - Updating music
2026-08-02 21:43:33,499 - DEBUG - Entered _check_music
2026-08-02 21:43:33,499 - DEBUG - Paused: False, Music Playing: True
2026-08-02 21:43:33,511 - DEBUG - Tick
2026-08-02 21:43:33,511 - DEBUG - Updating ship...
2026-08-02 21:43:33,514 - DEBUG - Updating music
2026-08-02 21:43:33,514 - DEBUG - Entered _check_music
2026-08-02 21:43:33,515 - DEBUG - Paused: False, Music Playing: True
2026-08-02 21:43:33,527 - DEBUG - Tick
2026-08-02 21:43:33,527 - DEBUG - Updating ship...
2026-08-02 21:43:33,530 - DEBUG - Updating music
2026-08-02 21:43:33,530 - DEBUG - Entered _check_music
2026-08-02 21:43:33,530 - DEBUG - Paused: False, Music Playing: True
2026-08-02 21:43:33,543 - DEBUG - Tick
2026-08-02 21:43:33,543 - DEBUG - Updating ship...
2026-08-02 21:43:33,546 - DEBUG - Updating music
2026-08-02 21:43:33,546 - DEBUG - Entered _check_music
2026-08-02 21:43:33,546 - DEBUG - Paused: False, Music Playing: True
2026-08-02 21:43:33,559 - DEBUG - Tick
2026-08-02 21:43:33,560 - DEBUG - Updating ship...
2026-08-02 21:43:33,562 - DEBUG - Updating music
2026-08-02 21:43:33,563 - DEBUG - Entered _check_music
2026-08-02 21:43:33,563 - DEBUG - Paused: False, Music Playing: True
2026-08-02 21:43:33,576 - DEBUG - Tick
2026-08-02 21:43:33,576 - DEBUG - Updating ship...
2026-08-02 21:43:33,579 - DEBUG - Updating music
2026-08-02 21:43:33,579 - DEBUG - Entered _check_music
2026-08-02 21:43:33,579 - DEBUG - Paused: False, Music Playing: True
2026-08-02 21:43:33,592 - DEBUG - Tick
2026-08-02 21:43:33,593 - DEBUG - Updating ship...
2026-08-02 21:43:33,595 - DEBUG - Updating music
2026-08-02 21:43:33,596 - DEBUG - Entered _check_music
2026-08-02 21:43:33,596 - DEBUG - Paused: False, Music Playing: True
2026-08-02 21:43:33,608 - DEBUG - Tick
2026-08-02 21:43:33,608 - DEBUG - Updating ship...
2026-08-02 21:43:33,611 - DEBUG - Updating music
2026-08-02 21:43:33,611 - DEBUG - Entered _check_music
2026-08-02 21:43:33,612 - DEBUG - Paused: False, Music Playing: True
2026-08-02 21:43:33,624 - DEBUG - Tick
2026-08-02 21:43:33,624 - DEBUG - Updating ship...
2026-08-02 21:43:33,627 - DEBUG - Updating music
2026-08-02 21:43:33,627 - DEBUG - Entered _check_music
2026-08-02 21:43:33,627 - DEBUG - Paused: False, Music Playing: True
2026-08-02 21:43:33,640 - DEBUG - Tick
2026-08-02 21:43:33,640 - DEBUG - Updating ship...
2026-08-02 21:43:33,643 - DEBUG - Updating music
2026-08-02 21:43:33,643 - DEBUG - Entered _check_music
2026-08-02 21:43:33,643 - DEBUG - Paused: False, Music Playing: True
2026-08-02 21:43:33,656 - DEBUG - Tick
2026-08-02 21:43:33,657 - DEBUG - Updating ship...
2026-08-02 21:43:33,660 - DEBUG - Updating music
2026-08-02 21:43:33,660 - DEBUG - Entered _check_music
2026-08-02 21:43:33,660 - DEBUG - Paused: False, Music Playing: True
2026-08-02 21:43:33,673 - DEBUG - Tick
2026-08-02 21:43:33,673 - DEBUG - Updating ship...
2026-08-02 21:43:33,676 - DEBUG - Updating music
2026-08-02 21:43:33,676 - DEBUG - Entered _check_music
2026-08-02 21:43:33,677 - DEBUG - Paused: False, Music Playing: True
2026-08-02 21:43:33,689 - DEBUG - Tick
2026-08-02 21:43:33,689 - DEBUG - Updating ship...
2026-08-02 21:43:33,691 - DEBUG - Updating music
2026-08-02 21:43:33,691 - DEBUG - Entered _check_music
2026-08-02 21:43:33,691 - DEBUG - Paused: False, Music Playing: True
2026-08-02 21:43:33,704 - DEBUG - Tick
2026-08-02 21:43:33,705 - DEBUG - Updating ship...
2026-08-02 21:43:33,708 - DEBUG - Updating music
2026-08-02 21:43:33,708 - DEBUG - Entered _check_music
2026-08-02 21:43:33,708 - DEBUG - Paused: False, Music Playing: True
2026-08-02 21:43:33,721 - DEBUG - Tick
2026-08-02 21:43:33,721 - DEBUG - Updating ship...
2026-08-02 21:43:33,724 - DEBUG - Updating music
2026-08-02 21:43:33,724 - DEBUG - Entered _check_music
2026-08-02 21:43:33,724 - DEBUG - Paused: False, Music Playing: True
2026-08-02 21:43:33,736 - DEBUG - Tick
2026-08-02 21:43:33,737 - DEBUG - Updating ship...
2026-08-02 21:43:33,739 - DEBUG - Updating music
2026-08-02 21:43:33,739 - DEBUG - Entered _check_music
2026-08-02 21:43:33,739 - DEBUG - Paused: False, Music Playing: True
2026-08-02 21:43:33,752 - DEBUG - Tick
2026-08-02 21:43:33,753 - DEBUG - Updating ship...
2026-08-02 21:43:33,755 - DEBUG - Updating music
2026-08-02 21:43:33,755 - DEBUG - Entered _check_music
2026-08-02 21:43:33,755 - DEBUG - Paused: False, Music Playing: True
2026-08-02 21:43:33,769 - DEBUG - Tick
2026-08-02 21:43:33,769 - DEBUG - Updating ship...
2026-08-02 21:43:33,771 - DEBUG - Updating music
2026-08-02 21:43:33,772 - DEBUG - Entered _check_music
2026-08-02 21:43:33,772 - DEBUG - Paused: False, Music Playing: True
2026-08-02 21:43:33,785 - DEBUG - Tick
2026-08-02 21:43:33,785 - DEBUG - Updating ship...
2026-08-02 21:43:33,788 - DEBUG - Updating music
2026-08-02 21:43:33,788 - DEBUG - Entered _check_music
2026-08-02 21:43:33,788 - DEBUG - Paused: False, Music Playing: True
2026-08-02 21:43:33,800 - DEBUG - Tick
2026-08-02 21:43:33,801 - DEBUG - Updating ship...
2026-08-02 21:43:33,803 - DEBUG - Updating music
2026-08-02 21:43:33,803 - DEBUG - Entered _check_music
2026-08-02 21:43:33,804 - DEBUG - Paused: False, Music Playing: True
2026-08-02 21:43:33,817 - DEBUG - Tick
2026-08-02 21:43:33,817 - DEBUG - Updating ship...
2026-08-02 21:43:33,820 - DEBUG - Updating music
2026-08-02 21:43:33,820 - DEBUG - Entered _check_music
2026-08-02 21:43:33,820 - DEBUG - Paused: False, Music Playing: True
2026-08-02 21:43:33,832 - DEBUG - Tick
2026-08-02 21:43:33,833 - DEBUG - Updating ship...
2026-08-02 21:43:33,835 - DEBUG - Updating music
2026-08-02 21:43:33,835 - DEBUG - Entered _check_music
2026-08-02 21:43:33,835 - DEBUG - Paused: False, Music Playing: True
2026-08-02 21:43:33,849 - DEBUG - Tick
2026-08-02 21:43:33,849 - DEBUG - Updating ship...
2026-08-02 21:43:33,851 - DEBUG - Updating music
2026-08-02 21:43:33,852 - DEBUG - Entered _check_music
2026-08-02 21:43:33,852 - DEBUG - Paused: False, Music Playing: True
2026-08-02 21:43:33,865 - DEBUG - Tick
2026-08-02 21:43:33,865 - DEBUG - Updating ship...
2026-08-02 21:43:33,868 - DEBUG - Updating music
2026-08-02 21:43:33,868 - DEBUG - Entered _check_music
2026-08-02 21:43:33,868 - DEBUG - Paused: False, Music Playing: True
2026-08-02 21:43:33,880 - DEBUG - Tick
2026-08-02 21:43:33,881 - DEBUG - Updating ship...
2026-08-02 21:43:33,883 - DEBUG - Updating music
2026-08-02 21:43:33,883 - DEBUG - Entered _check_music
2026-08-02 21:43:33,884 - DEBUG - Paused: False, Music Playing: True
2026-08-02 21:43:33,897 - DEBUG - Tick
2026-08-02 21:43:33,897 - DEBUG - Updating ship...
2026-08-02 21:43:33,900 - DEBUG - Updating music
2026-08-02 21:43:33,900 - DEBUG - Entered _check_music
2026-08-02 21:43:33,900 - DEBUG - Paused: False, Music Playing: True
2026-08-02 21:43:33,913 - DEBUG - Tick
2026-08-02 21:43:33,914 - DEBUG - Updating ship...
2026-08-02 21:43:33,916 - DEBUG - Updating music
2026-08-02 21:43:33,916 - DEBUG - Entered _check_music
2026-08-02 21:43:33,916 - DEBUG - Paused: False, Music Playing: True
2026-08-02 21:43:33,930 - DEBUG - Tick
2026-08-02 21:43:33,930 - DEBUG - Updating ship...
2026-08-02 21:43:33,932 - DEBUG - Updating music
2026-08-02 21:43:33,933 - DEBUG - Entered _check_music
2026-08-02 21:43:33,933 - DEBUG - Paused: False, Music Playing: True
2026-08-02 21:43:33,946 - DEBUG - Tick
2026-08-02 21:43:33,946 - DEBUG - Updating ship...
2026-08-02 21:43:33,949 - DEBUG - Updating music
2026-08-02 21:43:33,949 - DEBUG - Entered _check_music
2026-08-02 21:43:33,949 - DEBUG - Paused: False, Music Playing: True
2026-08-02 21:43:33,962 - DEBUG - Tick
2026-08-02 21:43:33,962 - DEBUG - Updating ship...
2026-08-02 21:43:33,965 - DEBUG - Updating music
2026-08-02 21:43:33,965 - DEBUG - Entered _check_music
2026-08-02 21:43:33,965 - DEBUG - Paused: False, Music Playing: True
2026-08-02 21:43:33,978 - DEBUG - Tick
2026-08-02 21:43:33,979 - DEBUG - Updating ship...
2026-08-02 21:43:33,981 - DEBUG - Updating music
2026-08-02 21:43:33,981 - DEBUG - Entered _check_music
2026-08-02 21:43:33,982 - DEBUG - Paused: False, Music Playing: True
2026-08-02 21:43:33,995 - DEBUG - Tick
2026-08-02 21:43:33,995 - DEBUG - Updating ship...
2026-08-02 21:43:33,998 - DEBUG - Updating music
2026-08-02 21:43:33,998 - DEBUG - Entered _check_music
2026-08-02 21:43:33,998 - DEBUG - Paused: False, Music Playing: True
2026-08-02 21:43:34,011 - DEBUG - Tick
2026-08-02 21:43:34,011 - DEBUG - Updating ship...
2026-08-02 21:43:34,014 - DEBUG - Updating music
2026-08-02 21:43:34,015 - DEBUG - Entered _check_music
2026-08-02 21:43:34,015 - DEBUG - Paused: False, Music Playing: True
2026-08-02 21:43:34,027 - DEBUG - Tick
2026-08-02 21:43:34,027 - DEBUG - Updating ship...
2026-08-02 21:43:34,030 - DEBUG - Updating music
2026-08-02 21:43:34,030 - DEBUG - Entered _check_music
2026-08-02 21:43:34,030 - DEBUG - Paused: False, Music Playing: True
2026-08-02 21:43:34,043 - DEBUG - Tick
2026-08-02 21:43:34,043 - DEBUG - Updating ship...
2026-08-02 21:43:34,046 - DEBUG - Updating music
2026-08-02 21:43:34,046 - DEBUG - Entered _check_music
2026-08-02 21:43:34,046 - DEBUG - Paused: False, Music Playing: True
2026-08-02 21:43:34,059 - DEBUG - Tick
2026-08-02 21:43:34,059 - DEBUG - Updating ship...
2026-08-02 21:43:34,062 - DEBUG - Updating music
2026-08-02 21:43:34,062 - DEBUG - Entered _check_music
2026-08-02 21:43:34,062 - DEBUG - Paused: False, Music Playing: True
2026-08-02 21:43:34,074 - DEBUG - Tick
2026-08-02 21:43:34,075 - DEBUG - Updating ship...
2026-08-02 21:43:34,078 - DEBUG - Updating music
2026-08-02 21:43:34,078 - DEBUG - Entered _check_music
2026-08-02 21:43:34,078 - DEBUG - Paused: False, Music Playing: True
2026-08-02 21:43:34,091 - DEBUG - Tick
2026-08-02 21:43:34,092 - DEBUG - Updating ship...
2026-08-02 21:43:34,094 - DEBUG - Updating music
2026-08-02 21:43:34,095 - DEBUG - Entered _check_music
2026-08-02 21:43:34,095 - DEBUG - Paused: False, Music Playing: True
2026-08-02 21:43:34,108 - DEBUG - Tick
2026-08-02 21:43:34,108 - DEBUG - Updating ship...
2026-08-02 21:43:34,111 - DEBUG - Updating music
2026-08-02 21:43:34,111 - DEBUG - Entered _check_music
2026-08-02 21:43:34,111 - DEBUG - Paused: False, Music Playing: True
2026-08-02 21:43:34,124 - DEBUG - Tick
2026-08-02 21:43:34,124 - DEBUG - Updating ship...
2026-08-02 21:43:34,127 - DEBUG - Updating music
2026-08-02 21:43:34,127 - DEBUG - Entered _check_music
2026-08-02 21:43:34,127 - DEBUG - Paused: False, Music Playing: True
2026-08-02 21:43:34,140 - DEBUG - Tick
2026-08-02 21:43:34,140 - DEBUG - Updating ship...
2026-08-02 21:43:34,143 - DEBUG - Updating music
2026-08-02 21:43:34,143 - DEBUG - Entered _check_music
2026-08-02 21:43:34,143 - DEBUG - Paused: False, Music Playing: True
2026-08-02 21:43:34,156 - DEBUG - Tick
2026-08-02 21:43:34,157 - DEBUG - Updating ship...
2026-08-02 21:43:34,160 - DEBUG - Updating music
2026-08-02 21:43:34,160 - DEBUG - Entered _check_music
2026-08-02 21:43:34,160 - DEBUG - Paused: False, Music Playing: True
2026-08-02 21:43:34,173 - DEBUG - Tick
2026-08-02 21:43:34,173 - DEBUG - Updating ship...
2026-08-02 21:43:34,176 - DEBUG - Updating music
2026-08-02 21:43:34,176 - DEBUG - Entered _check_music
2026-08-02 21:43:34,177 - DEBUG - Paused: False, Music Playing: True
2026-08-02 21:43:34,189 - DEBUG - Tick
2026-08-02 21:43:34,189 - DEBUG - Updating ship...
2026-08-02 21:43:34,192 - DEBUG - Updating music
2026-08-02 21:43:34,192 - DEBUG - Entered _check_music
2026-08-02 21:43:34,192 - DEBUG - Paused: False, Music Playing: True
2026-08-02 21:43:34,205 - DEBUG - Tick
2026-08-02 21:43:34,205 - DEBUG - Updating ship...
2026-08-02 21:43:34,208 - DEBUG - Updating music
2026-08-02 21:43:34,208 - DEBUG - Entered _check_music
2026-08-02 21:43:34,208 - DEBUG - Paused: False, Music Playing: True
2026-08-02 21:43:34,220 - DEBUG - Tick
2026-08-02 21:43:34,221 - DEBUG - Updating ship...
2026-08-02 21:43:34,224 - DEBUG - Updating music
2026-08-02 21:43:34,224 - DEBUG - Entered _check_music
2026-08-02 21:43:34,224 - DEBUG - Paused: False, Music Playing: True
2026-08-02 21:43:34,237 - DEBUG - Tick
2026-08-02 21:43:34,237 - DEBUG - Updating ship...
2026-08-02 21:43:34,240 - DEBUG - Updating music
2026-08-02 21:43:34,240 - DEBUG - Entered _check_music
2026-08-02 21:43:34,240 - DEBUG - Paused: False, Music Playing: True
2026-08-02 21:43:34,253 - DEBUG - Tick
2026-08-02 21:43:34,253 - DEBUG - Updating ship...
2026-08-02 21:43:34,255 - DEBUG - Updating music
2026-08-02 21:43:34,256 - DEBUG - Entered _check_music
2026-08-02 21:43:34,256 - DEBUG - Paused: False, Music Playing: True
2026-08-02 21:43:34,269 - DEBUG - Tick
2026-08-02 21:43:34,269 - DEBUG - Updating ship...
2026-08-02 21:43:34,272 - DEBUG - Updating music
2026-08-02 21:43:34,272 - DEBUG - Entered _check_music
2026-08-02 21:43:34,272 - DEBUG - Paused: False, Music Playing: True
2026-08-02 21:43:34,285 - DEBUG - Tick
2026-08-02 21:43:34,286 - DEBUG - Updating ship...
2026-08-02 21:43:34,288 - DEBUG - Updating music
2026-08-02 21:43:34,288 - DEBUG - Entered _check_music
2026-08-02 21:43:34,288 - DEBUG - Paused: False, Music Playing: True
2026-08-02 21:43:34,302 - DEBUG - Tick
2026-08-02 21:43:34,302 - DEBUG - Updating ship...
2026-08-02 21:43:34,304 - DEBUG - Updating music
2026-08-02 21:43:34,305 - DEBUG - Entered _check_music
2026-08-02 21:43:34,305 - DEBUG - Paused: False, Music Playing: True
2026-08-02 21:43:34,318 - DEBUG - Tick
2026-08-02 21:43:34,318 - DEBUG - Updating ship...
2026-08-02 21:43:34,321 - DEBUG - Updating music
2026-08-02 21:43:34,321 - DEBUG - Entered _check_music
2026-08-02 21:43:34,321 - DEBUG - Paused: False, Music Playing: True
2026-08-02 21:43:34,334 - DEBUG - Tick
2026-08-02 21:43:34,334 - DEBUG - Updating ship...
2026-08-02 21:43:34,336 - DEBUG - Updating music
2026-08-02 21:43:34,337 - DEBUG - Entered _check_music
2026-08-02 21:43:34,337 - DEBUG - Paused: False, Music Playing: True
2026-08-02 21:43:34,350 - DEBUG - Tick
2026-08-02 21:43:34,350 - DEBUG - Updating ship...
2026-08-02 21:43:34,353 - DEBUG - Updating music
2026-08-02 21:43:34,353 - DEBUG - Entered _check_music
2026-08-02 21:43:34,353 - DEBUG - Paused: False, Music Playing: True
2026-08-02 21:43:34,366 - DEBUG - Tick
2026-08-02 21:43:34,367 - DEBUG - Updating ship...
2026-08-02 21:43:34,369 - DEBUG - Updating music
2026-08-02 21:43:34,369 - DEBUG - Entered _check_music
2026-08-02 21:43:34,369 - DEBUG - Paused: False, Music Playing: True
2026-08-02 21:43:34,383 - DEBUG - Tick
2026-08-02 21:43:34,383 - DEBUG - Updating ship...
2026-08-02 21:43:34,385 - DEBUG - Updating music
2026-08-02 21:43:34,386 - DEBUG - Entered _check_music
2026-08-02 21:43:34,386 - DEBUG - Paused: False, Music Playing: True
2026-08-02 21:43:34,398 - DEBUG - Tick
2026-08-02 21:43:34,398 - DEBUG - Updating ship...
2026-08-02 21:43:34,401 - DEBUG - Updating music
2026-08-02 21:43:34,401 - DEBUG - Entered _check_music
2026-08-02 21:43:34,401 - DEBUG - Paused: False, Music Playing: True
2026-08-02 21:43:34,414 - DEBUG - Tick
2026-08-02 21:43:34,415 - DEBUG - Updating ship...
2026-08-02 21:43:34,417 - DEBUG - Updating music
2026-08-02 21:43:34,417 - DEBUG - Entered _check_music
2026-08-02 21:43:34,417 - DEBUG - Paused: False, Music Playing: True
2026-08-02 21:43:34,431 - DEBUG - Tick
2026-08-02 21:43:34,431 - DEBUG - Updating ship...
2026-08-02 21:43:34,433 - DEBUG - Updating music
2026-08-02 21:43:34,433 - DEBUG - Entered _check_music
2026-08-02 21:43:34,433 - DEBUG - Paused: False, Music Playing: True
2026-08-02 21:43:34,447 - DEBUG - Tick
2026-08-02 21:43:34,447 - DEBUG - Updating ship...
2026-08-02 21:43:34,449 - DEBUG - Updating music
2026-08-02 21:43:34,450 - DEBUG - Entered _check_music
2026-08-02 21:43:34,450 - DEBUG - Paused: False, Music Playing: True
2026-08-02 21:43:34,463 - DEBUG - Tick
2026-08-02 21:43:34,463 - DEBUG - Updating ship...
2026-08-02 21:43:34,466 - DEBUG - Updating music
2026-08-02 21:43:34,466 - DEBUG - Entered _check_music
2026-08-02 21:43:34,466 - DEBUG - Paused: False, Music Playing: True
2026-08-02 21:43:34,478 - DEBUG - Tick
2026-08-02 21:43:34,479 - DEBUG - Updating ship...
2026-08-02 21:43:34,481 - DEBUG - Updating music
2026-08-02 21:43:34,482 - DEBUG - Entered _check_music
2026-08-02 21:43:34,482 - DEBUG - Paused: False, Music Playing: True
2026-08-02 21:43:34,495 - DEBUG - Tick
2026-08-02 21:43:34,495 - DEBUG - Updating ship...
2026-08-02 21:43:34,498 - DEBUG - Updating music
2026-08-02 21:43:34,498 - DEBUG - Entered _check_music
2026-08-02 21:43:34,498 - DEBUG - Paused: False, Music Playing: True
2026-08-02 21:43:34,510 - DEBUG - Tick
2026-08-02 21:43:34,511 - DEBUG - Updating ship...
2026-08-02 21:43:34,514 - DEBUG - Updating music
2026-08-02 21:43:34,514 - DEBUG - Entered _check_music
2026-08-02 21:43:34,514 - DEBUG - Paused: False, Music Playing: True
2026-08-02 21:43:34,527 - DEBUG - Tick
2026-08-02 21:43:34,527 - DEBUG - Updating ship...
2026-08-02 21:43:34,530 - DEBUG - Updating music
2026-08-02 21:43:34,530 - DEBUG - Entered _check_music
2026-08-02 21:43:34,530 - DEBUG - Paused: False, Music Playing: True
2026-08-02 21:43:34,543 - DEBUG - Tick
2026-08-02 21:43:34,544 - DEBUG - Updating ship...
2026-08-02 21:43:34,547 - DEBUG - Updating music
2026-08-02 21:43:34,547 - DEBUG - Entered _check_music
2026-08-02 21:43:34,547 - DEBUG - Paused: False, Music Playing: True
2026-08-02 21:43:34,560 - DEBUG - Tick
2026-08-02 21:43:34,561 - DEBUG - Updating ship...
2026-08-02 21:43:34,564 - DEBUG - Updating music
2026-08-02 21:43:34,564 - DEBUG - Entered _check_music
2026-08-02 21:43:34,564 - DEBUG - Paused: False, Music Playing: True
2026-08-02 21:43:34,576 - DEBUG - Tick
2026-08-02 21:43:34,577 - DEBUG - Updating ship...
2026-08-02 21:43:34,580 - DEBUG - Updating music
2026-08-02 21:43:34,580 - DEBUG - Entered _check_music
2026-08-02 21:43:34,580 - DEBUG - Paused: False, Music Playing: True
2026-08-02 21:43:34,593 - DEBUG - Tick
2026-08-02 21:43:34,593 - DEBUG - Updating ship...
2026-08-02 21:43:34,596 - DEBUG - Updating music
2026-08-02 21:43:34,597 - DEBUG - Entered _check_music
2026-08-02 21:43:34,597 - DEBUG - Paused: False, Music Playing: True
2026-08-02 21:43:34,609 - DEBUG - Tick
2026-08-02 21:43:34,609 - DEBUG - Updating ship...
2026-08-02 21:43:34,612 - DEBUG - Updating music
2026-08-02 21:43:34,612 - DEBUG - Entered _check_music
2026-08-02 21:43:34,612 - DEBUG - Paused: False, Music Playing: True
2026-08-02 21:43:34,625 - DEBUG - Tick
2026-08-02 21:43:34,625 - DEBUG - Updating ship...
2026-08-02 21:43:34,628 - DEBUG - Updating music
2026-08-02 21:43:34,628 - DEBUG - Entered _check_music
2026-08-02 21:43:34,628 - DEBUG - Paused: False, Music Playing: True
2026-08-02 21:43:34,640 - DEBUG - Tick
2026-08-02 21:43:34,641 - DEBUG - Updating ship...
2026-08-02 21:43:34,644 - DEBUG - Updating music
2026-08-02 21:43:34,644 - DEBUG - Entered _check_music
2026-08-02 21:43:34,644 - DEBUG - Paused: False, Music Playing: True
2026-08-02 21:43:34,657 - DEBUG - Tick
2026-08-02 21:43:34,658 - DEBUG - Updating ship...
2026-08-02 21:43:34,661 - DEBUG - Updating music
2026-08-02 21:43:34,661 - DEBUG - Entered _check_music
2026-08-02 21:43:34,661 - DEBUG - Paused: False, Music Playing: True
2026-08-02 21:43:34,674 - DEBUG - Tick
2026-08-02 21:43:34,674 - DEBUG - Updating ship...
2026-08-02 21:43:34,677 - DEBUG - Updating music
2026-08-02 21:43:34,677 - DEBUG - Entered _check_music
2026-08-02 21:43:34,677 - DEBUG - Paused: False, Music Playing: True
2026-08-02 21:43:34,690 - DEBUG - Tick
2026-08-02 21:43:34,690 - DEBUG - Updating ship...
2026-08-02 21:43:34,693 - DEBUG - Updating music
2026-08-02 21:43:34,693 - DEBUG - Entered _check_music
2026-08-02 21:43:34,693 - DEBUG - Paused: False, Music Playing: True
2026-08-02 21:43:34,707 - DEBUG - Tick
2026-08-02 21:43:34,707 - DEBUG - Updating ship...
2026-08-02 21:43:34,710 - DEBUG - Updating music
2026-08-02 21:43:34,710 - DEBUG - Entered _check_music
2026-08-02 21:43:34,710 - DEBUG - Paused: False, Music Playing: True
2026-08-02 21:43:34,723 - DEBUG - Tick
2026-08-02 21:43:34,723 - DEBUG - Updating ship...
2026-08-02 21:43:34,726 - DEBUG - Updating music
2026-08-02 21:43:34,726 - DEBUG - Entered _check_music
2026-08-02 21:43:34,726 - DEBUG - Paused: False, Music Playing: True
2026-08-02 21:43:34,738 - DEBUG - Tick
2026-08-02 21:43:34,739 - DEBUG - Updating ship...
2026-08-02 21:43:34,741 - DEBUG - Updating music
2026-08-02 21:43:34,741 - DEBUG - Entered _check_music
2026-08-02 21:43:34,741 - DEBUG - Paused: False, Music Playing: True
2026-08-02 21:43:34,755 - DEBUG - Tick
2026-08-02 21:43:34,755 - DEBUG - Updating ship...
2026-08-02 21:43:34,758 - DEBUG - Updating music
2026-08-02 21:43:34,758 - DEBUG - Entered _check_music
2026-08-02 21:43:34,758 - DEBUG - Paused: False, Music Playing: True
2026-08-02 21:43:34,771 - DEBUG - Tick
2026-08-02 21:43:34,771 - DEBUG - Updating ship...
2026-08-02 21:43:34,774 - DEBUG - Updating music
2026-08-02 21:43:34,774 - DEBUG - Entered _check_music
2026-08-02 21:43:34,774 - DEBUG - Paused: False, Music Playing: True
2026-08-02 21:43:34,787 - DEBUG - Tick
2026-08-02 21:43:34,787 - DEBUG - Updating ship...
2026-08-02 21:43:34,790 - DEBUG - Updating music
2026-08-02 21:43:34,790 - DEBUG - Entered _check_music
2026-08-02 21:43:34,790 - DEBUG - Paused: False, Music Playing: True
2026-08-02 21:43:34,803 - DEBUG - Tick
2026-08-02 21:43:34,804 - DEBUG - Updating ship...
2026-08-02 21:43:34,806 - DEBUG - Updating music
2026-08-02 21:43:34,806 - DEBUG - Entered _check_music
2026-08-02 21:43:34,806 - DEBUG - Paused: False, Music Playing: True
2026-08-02 21:43:34,819 - DEBUG - Tick
2026-08-02 21:43:34,820 - DEBUG - Updating ship...
2026-08-02 21:43:34,822 - DEBUG - Updating music
2026-08-02 21:43:34,822 - DEBUG - Entered _check_music
2026-08-02 21:43:34,822 - DEBUG - Paused: False, Music Playing: True
2026-08-02 21:43:34,836 - DEBUG - Tick
2026-08-02 21:43:34,836 - DEBUG - Updating ship...
2026-08-02 21:43:34,838 - DEBUG - Updating music
2026-08-02 21:43:34,838 - DEBUG - Entered _check_music
2026-08-02 21:43:34,838 - DEBUG - Paused: False, Music Playing: True
2026-08-02 21:43:34,852 - DEBUG - Tick
2026-08-02 21:43:34,852 - DEBUG - Updating ship...
2026-08-02 21:43:34,854 - DEBUG - Updating music
2026-08-02 21:43:34,854 - DEBUG - Entered _check_music
2026-08-02 21:43:34,854 - DEBUG - Paused: False, Music Playing: True
2026-08-02 21:43:34,868 - DEBUG - Tick
2026-08-02 21:43:34,868 - DEBUG - Updating ship...
2026-08-02 21:43:34,870 - DEBUG - Updating music
2026-08-02 21:43:34,870 - DEBUG - Entered _check_music
2026-08-02 21:43:34,870 - DEBUG - Paused: False, Music Playing: True
2026-08-02 21:43:34,883 - DEBUG - Tick
2026-08-02 21:43:34,884 - DEBUG - Updating ship...
2026-08-02 21:43:34,886 - DEBUG - Updating music
2026-08-02 21:43:34,886 - DEBUG - Entered _check_music
2026-08-02 21:43:34,886 - DEBUG - Paused: False, Music Playing: True
2026-08-02 21:43:34,900 - DEBUG - Tick
2026-08-02 21:43:34,900 - DEBUG - Updating ship...
2026-08-02 21:43:34,903 - DEBUG - Updating music
2026-08-02 21:43:34,903 - DEBUG - Entered _check_music
2026-08-02 21:43:34,903 - DEBUG - Paused: False, Music Playing: True
2026-08-02 21:43:34,917 - DEBUG - Tick
2026-08-02 21:43:34,917 - DEBUG - Updating ship...
2026-08-02 21:43:34,920 - DEBUG - Updating music
2026-08-02 21:43:34,920 - DEBUG - Entered _check_music
2026-08-02 21:43:34,920 - DEBUG - Paused: False, Music Playing: True
2026-08-02 21:43:34,933 - DEBUG - Tick
2026-08-02 21:43:34,933 - DEBUG - Updating ship...
2026-08-02 21:43:34,936 - DEBUG - Updating music
2026-08-02 21:43:34,936 - DEBUG - Entered _check_music
2026-08-02 21:43:34,936 - DEBUG - Paused: False, Music Playing: True
2026-08-02 21:43:34,950 - DEBUG - Tick
2026-08-02 21:43:34,950 - DEBUG - Updating ship...
2026-08-02 21:43:34,952 - DEBUG - Updating music
2026-08-02 21:43:34,953 - DEBUG - Entered _check_music
2026-08-02 21:43:34,953 - DEBUG - Paused: False, Music Playing: True
2026-08-02 21:43:34,966 - DEBUG - Tick
2026-08-02 21:43:34,966 - DEBUG - Updating ship...
2026-08-02 21:43:34,969 - DEBUG - Updating music
2026-08-02 21:43:34,969 - DEBUG - Entered _check_music
2026-08-02 21:43:34,969 - DEBUG - Paused: False, Music Playing: True
2026-08-02 21:43:34,982 - DEBUG - Tick
2026-08-02 21:43:34,982 - DEBUG - Updating ship...
2026-08-02 21:43:34,985 - DEBUG - Updating music
2026-08-02 21:43:34,985 - DEBUG - Entered _check_music
2026-08-02 21:43:34,985 - DEBUG - Paused: False, Music Playing: True
2026-08-02 21:43:34,997 - DEBUG - Tick
2026-08-02 21:43:34,997 - DEBUG - Updating ship...
2026-08-02 21:43:35,000 - DEBUG - Updating music
2026-08-02 21:43:35,000 - DEBUG - Entered _check_music
2026-08-02 21:43:35,000 - DEBUG - Paused: False, Music Playing: True
2026-08-02 21:43:35,014 - DEBUG - Tick
2026-08-02 21:43:35,014 - DEBUG - Updating ship...
2026-08-02 21:43:35,017 - DEBUG - Updating music
2026-08-02 21:43:35,017 - DEBUG - Entered _check_music
2026-08-02 21:43:35,017 - DEBUG - Paused: False, Music Playing: True
2026-08-02 21:43:35,031 - DEBUG - Tick
2026-08-02 21:43:35,031 - DEBUG - Updating ship...
2026-08-02 21:43:35,033 - DEBUG - Updating music
2026-08-02 21:43:35,033 - DEBUG - Entered _check_music
2026-08-02 21:43:35,033 - DEBUG - Paused: False, Music Playing: True
2026-08-02 21:43:35,047 - DEBUG - Tick
2026-08-02 21:43:35,047 - DEBUG - Updating ship...
2026-08-02 21:43:35,049 - DEBUG - Updating music
2026-08-02 21:43:35,050 - DEBUG - Entered _check_music
2026-08-02 21:43:35,050 - DEBUG - Paused: False, Music Playing: True
2026-08-02 21:43:35,063 - DEBUG - Tick
2026-08-02 21:43:35,064 - DEBUG - Updating ship...
2026-08-02 21:43:35,066 - DEBUG - Updating music
2026-08-02 21:43:35,067 - DEBUG - Entered _check_music
2026-08-02 21:43:35,067 - DEBUG - Paused: False, Music Playing: True
2026-08-02 21:43:35,079 - DEBUG - Tick
2026-08-02 21:43:35,079 - DEBUG - Updating ship...
2026-08-02 21:43:35,082 - DEBUG - Updating music
2026-08-02 21:43:35,082 - DEBUG - Entered _check_music
2026-08-02 21:43:35,082 - DEBUG - Paused: False, Music Playing: True
2026-08-02 21:43:35,094 - DEBUG - Tick
2026-08-02 21:43:35,094 - DEBUG - Updating ship...
2026-08-02 21:43:35,097 - DEBUG - Updating music
2026-08-02 21:43:35,097 - DEBUG - Entered _check_music
2026-08-02 21:43:35,098 - DEBUG - Paused: False, Music Playing: True
2026-08-02 21:43:35,111 - DEBUG - Tick
2026-08-02 21:43:35,111 - DEBUG - Updating ship...
2026-08-02 21:43:35,114 - DEBUG - Updating music
2026-08-02 21:43:35,114 - DEBUG - Entered _check_music
2026-08-02 21:43:35,114 - DEBUG - Paused: False, Music Playing: True
2026-08-02 21:43:35,127 - DEBUG - Tick
2026-08-02 21:43:35,127 - DEBUG - Updating ship...
2026-08-02 21:43:35,130 - DEBUG - Updating music
2026-08-02 21:43:35,130 - DEBUG - Entered _check_music
2026-08-02 21:43:35,130 - DEBUG - Paused: False, Music Playing: True
2026-08-02 21:43:35,142 - DEBUG - Tick
2026-08-02 21:43:35,143 - DEBUG - Updating ship...
2026-08-02 21:43:35,146 - DEBUG - Updating music
2026-08-02 21:43:35,146 - DEBUG - Entered _check_music
2026-08-02 21:43:35,146 - DEBUG - Paused: False, Music Playing: True
2026-08-02 21:43:35,158 - DEBUG - Tick
2026-08-02 21:43:35,159 - DEBUG - Updating ship...
2026-08-02 21:43:35,162 - DEBUG - Updating music
2026-08-02 21:43:35,162 - DEBUG - Entered _check_music
2026-08-02 21:43:35,162 - DEBUG - Paused: False, Music Playing: True
2026-08-02 21:43:35,175 - DEBUG - Tick
2026-08-02 21:43:35,176 - DEBUG - Updating ship...
2026-08-02 21:43:35,178 - DEBUG - Updating music
2026-08-02 21:43:35,179 - DEBUG - Entered _check_music
2026-08-02 21:43:35,179 - DEBUG - Paused: False, Music Playing: True
2026-08-02 21:43:35,192 - DEBUG - Tick
2026-08-02 21:43:35,193 - DEBUG - Updating ship...
2026-08-02 21:43:35,195 - DEBUG - Updating music
2026-08-02 21:43:35,196 - DEBUG - Entered _check_music
2026-08-02 21:43:35,196 - DEBUG - Paused: False, Music Playing: True
2026-08-02 21:43:35,208 - DEBUG - Tick
2026-08-02 21:43:35,208 - DEBUG - Updating ship...
2026-08-02 21:43:35,211 - DEBUG - Updating music
2026-08-02 21:43:35,211 - DEBUG - Entered _check_music
2026-08-02 21:43:35,211 - DEBUG - Paused: False, Music Playing: True
2026-08-02 21:43:35,224 - DEBUG - Tick
2026-08-02 21:43:35,224 - DEBUG - Updating ship...
2026-08-02 21:43:35,227 - DEBUG - Updating music
2026-08-02 21:43:35,227 - DEBUG - Entered _check_music
2026-08-02 21:43:35,227 - DEBUG - Paused: False, Music Playing: True
2026-08-02 21:43:35,240 - DEBUG - Tick
2026-08-02 21:43:35,240 - DEBUG - Updating ship...
2026-08-02 21:43:35,243 - DEBUG - Updating music
2026-08-02 21:43:35,243 - DEBUG - Entered _check_music
2026-08-02 21:43:35,243 - DEBUG - Paused: False, Music Playing: True
2026-08-02 21:43:35,255 - DEBUG - Tick
2026-08-02 21:43:35,256 - DEBUG - Updating ship...
2026-08-02 21:43:35,258 - DEBUG - Updating music
2026-08-02 21:43:35,259 - DEBUG - Entered _check_music
2026-08-02 21:43:35,259 - DEBUG - Paused: False, Music Playing: True
2026-08-02 21:43:35,272 - DEBUG - Tick
2026-08-02 21:43:35,272 - DEBUG - Updating ship...
2026-08-02 21:43:35,275 - DEBUG - Updating music
2026-08-02 21:43:35,275 - DEBUG - Entered _check_music
2026-08-02 21:43:35,275 - DEBUG - Paused: False, Music Playing: True
2026-08-02 21:43:35,287 - DEBUG - Tick
2026-08-02 21:43:35,288 - DEBUG - Updating ship...
2026-08-02 21:43:35,290 - DEBUG - Updating music
2026-08-02 21:43:35,291 - DEBUG - Entered _check_music
2026-08-02 21:43:35,291 - DEBUG - Paused: False, Music Playing: True
2026-08-02 21:43:35,304 - DEBUG - Tick
2026-08-02 21:43:35,304 - DEBUG - Updating ship...
2026-08-02 21:43:35,307 - DEBUG - Updating music
2026-08-02 21:43:35,307 - DEBUG - Entered _check_music
2026-08-02 21:43:35,307 - DEBUG - Paused: False, Music Playing: True
2026-08-02 21:43:35,320 - DEBUG - Tick
2026-08-02 21:43:35,320 - DEBUG - Updating ship...
2026-08-02 21:43:35,323 - DEBUG - Updating music
2026-08-02 21:43:35,323 - DEBUG - Entered _check_music
2026-08-02 21:43:35,323 - DEBUG - Paused: False, Music Playing: True
2026-08-02 21:43:35,335 - DEBUG - Tick
2026-08-02 21:43:35,336 - DEBUG - Updating ship...
2026-08-02 21:43:35,338 - DEBUG - Updating music
2026-08-02 21:43:35,338 - DEBUG - Entered _check_music
2026-08-02 21:43:35,338 - DEBUG - Paused: False, Music Playing: True
2026-08-02 21:43:35,351 - DEBUG - Tick
2026-08-02 21:43:35,352 - DEBUG - Updating ship...
2026-08-02 21:43:35,354 - DEBUG - Updating music
2026-08-02 21:43:35,355 - DEBUG - Entered _check_music
2026-08-02 21:43:35,355 - DEBUG - Paused: False, Music Playing: True
2026-08-02 21:43:35,368 - DEBUG - Tick
2026-08-02 21:43:35,368 - DEBUG - Updating ship...
2026-08-02 21:43:35,371 - DEBUG - Updating music
2026-08-02 21:43:35,371 - DEBUG - Entered _check_music
2026-08-02 21:43:35,371 - DEBUG - Paused: False, Music Playing: True
2026-08-02 21:43:35,384 - DEBUG - Tick
2026-08-02 21:43:35,384 - DEBUG - Updating ship...
2026-08-02 21:43:35,387 - DEBUG - Updating music
2026-08-02 21:43:35,387 - DEBUG - Entered _check_music
2026-08-02 21:43:35,387 - DEBUG - Paused: False, Music Playing: True
2026-08-02 21:43:35,398 - DEBUG - Tick
2026-08-02 21:43:35,399 - DEBUG - Updating ship...
2026-08-02 21:43:35,401 - DEBUG - Updating music
2026-08-02 21:43:35,401 - DEBUG - Entered _check_music
2026-08-02 21:43:35,401 - DEBUG - Paused: False, Music Playing: True
2026-08-02 21:43:35,415 - DEBUG - Tick
2026-08-02 21:43:35,415 - DEBUG - Updating ship...
2026-08-02 21:43:35,417 - DEBUG - Updating music
2026-08-02 21:43:35,417 - DEBUG - Entered _check_music
2026-08-02 21:43:35,417 - DEBUG - Paused: False, Music Playing: True
2026-08-02 21:43:35,431 - DEBUG - Tick
2026-08-02 21:43:35,431 - DEBUG - Updating ship...
2026-08-02 21:43:35,433 - DEBUG - Updating music
2026-08-02 21:43:35,434 - DEBUG - Entered _check_music
2026-08-02 21:43:35,434 - DEBUG - Paused: False, Music Playing: True
2026-08-02 21:43:35,447 - DEBUG - Tick
2026-08-02 21:43:35,447 - DEBUG - Updating ship...
2026-08-02 21:43:35,450 - DEBUG - Updating music
2026-08-02 21:43:35,450 - DEBUG - Entered _check_music
2026-08-02 21:43:35,450 - DEBUG - Paused: False, Music Playing: True
2026-08-02 21:43:35,462 - DEBUG - Tick
2026-08-02 21:43:35,463 - DEBUG - Updating ship...
2026-08-02 21:43:35,465 - DEBUG - Updating music
2026-08-02 21:43:35,465 - DEBUG - Entered _check_music
2026-08-02 21:43:35,465 - DEBUG - Paused: False, Music Playing: True
2026-08-02 21:43:35,479 - DEBUG - Tick
2026-08-02 21:43:35,479 - DEBUG - Updating ship...
2026-08-02 21:43:35,481 - DEBUG - Updating music
2026-08-02 21:43:35,482 - DEBUG - Entered _check_music
2026-08-02 21:43:35,482 - DEBUG - Paused: False, Music Playing: True
2026-08-02 21:43:35,495 - DEBUG - Tick
2026-08-02 21:43:35,495 - DEBUG - Updating ship...
2026-08-02 21:43:35,498 - DEBUG - Updating music
2026-08-02 21:43:35,498 - DEBUG - Entered _check_music
2026-08-02 21:43:35,498 - DEBUG - Paused: False, Music Playing: True
2026-08-02 21:43:35,511 - DEBUG - Tick
2026-08-02 21:43:35,511 - DEBUG - Updating ship...
2026-08-02 21:43:35,514 - DEBUG - Updating music
2026-08-02 21:43:35,514 - DEBUG - Entered _check_music
2026-08-02 21:43:35,514 - DEBUG - Paused: False, Music Playing: True
2026-08-02 21:43:35,528 - DEBUG - Tick
2026-08-02 21:43:35,528 - DEBUG - Updating ship...
2026-08-02 21:43:35,530 - DEBUG - Updating music
2026-08-02 21:43:35,531 - DEBUG - Entered _check_music
2026-08-02 21:43:35,531 - DEBUG - Paused: False, Music Playing: True
2026-08-02 21:43:35,544 - DEBUG - Tick
2026-08-02 21:43:35,544 - DEBUG - Updating ship...
2026-08-02 21:43:35,547 - DEBUG - Updating music
2026-08-02 21:43:35,547 - DEBUG - Entered _check_music
2026-08-02 21:43:35,547 - DEBUG - Paused: False, Music Playing: True
2026-08-02 21:43:35,559 - DEBUG - Tick
2026-08-02 21:43:35,560 - DEBUG - Updating ship...
2026-08-02 21:43:35,562 - DEBUG - Updating music
2026-08-02 21:43:35,563 - DEBUG - Entered _check_music
2026-08-02 21:43:35,563 - DEBUG - Paused: False, Music Playing: True
2026-08-02 21:43:35,576 - DEBUG - Tick
2026-08-02 21:43:35,576 - DEBUG - Updating ship...
2026-08-02 21:43:35,579 - DEBUG - Updating music
2026-08-02 21:43:35,579 - DEBUG - Entered _check_music
2026-08-02 21:43:35,579 - DEBUG - Paused: False, Music Playing: True
2026-08-02 21:43:35,592 - DEBUG - Tick
2026-08-02 21:43:35,592 - DEBUG - Updating ship...
2026-08-02 21:43:35,595 - DEBUG - Updating music
2026-08-02 21:43:35,595 - DEBUG - Entered _check_music
2026-08-02 21:43:35,595 - DEBUG - Paused: False, Music Playing: True
2026-08-02 21:43:35,609 - DEBUG - Tick
2026-08-02 21:43:35,609 - DEBUG - Updating ship...
2026-08-02 21:43:35,612 - DEBUG - Updating music
2026-08-02 21:43:35,612 - DEBUG - Entered _check_music
2026-08-02 21:43:35,612 - DEBUG - Paused: False, Music Playing: True
2026-08-02 21:43:35,625 - DEBUG - Tick
2026-08-02 21:43:35,625 - DEBUG - Updating ship...
2026-08-02 21:43:35,628 - DEBUG - Updating music
2026-08-02 21:43:35,628 - DEBUG - Entered _check_music
2026-08-02 21:43:35,628 - DEBUG - Paused: False, Music Playing: True
2026-08-02 21:43:35,641 - DEBUG - Tick
2026-08-02 21:43:35,642 - DEBUG - Updating ship...
2026-08-02 21:43:35,644 - DEBUG - Updating music
2026-08-02 21:43:35,645 - DEBUG - Entered _check_music
2026-08-02 21:43:35,645 - DEBUG - Paused: False, Music Playing: True
2026-08-02 21:43:35,658 - DEBUG - Tick
2026-08-02 21:43:35,658 - DEBUG - Updating ship...
2026-08-02 21:43:35,661 - DEBUG - Updating music
2026-08-02 21:43:35,661 - DEBUG - Entered _check_music
2026-08-02 21:43:35,661 - DEBUG - Paused: False, Music Playing: True
2026-08-02 21:43:35,673 - DEBUG - Tick
2026-08-02 21:43:35,674 - DEBUG - Updating ship...
2026-08-02 21:43:35,676 - DEBUG - Updating music
2026-08-02 21:43:35,676 - DEBUG - Entered _check_music
2026-08-02 21:43:35,676 - DEBUG - Paused: False, Music Playing: True
2026-08-02 21:43:35,690 - DEBUG - Tick
2026-08-02 21:43:35,690 - DEBUG - Updating ship...
2026-08-02 21:43:35,693 - DEBUG - Updating music
2026-08-02 21:43:35,693 - DEBUG - Entered _check_music
2026-08-02 21:43:35,693 - DEBUG - Paused: False, Music Playing: True
2026-08-02 21:43:35,706 - DEBUG - Tick
2026-08-02 21:43:35,706 - DEBUG - Updating ship...
2026-08-02 21:43:35,709 - DEBUG - Updating music
2026-08-02 21:43:35,709 - DEBUG - Entered _check_music
2026-08-02 21:43:35,709 - DEBUG - Paused: False, Music Playing: True
2026-08-02 21:43:35,721 - DEBUG - Tick
2026-08-02 21:43:35,722 - DEBUG - Updating ship...
2026-08-02 21:43:35,724 - DEBUG - Updating music
2026-08-02 21:43:35,725 - DEBUG - Entered _check_music
2026-08-02 21:43:35,725 - DEBUG - Paused: False, Music Playing: True
2026-08-02 21:43:35,738 - DEBUG - Tick
2026-08-02 21:43:35,738 - DEBUG - Updating ship...
2026-08-02 21:43:35,741 - DEBUG - Updating music
2026-08-02 21:43:35,741 - DEBUG - Entered _check_music
2026-08-02 21:43:35,741 - DEBUG - Paused: False, Music Playing: True
2026-08-02 21:43:35,753 - DEBUG - Tick
2026-08-02 21:43:35,754 - DEBUG - Updating ship...
2026-08-02 21:43:35,756 - DEBUG - Updating music
2026-08-02 21:43:35,756 - DEBUG - Entered _check_music
2026-08-02 21:43:35,756 - DEBUG - Paused: False, Music Playing: True
2026-08-02 21:43:35,769 - DEBUG - Tick
2026-08-02 21:43:35,770 - DEBUG - Updating ship...
2026-08-02 21:43:35,772 - DEBUG - Updating music
2026-08-02 21:43:35,772 - DEBUG - Entered _check_music
2026-08-02 21:43:35,772 - DEBUG - Paused: False, Music Playing: True
2026-08-02 21:43:35,786 - DEBUG - Tick
2026-08-02 21:43:35,786 - DEBUG - Updating ship...
2026-08-02 21:43:35,788 - DEBUG - Updating music
2026-08-02 21:43:35,788 - DEBUG - Entered _check_music
2026-08-02 21:43:35,788 - DEBUG - Paused: False, Music Playing: True
2026-08-02 21:43:35,802 - DEBUG - Tick
2026-08-02 21:43:35,802 - DEBUG - Updating ship...
2026-08-02 21:43:35,804 - DEBUG - Updating music
2026-08-02 21:43:35,804 - DEBUG - Entered _check_music
2026-08-02 21:43:35,805 - DEBUG - Paused: False, Music Playing: True
2026-08-02 21:43:35,818 - DEBUG - Tick
2026-08-02 21:43:35,818 - DEBUG - Updating ship...
2026-08-02 21:43:35,821 - DEBUG - Updating music
2026-08-02 21:43:35,821 - DEBUG - Entered _check_music
2026-08-02 21:43:35,821 - DEBUG - Paused: False, Music Playing: True
2026-08-02 21:43:35,834 - DEBUG - Tick
2026-08-02 21:43:35,834 - DEBUG - Updating ship...
2026-08-02 21:43:35,837 - DEBUG - Updating music
2026-08-02 21:43:35,837 - DEBUG - Entered _check_music
2026-08-02 21:43:35,837 - DEBUG - Paused: False, Music Playing: True
2026-08-02 21:43:35,850 - DEBUG - Tick
2026-08-02 21:43:35,850 - DEBUG - Updating ship...
2026-08-02 21:43:35,853 - DEBUG - Updating music
2026-08-02 21:43:35,853 - DEBUG - Entered _check_music
2026-08-02 21:43:35,853 - DEBUG - Paused: False, Music Playing: True
2026-08-02 21:43:35,866 - DEBUG - Tick
2026-08-02 21:43:35,867 - DEBUG - Updating ship...
2026-08-02 21:43:35,869 - DEBUG - Updating music
2026-08-02 21:43:35,870 - DEBUG - Entered _check_music
2026-08-02 21:43:35,870 - DEBUG - Paused: False, Music Playing: True
2026-08-02 21:43:35,882 - DEBUG - Tick
2026-08-02 21:43:35,882 - DEBUG - Updating ship...
2026-08-02 21:43:35,884 - DEBUG - Updating music
2026-08-02 21:43:35,885 - DEBUG - Entered _check_music
2026-08-02 21:43:35,885 - DEBUG - Paused: False, Music Playing: True
2026-08-02 21:43:35,898 - DEBUG - Tick
2026-08-02 21:43:35,898 - DEBUG - Updating ship...
2026-08-02 21:43:35,901 - DEBUG - Updating music
2026-08-02 21:43:35,901 - DEBUG - Entered _check_music
2026-08-02 21:43:35,901 - DEBUG - Paused: False, Music Playing: True
2026-08-02 21:43:35,914 - DEBUG - Tick
2026-08-02 21:43:35,914 - DEBUG - Updating ship...
2026-08-02 21:43:35,917 - DEBUG - Updating music
2026-08-02 21:43:35,917 - DEBUG - Entered _check_music
2026-08-02 21:43:35,917 - DEBUG - Paused: False, Music Playing: True
2026-08-02 21:43:35,930 - DEBUG - Tick
2026-08-02 21:43:35,930 - DEBUG - Updating ship...
2026-08-02 21:43:35,933 - DEBUG - Updating music
2026-08-02 21:43:35,933 - DEBUG - Entered _check_music
2026-08-02 21:43:35,933 - DEBUG - Paused: False, Music Playing: True
2026-08-02 21:43:35,946 - DEBUG - Tick
2026-08-02 21:43:35,946 - DEBUG - Updating ship...
2026-08-02 21:43:35,949 - DEBUG - Updating music
2026-08-02 21:43:35,949 - DEBUG - Entered _check_music
2026-08-02 21:43:35,949 - DEBUG - Paused: False, Music Playing: True
2026-08-02 21:43:35,962 - DEBUG - Tick
2026-08-02 21:43:35,963 - DEBUG - Updating ship...
2026-08-02 21:43:35,965 - DEBUG - Updating music
2026-08-02 21:43:35,966 - DEBUG - Entered _check_music
2026-08-02 21:43:35,966 - DEBUG - Paused: False, Music Playing: True
2026-08-02 21:43:35,979 - DEBUG - Tick
2026-08-02 21:43:35,979 - DEBUG - Updating ship...
2026-08-02 21:43:35,982 - DEBUG - Updating music
2026-08-02 21:43:35,982 - DEBUG - Entered _check_music
2026-08-02 21:43:35,982 - DEBUG - Paused: False, Music Playing: True
2026-08-02 21:43:35,994 - DEBUG - Tick
2026-08-02 21:43:35,995 - DEBUG - Updating ship...
2026-08-02 21:43:35,997 - DEBUG - Updating music
2026-08-02 21:43:35,998 - DEBUG - Entered _check_music
2026-08-02 21:43:35,998 - DEBUG - Paused: False, Music Playing: True
2026-08-02 21:43:36,011 - DEBUG - Tick
2026-08-02 21:43:36,011 - DEBUG - Updating ship...
2026-08-02 21:43:36,013 - DEBUG - Updating music
2026-08-02 21:43:36,013 - DEBUG - Entered _check_music
2026-08-02 21:43:36,013 - DEBUG - Paused: False, Music Playing: True
2026-08-02 21:43:36,027 - DEBUG - Tick
2026-08-02 21:43:36,027 - DEBUG - Updating ship...
2026-08-02 21:43:36,028 - DEBUG - Updating music
2026-08-02 21:43:36,028 - DEBUG - Entered _check_music
2026-08-02 21:43:36,028 - DEBUG - Paused: False, Music Playing: True
2026-08-02 21:43:36,042 - DEBUG - Tick
2026-08-02 21:43:36,043 - DEBUG - Updating ship...
2026-08-02 21:43:36,044 - DEBUG - Updating music
2026-08-02 21:43:36,044 - DEBUG - Entered _check_music
2026-08-02 21:43:36,045 - DEBUG - Paused: False, Music Playing: True
2026-08-02 21:43:36,059 - DEBUG - Tick
2026-08-02 21:43:36,059 - DEBUG - Updating ship...
2026-08-02 21:43:36,062 - DEBUG - Updating music
2026-08-02 21:43:36,062 - DEBUG - Entered _check_music
2026-08-02 21:43:36,062 - DEBUG - Paused: False, Music Playing: True
2026-08-02 21:43:36,075 - DEBUG - Tick
2026-08-02 21:43:36,075 - DEBUG - Updating ship...
2026-08-02 21:43:36,078 - DEBUG - Updating music
2026-08-02 21:43:36,078 - DEBUG - Entered _check_music
2026-08-02 21:43:36,078 - DEBUG - Paused: False, Music Playing: True
2026-08-02 21:43:36,090 - DEBUG - Tick
2026-08-02 21:43:36,090 - DEBUG - Updating ship...
2026-08-02 21:43:36,093 - DEBUG - Updating music
2026-08-02 21:43:36,093 - DEBUG - Entered _check_music
2026-08-02 21:43:36,093 - DEBUG - Paused: False, Music Playing: True
2026-08-02 21:43:36,107 - DEBUG - Tick
2026-08-02 21:43:36,107 - DEBUG - Updating ship...
2026-08-02 21:43:36,110 - DEBUG - Updating music
2026-08-02 21:43:36,110 - DEBUG - Entered _check_music
2026-08-02 21:43:36,110 - DEBUG - Paused: False, Music Playing: True
2026-08-02 21:43:36,123 - DEBUG - Tick
2026-08-02 21:43:36,123 - DEBUG - Updating ship...
2026-08-02 21:43:36,126 - DEBUG - Updating music
2026-08-02 21:43:36,126 - DEBUG - Entered _check_music
2026-08-02 21:43:36,126 - DEBUG - Paused: False, Music Playing: True
2026-08-02 21:43:36,138 - DEBUG - Tick
2026-08-02 21:43:36,139 - DEBUG - Updating ship...
2026-08-02 21:43:36,141 - DEBUG - Updating music
2026-08-02 21:43:36,141 - DEBUG - Entered _check_music
2026-08-02 21:43:36,141 - DEBUG - Paused: False, Music Playing: True
2026-08-02 21:43:36,155 - DEBUG - Tick
2026-08-02 21:43:36,155 - DEBUG - Updating ship...
2026-08-02 21:43:36,158 - DEBUG - Updating music
2026-08-02 21:43:36,158 - DEBUG - Entered _check_music
2026-08-02 21:43:36,158 - DEBUG - Paused: False, Music Playing: True
2026-08-02 21:43:36,171 - DEBUG - Tick
2026-08-02 21:43:36,171 - DEBUG - Updating ship...
2026-08-02 21:43:36,174 - DEBUG - Updating music
2026-08-02 21:43:36,174 - DEBUG - Entered _check_music
2026-08-02 21:43:36,174 - DEBUG - Paused: False, Music Playing: True
2026-08-02 21:43:36,186 - DEBUG - Tick
2026-08-02 21:43:36,187 - DEBUG - Updating ship...
2026-08-02 21:43:36,189 - DEBUG - Updating music
2026-08-02 21:43:36,189 - DEBUG - Entered _check_music
2026-08-02 21:43:36,189 - DEBUG - Paused: False, Music Playing: True
2026-08-02 21:43:36,203 - DEBUG - Tick
2026-08-02 21:43:36,203 - DEBUG - Updating ship...
2026-08-02 21:43:36,206 - DEBUG - Updating music
2026-08-02 21:43:36,206 - DEBUG - Entered _check_music
2026-08-02 21:43:36,206 - DEBUG - Paused: False, Music Playing: True
2026-08-02 21:43:36,219 - DEBUG - Tick
2026-08-02 21:43:36,219 - DEBUG - Updating ship...
2026-08-02 21:43:36,221 - DEBUG - Updating music
2026-08-02 21:43:36,221 - DEBUG - Entered _check_music
2026-08-02 21:43:36,221 - DEBUG - Paused: False, Music Playing: True
2026-08-02 21:43:36,235 - DEBUG - Tick
2026-08-02 21:43:36,235 - DEBUG - Updating ship...
2026-08-02 21:43:36,237 - DEBUG - Updating music
2026-08-02 21:43:36,238 - DEBUG - Entered _check_music
2026-08-02 21:43:36,238 - DEBUG - Paused: False, Music Playing: True
2026-08-02 21:43:36,251 - DEBUG - Tick
2026-08-02 21:43:36,251 - DEBUG - Updating ship...
2026-08-02 21:43:36,254 - DEBUG - Updating music
2026-08-02 21:43:36,254 - DEBUG - Entered _check_music
2026-08-02 21:43:36,254 - DEBUG - Paused: False, Music Playing: True
2026-08-02 21:43:36,267 - DEBUG - Tick
2026-08-02 21:43:36,267 - DEBUG - Updating ship...
2026-08-02 21:43:36,270 - DEBUG - Updating music
2026-08-02 21:43:36,270 - DEBUG - Entered _check_music
2026-08-02 21:43:36,270 - DEBUG - Paused: False, Music Playing: True
2026-08-02 21:43:36,282 - DEBUG - Tick
2026-08-02 21:43:36,282 - DEBUG - Updating ship...
2026-08-02 21:43:36,285 - DEBUG - Updating music
2026-08-02 21:43:36,285 - DEBUG - Entered _check_music
2026-08-02 21:43:36,285 - DEBUG - Paused: False, Music Playing: True
2026-08-02 21:43:36,299 - DEBUG - Tick
2026-08-02 21:43:36,299 - DEBUG - Updating ship...
2026-08-02 21:43:36,302 - DEBUG - Updating music
2026-08-02 21:43:36,302 - DEBUG - Entered _check_music
2026-08-02 21:43:36,302 - DEBUG - Paused: False, Music Playing: True
2026-08-02 21:43:36,315 - DEBUG - Tick
2026-08-02 21:43:36,315 - DEBUG - Updating ship...
2026-08-02 21:43:36,318 - DEBUG - Updating music
2026-08-02 21:43:36,318 - DEBUG - Entered _check_music
2026-08-02 21:43:36,318 - DEBUG - Paused: False, Music Playing: True
2026-08-02 21:43:36,331 - DEBUG - Tick
2026-08-02 21:43:36,331 - DEBUG - Updating ship...
2026-08-02 21:43:36,334 - DEBUG - Updating music
2026-08-02 21:43:36,334 - DEBUG - Entered _check_music
2026-08-02 21:43:36,334 - DEBUG - Paused: False, Music Playing: True
2026-08-02 21:43:36,348 - DEBUG - Tick
2026-08-02 21:43:36,348 - DEBUG - Updating ship...
2026-08-02 21:43:36,350 - DEBUG - Updating music
2026-08-02 21:43:36,351 - DEBUG - Entered _check_music
2026-08-02 21:43:36,351 - DEBUG - Paused: False, Music Playing: True
2026-08-02 21:43:36,365 - DEBUG - Tick
2026-08-02 21:43:36,365 - DEBUG - Updating ship...
2026-08-02 21:43:36,368 - DEBUG - Updating music
2026-08-02 21:43:36,368 - DEBUG - Entered _check_music
2026-08-02 21:43:36,368 - DEBUG - Paused: False, Music Playing: True
2026-08-02 21:43:36,381 - DEBUG - Tick
2026-08-02 21:43:36,381 - DEBUG - Updating ship...
2026-08-02 21:43:36,383 - DEBUG - Updating music
2026-08-02 21:43:36,384 - DEBUG - Entered _check_music
2026-08-02 21:43:36,384 - DEBUG - Paused: False, Music Playing: True
2026-08-02 21:43:36,397 - DEBUG - Tick
2026-08-02 21:43:36,398 - DEBUG - Updating ship...
2026-08-02 21:43:36,400 - DEBUG - Updating music
2026-08-02 21:43:36,400 - DEBUG - Entered _check_music
2026-08-02 21:43:36,400 - DEBUG - Paused: False, Music Playing: True
2026-08-02 21:43:36,413 - DEBUG - Tick
2026-08-02 21:43:36,413 - DEBUG - Updating ship...
2026-08-02 21:43:36,416 - DEBUG - Updating music
2026-08-02 21:43:36,416 - DEBUG - Entered _check_music
2026-08-02 21:43:36,416 - DEBUG - Paused: False, Music Playing: True
2026-08-02 21:43:36,429 - DEBUG - Tick
2026-08-02 21:43:36,430 - DEBUG - Updating ship...
2026-08-02 21:43:36,432 - DEBUG - Updating music
2026-08-02 21:43:36,432 - DEBUG - Entered _check_music
2026-08-02 21:43:36,432 - DEBUG - Paused: False, Music Playing: True
2026-08-02 21:43:36,446 - DEBUG - Tick
2026-08-02 21:43:36,446 - DEBUG - Updating ship...
2026-08-02 21:43:36,449 - DEBUG - Updating music
2026-08-02 21:43:36,449 - DEBUG - Entered _check_music
2026-08-02 21:43:36,449 - DEBUG - Paused: False, Music Playing: True
2026-08-02 21:43:36,462 - DEBUG - Tick
2026-08-02 21:43:36,463 - DEBUG - Updating ship...
2026-08-02 21:43:36,465 - DEBUG - Updating music
2026-08-02 21:43:36,465 - DEBUG - Entered _check_music
2026-08-02 21:43:36,466 - DEBUG - Paused: False, Music Playing: True
2026-08-02 21:43:36,479 - DEBUG - Tick
2026-08-02 21:43:36,479 - DEBUG - Updating ship...
2026-08-02 21:43:36,482 - DEBUG - Updating music
2026-08-02 21:43:36,482 - DEBUG - Entered _check_music
2026-08-02 21:43:36,482 - DEBUG - Paused: False, Music Playing: True
2026-08-02 21:43:36,495 - DEBUG - Tick
2026-08-02 21:43:36,496 - DEBUG - Updating ship...
2026-08-02 21:43:36,498 - DEBUG - Updating music
2026-08-02 21:43:36,499 - DEBUG - Entered _check_music
2026-08-02 21:43:36,499 - DEBUG - Paused: False, Music Playing: True
2026-08-02 21:43:36,512 - DEBUG - Tick
2026-08-02 21:43:36,512 - DEBUG - Updating ship...
2026-08-02 21:43:36,515 - DEBUG - Updating music
2026-08-02 21:43:36,515 - DEBUG - Entered _check_music
2026-08-02 21:43:36,515 - DEBUG - Paused: False, Music Playing: True
2026-08-02 21:43:36,527 - DEBUG - Tick
2026-08-02 21:43:36,528 - DEBUG - Updating ship...
2026-08-02 21:43:36,530 - DEBUG - Updating music
2026-08-02 21:43:36,531 - DEBUG - Entered _check_music
2026-08-02 21:43:36,531 - DEBUG - Paused: False, Music Playing: True
2026-08-02 21:43:36,544 - DEBUG - Tick
2026-08-02 21:43:36,544 - DEBUG - Updating ship...
2026-08-02 21:43:36,547 - DEBUG - Updating music
2026-08-02 21:43:36,547 - DEBUG - Entered _check_music
2026-08-02 21:43:36,547 - DEBUG - Paused: False, Music Playing: True
2026-08-02 21:43:36,560 - DEBUG - Tick
2026-08-02 21:43:36,560 - DEBUG - Updating ship...
2026-08-02 21:43:36,563 - DEBUG - Updating music
2026-08-02 21:43:36,563 - DEBUG - Entered _check_music
2026-08-02 21:43:36,563 - DEBUG - Paused: False, Music Playing: True
2026-08-02 21:43:36,576 - DEBUG - Tick
2026-08-02 21:43:36,576 - DEBUG - Updating ship...
2026-08-02 21:43:36,579 - DEBUG - Updating music
2026-08-02 21:43:36,579 - DEBUG - Entered _check_music
2026-08-02 21:43:36,579 - DEBUG - Paused: False, Music Playing: True
2026-08-02 21:43:36,592 - DEBUG - Tick
2026-08-02 21:43:36,592 - DEBUG - Updating ship...
2026-08-02 21:43:36,595 - DEBUG - Updating music
2026-08-02 21:43:36,595 - DEBUG - Entered _check_music
2026-08-02 21:43:36,595 - DEBUG - Paused: False, Music Playing: True
2026-08-02 21:43:36,608 - DEBUG - Tick
2026-08-02 21:43:36,609 - DEBUG - Updating ship...
2026-08-02 21:43:36,611 - DEBUG - Updating music
2026-08-02 21:43:36,612 - DEBUG - Entered _check_music
2026-08-02 21:43:36,612 - DEBUG - Paused: False, Music Playing: True
2026-08-02 21:43:36,625 - DEBUG - Tick
2026-08-02 21:43:36,625 - DEBUG - Updating ship...
2026-08-02 21:43:36,628 - DEBUG - Updating music
2026-08-02 21:43:36,628 - DEBUG - Entered _check_music
2026-08-02 21:43:36,628 - DEBUG - Paused: False, Music Playing: True
2026-08-02 21:43:36,641 - DEBUG - Tick
2026-08-02 21:43:36,641 - DEBUG - Updating ship...
2026-08-02 21:43:36,644 - DEBUG - Updating music
2026-08-02 21:43:36,644 - DEBUG - Entered _check_music
2026-08-02 21:43:36,644 - DEBUG - Paused: False, Music Playing: True
2026-08-02 21:43:36,657 - DEBUG - Tick
2026-08-02 21:43:36,657 - DEBUG - Updating ship...
2026-08-02 21:43:36,660 - DEBUG - Updating music
2026-08-02 21:43:36,660 - DEBUG - Entered _check_music
2026-08-02 21:43:36,660 - DEBUG - Paused: False, Music Playing: True
2026-08-02 21:43:36,673 - DEBUG - Tick
2026-08-02 21:43:36,673 - DEBUG - Updating ship...
2026-08-02 21:43:36,676 - DEBUG - Updating music
2026-08-02 21:43:36,676 - DEBUG - Entered _check_music
2026-08-02 21:43:36,676 - DEBUG - Paused: False, Music Playing: True
2026-08-02 21:43:36,689 - DEBUG - Tick
2026-08-02 21:43:36,689 - DEBUG - Updating ship...
2026-08-02 21:43:36,692 - DEBUG - Updating music
2026-08-02 21:43:36,692 - DEBUG - Entered _check_music
2026-08-02 21:43:36,692 - DEBUG - Paused: False, Music Playing: True
2026-08-02 21:43:36,705 - DEBUG - Tick
2026-08-02 21:43:36,705 - DEBUG - Updating ship...
2026-08-02 21:43:36,708 - DEBUG - Updating music
2026-08-02 21:43:36,708 - DEBUG - Entered _check_music
2026-08-02 21:43:36,708 - DEBUG - Paused: False, Music Playing: True
2026-08-02 21:43:36,720 - DEBUG - Tick
2026-08-02 21:43:36,721 - DEBUG - Updating ship...
2026-08-02 21:43:36,723 - DEBUG - Updating music
2026-08-02 21:43:36,723 - DEBUG - Entered _check_music
2026-08-02 21:43:36,723 - DEBUG - Paused: False, Music Playing: True
2026-08-02 21:43:36,737 - DEBUG - Tick
2026-08-02 21:43:36,737 - DEBUG - Updating ship...
2026-08-02 21:43:36,739 - DEBUG - Updating music
2026-08-02 21:43:36,740 - DEBUG - Entered _check_music
2026-08-02 21:43:36,740 - DEBUG - Paused: False, Music Playing: True
2026-08-02 21:43:36,753 - DEBUG - Tick
2026-08-02 21:43:36,753 - DEBUG - Updating ship...
2026-08-02 21:43:36,756 - DEBUG - Updating music
2026-08-02 21:43:36,756 - DEBUG - Entered _check_music
2026-08-02 21:43:36,756 - DEBUG - Paused: False, Music Playing: True
2026-08-02 21:43:36,768 - DEBUG - Tick
2026-08-02 21:43:36,769 - DEBUG - Updating ship...
2026-08-02 21:43:36,771 - DEBUG - Updating music
2026-08-02 21:43:36,771 - DEBUG - Entered _check_music
2026-08-02 21:43:36,771 - DEBUG - Paused: False, Music Playing: True
2026-08-02 21:43:36,785 - DEBUG - Tick
2026-08-02 21:43:36,785 - DEBUG - Updating ship...
2026-08-02 21:43:36,787 - DEBUG - Updating music
2026-08-02 21:43:36,787 - DEBUG - Entered _check_music
2026-08-02 21:43:36,788 - DEBUG - Paused: False, Music Playing: True
2026-08-02 21:43:36,801 - DEBUG - Tick
2026-08-02 21:43:36,801 - DEBUG - Updating ship...
2026-08-02 21:43:36,803 - DEBUG - Updating music
2026-08-02 21:43:36,804 - DEBUG - Entered _check_music
2026-08-02 21:43:36,804 - DEBUG - Paused: False, Music Playing: True
2026-08-02 21:43:36,817 - DEBUG - Tick
2026-08-02 21:43:36,817 - DEBUG - Updating ship...
2026-08-02 21:43:36,820 - DEBUG - Updating music
2026-08-02 21:43:36,820 - DEBUG - Entered _check_music
2026-08-02 21:43:36,820 - DEBUG - Paused: False, Music Playing: True
2026-08-02 21:43:36,833 - DEBUG - Tick
2026-08-02 21:43:36,834 - DEBUG - Updating ship...
2026-08-02 21:43:36,836 - DEBUG - Updating music
2026-08-02 21:43:36,836 - DEBUG - Entered _check_music
2026-08-02 21:43:36,836 - DEBUG - Paused: False, Music Playing: True
2026-08-02 21:43:36,850 - DEBUG - Tick
2026-08-02 21:43:36,850 - DEBUG - Updating ship...
2026-08-02 21:43:36,852 - DEBUG - Updating music
2026-08-02 21:43:36,853 - DEBUG - Entered _check_music
2026-08-02 21:43:36,853 - DEBUG - Paused: False, Music Playing: True
2026-08-02 21:43:36,866 - DEBUG - Tick
2026-08-02 21:43:36,866 - DEBUG - Updating ship...
2026-08-02 21:43:36,868 - DEBUG - Updating music
2026-08-02 21:43:36,869 - DEBUG - Entered _check_music
2026-08-02 21:43:36,869 - DEBUG - Paused: False, Music Playing: True
2026-08-02 21:43:36,882 - DEBUG - Tick
2026-08-02 21:43:36,882 - DEBUG - Updating ship...
2026-08-02 21:43:36,885 - DEBUG - Updating music
2026-08-02 21:43:36,885 - DEBUG - Entered _check_music
2026-08-02 21:43:36,885 - DEBUG - Paused: False, Music Playing: True
2026-08-02 21:43:36,898 - DEBUG - Tick
2026-08-02 21:43:36,898 - DEBUG - Updating ship...
2026-08-02 21:43:36,901 - DEBUG - Updating music
2026-08-02 21:43:36,901 - DEBUG - Entered _check_music
2026-08-02 21:43:36,901 - DEBUG - Paused: False, Music Playing: True
2026-08-02 21:43:36,914 - DEBUG - Tick
2026-08-02 21:43:36,915 - DEBUG - Updating ship...
2026-08-02 21:43:36,917 - DEBUG - Updating music
2026-08-02 21:43:36,917 - DEBUG - Entered _check_music
2026-08-02 21:43:36,918 - DEBUG - Paused: False, Music Playing: True
2026-08-02 21:43:36,931 - DEBUG - Tick
2026-08-02 21:43:36,931 - DEBUG - Updating ship...
2026-08-02 21:43:36,934 - DEBUG - Updating music
2026-08-02 21:43:36,934 - DEBUG - Entered _check_music
2026-08-02 21:43:36,934 - DEBUG - Paused: False, Music Playing: True
2026-08-02 21:43:36,947 - DEBUG - Tick
2026-08-02 21:43:36,948 - DEBUG - Updating ship...
2026-08-02 21:43:36,950 - DEBUG - Updating music
2026-08-02 21:43:36,950 - DEBUG - Entered _check_music
2026-08-02 21:43:36,950 - DEBUG - Paused: False, Music Playing: True
2026-08-02 21:43:36,964 - DEBUG - Tick
2026-08-02 21:43:36,964 - DEBUG - Updating ship...
2026-08-02 21:43:36,966 - DEBUG - Updating music
2026-08-02 21:43:36,967 - DEBUG - Entered _check_music
2026-08-02 21:43:36,967 - DEBUG - Paused: False, Music Playing: True
2026-08-02 21:43:36,980 - DEBUG - Tick
2026-08-02 21:43:36,980 - DEBUG - Updating ship...
2026-08-02 21:43:36,983 - DEBUG - Updating music
2026-08-02 21:43:36,983 - DEBUG - Entered _check_music
2026-08-02 21:43:36,983 - DEBUG - Paused: False, Music Playing: True
2026-08-02 21:43:36,995 - DEBUG - Tick
2026-08-02 21:43:36,996 - DEBUG - Updating ship...
2026-08-02 21:43:36,998 - DEBUG - Updating music
2026-08-02 21:43:36,998 - DEBUG - Entered _check_music
2026-08-02 21:43:36,999 - DEBUG - Paused: False, Music Playing: True
2026-08-02 21:43:37,012 - DEBUG - Tick
2026-08-02 21:43:37,012 - DEBUG - Updating ship...
2026-08-02 21:43:37,015 - DEBUG - Updating music
2026-08-02 21:43:37,015 - DEBUG - Entered _check_music
2026-08-02 21:43:37,015 - DEBUG - Paused: False, Music Playing: True
2026-08-02 21:43:37,028 - DEBUG - Tick
2026-08-02 21:43:37,029 - DEBUG - Updating ship...
2026-08-02 21:43:37,031 - DEBUG - Updating music
2026-08-02 21:43:37,031 - DEBUG - Entered _check_music
2026-08-02 21:43:37,031 - DEBUG - Paused: False, Music Playing: True
2026-08-02 21:43:37,045 - DEBUG - Tick
2026-08-02 21:43:37,045 - DEBUG - Updating ship...
2026-08-02 21:43:37,048 - DEBUG - Updating music
2026-08-02 21:43:37,048 - DEBUG - Entered _check_music
2026-08-02 21:43:37,048 - DEBUG - Paused: False, Music Playing: True
2026-08-02 21:43:37,061 - DEBUG - Tick
2026-08-02 21:43:37,061 - DEBUG - Updating ship...
2026-08-02 21:43:37,064 - DEBUG - Updating music
2026-08-02 21:43:37,064 - DEBUG - Entered _check_music
2026-08-02 21:43:37,064 - DEBUG - Paused: False, Music Playing: True
2026-08-02 21:43:37,077 - DEBUG - Tick
2026-08-02 21:43:37,078 - DEBUG - Updating ship...
2026-08-02 21:43:37,081 - DEBUG - Updating music
2026-08-02 21:43:37,081 - DEBUG - Entered _check_music
2026-08-02 21:43:37,081 - DEBUG - Paused: False, Music Playing: True
2026-08-02 21:43:37,094 - DEBUG - Tick
2026-08-02 21:43:37,094 - DEBUG - Updating ship...
2026-08-02 21:43:37,097 - DEBUG - Updating music
2026-08-02 21:43:37,097 - DEBUG - Entered _check_music
2026-08-02 21:43:37,097 - DEBUG - Paused: False, Music Playing: True
2026-08-02 21:43:37,110 - DEBUG - Tick
2026-08-02 21:43:37,110 - DEBUG - Updating ship...
2026-08-02 21:43:37,113 - DEBUG - Updating music
2026-08-02 21:43:37,113 - DEBUG - Entered _check_music
2026-08-02 21:43:37,113 - DEBUG - Paused: False, Music Playing: True
2026-08-02 21:43:37,126 - DEBUG - Tick
2026-08-02 21:43:37,127 - DEBUG - Updating ship...
2026-08-02 21:43:37,129 - DEBUG - Updating music
2026-08-02 21:43:37,130 - DEBUG - Entered _check_music
2026-08-02 21:43:37,130 - DEBUG - Paused: False, Music Playing: True
2026-08-02 21:43:37,143 - DEBUG - Tick
2026-08-02 21:43:37,143 - DEBUG - Updating ship...
2026-08-02 21:43:37,146 - DEBUG - Updating music
2026-08-02 21:43:37,146 - DEBUG - Entered _check_music
2026-08-02 21:43:37,146 - DEBUG - Paused: False, Music Playing: True
2026-08-02 21:43:37,159 - DEBUG - Tick
2026-08-02 21:43:37,159 - DEBUG - Updating ship...
2026-08-02 21:43:37,162 - DEBUG - Updating music
2026-08-02 21:43:37,162 - DEBUG - Entered _check_music
2026-08-02 21:43:37,162 - DEBUG - Paused: False, Music Playing: True
2026-08-02 21:43:37,175 - DEBUG - Tick
2026-08-02 21:43:37,175 - DEBUG - Updating ship...
2026-08-02 21:43:37,178 - DEBUG - Updating music
2026-08-02 21:43:37,178 - DEBUG - Entered _check_music
2026-08-02 21:43:37,178 - DEBUG - Paused: False, Music Playing: True
2026-08-02 21:43:37,191 - DEBUG - Tick
2026-08-02 21:43:37,191 - DEBUG - Updating ship...
2026-08-02 21:43:37,194 - DEBUG - Updating music
2026-08-02 21:43:37,194 - DEBUG - Entered _check_music
2026-08-02 21:43:37,194 - DEBUG - Paused: False, Music Playing: True
2026-08-02 21:43:37,207 - DEBUG - Tick
2026-08-02 21:43:37,207 - DEBUG - Updating ship...
2026-08-02 21:43:37,210 - DEBUG - Updating music
2026-08-02 21:43:37,210 - DEBUG - Entered _check_music
2026-08-02 21:43:37,210 - DEBUG - Paused: False, Music Playing: True
2026-08-02 21:43:37,222 - DEBUG - Tick
2026-08-02 21:43:37,223 - DEBUG - Updating ship...
2026-08-02 21:43:37,225 - DEBUG - Updating music
2026-08-02 21:43:37,226 - DEBUG - Entered _check_music
2026-08-02 21:43:37,226 - DEBUG - Paused: False, Music Playing: True
2026-08-02 21:43:37,239 - DEBUG - Tick
2026-08-02 21:43:37,239 - DEBUG - Updating ship...
2026-08-02 21:43:37,242 - DEBUG - Updating music
2026-08-02 21:43:37,242 - DEBUG - Entered _check_music
2026-08-02 21:43:37,242 - DEBUG - Paused: False, Music Playing: True
2026-08-02 21:43:37,255 - DEBUG - Tick
2026-08-02 21:43:37,255 - DEBUG - Updating ship...
2026-08-02 21:43:37,258 - DEBUG - Updating music
2026-08-02 21:43:37,258 - DEBUG - Entered _check_music
2026-08-02 21:43:37,258 - DEBUG - Paused: False, Music Playing: True
2026-08-02 21:43:37,270 - DEBUG - Tick
2026-08-02 21:43:37,271 - DEBUG - Updating ship...
2026-08-02 21:43:37,273 - DEBUG - Updating music
2026-08-02 21:43:37,273 - DEBUG - Entered _check_music
2026-08-02 21:43:37,273 - DEBUG - Paused: False, Music Playing: True
2026-08-02 21:43:37,287 - DEBUG - Tick
2026-08-02 21:43:37,287 - DEBUG - Updating ship...
2026-08-02 21:43:37,289 - DEBUG - Updating music
2026-08-02 21:43:37,289 - DEBUG - Entered _check_music
2026-08-02 21:43:37,289 - DEBUG - Paused: False, Music Playing: True
2026-08-02 21:43:37,302 - DEBUG - Tick
2026-08-02 21:43:37,302 - DEBUG - Updating ship...
2026-08-02 21:43:37,305 - DEBUG - Updating music
2026-08-02 21:43:37,305 - DEBUG - Entered _check_music
2026-08-02 21:43:37,305 - DEBUG - Paused: False, Music Playing: True
2026-08-02 21:43:37,319 - DEBUG - Tick
2026-08-02 21:43:37,319 - DEBUG - Updating ship...
2026-08-02 21:43:37,321 - DEBUG - Updating music
2026-08-02 21:43:37,322 - DEBUG - Entered _check_music
2026-08-02 21:43:37,322 - DEBUG - Paused: False, Music Playing: True
2026-08-02 21:43:37,335 - DEBUG - Tick
2026-08-02 21:43:37,335 - DEBUG - Updating ship...
2026-08-02 21:43:37,338 - DEBUG - Updating music
2026-08-02 21:43:37,338 - DEBUG - Entered _check_music
2026-08-02 21:43:37,338 - DEBUG - Paused: False, Music Playing: True
2026-08-02 21:43:37,351 - DEBUG - Tick
2026-08-02 21:43:37,351 - DEBUG - Updating ship...
2026-08-02 21:43:37,353 - DEBUG - Updating music
2026-08-02 21:43:37,354 - DEBUG - Entered _check_music
2026-08-02 21:43:37,354 - DEBUG - Paused: False, Music Playing: True
2026-08-02 21:43:37,367 - DEBUG - Tick
2026-08-02 21:43:37,367 - DEBUG - Updating ship...
2026-08-02 21:43:37,371 - DEBUG - Updating music
2026-08-02 21:43:37,371 - DEBUG - Entered _check_music
2026-08-02 21:43:37,371 - DEBUG - Paused: False, Music Playing: True
2026-08-02 21:43:37,383 - DEBUG - Tick
2026-08-02 21:43:37,383 - DEBUG - Updating ship...
2026-08-02 21:43:37,386 - DEBUG - Updating music
2026-08-02 21:43:37,386 - DEBUG - Entered _check_music
2026-08-02 21:43:37,386 - DEBUG - Paused: False, Music Playing: True
2026-08-02 21:43:37,399 - DEBUG - Tick
2026-08-02 21:43:37,400 - DEBUG - Updating ship...
2026-08-02 21:43:37,403 - DEBUG - Updating music
2026-08-02 21:43:37,403 - DEBUG - Entered _check_music
2026-08-02 21:43:37,404 - DEBUG - Paused: False, Music Playing: True
2026-08-02 21:43:37,416 - DEBUG - Tick
2026-08-02 21:43:37,416 - DEBUG - Updating ship...
2026-08-02 21:43:37,419 - DEBUG - Updating music
2026-08-02 21:43:37,419 - DEBUG - Entered _check_music
2026-08-02 21:43:37,419 - DEBUG - Paused: False, Music Playing: True
2026-08-02 21:43:37,431 - DEBUG - Tick
2026-08-02 21:43:37,432 - DEBUG - Updating ship...
2026-08-02 21:43:37,434 - DEBUG - Updating music
2026-08-02 21:43:37,434 - DEBUG - Entered _check_music
2026-08-02 21:43:37,434 - DEBUG - Paused: False, Music Playing: True
2026-08-02 21:43:37,448 - DEBUG - Tick
2026-08-02 21:43:37,448 - DEBUG - Updating ship...
2026-08-02 21:43:37,452 - DEBUG - Updating music
2026-08-02 21:43:37,452 - DEBUG - Entered _check_music
2026-08-02 21:43:37,453 - DEBUG - Paused: False, Music Playing: True
2026-08-02 21:43:37,464 - DEBUG - Tick
2026-08-02 21:43:37,464 - DEBUG - Updating ship...
2026-08-02 21:43:37,468 - DEBUG - Updating music
2026-08-02 21:43:37,468 - DEBUG - Entered _check_music
2026-08-02 21:43:37,468 - DEBUG - Paused: False, Music Playing: True
2026-08-02 21:43:37,480 - DEBUG - Tick
2026-08-02 21:43:37,480 - DEBUG - Updating ship...
2026-08-02 21:43:37,483 - DEBUG - Updating music
2026-08-02 21:43:37,483 - DEBUG - Entered _check_music
2026-08-02 21:43:37,483 - DEBUG - Paused: False, Music Playing: True
2026-08-02 21:43:37,496 - DEBUG - Tick
2026-08-02 21:43:37,496 - DEBUG - Updating ship...
2026-08-02 21:43:37,498 - DEBUG - Updating music
2026-08-02 21:43:37,498 - DEBUG - Entered _check_music
2026-08-02 21:43:37,499 - DEBUG - Paused: False, Music Playing: True
2026-08-02 21:43:37,512 - DEBUG - Tick
2026-08-02 21:43:37,512 - DEBUG - Updating ship...
2026-08-02 21:43:37,515 - DEBUG - Updating music
2026-08-02 21:43:37,515 - DEBUG - Entered _check_music
2026-08-02 21:43:37,515 - DEBUG - Paused: False, Music Playing: True
2026-08-02 21:43:37,528 - DEBUG - Tick
2026-08-02 21:43:37,528 - DEBUG - Updating ship...
2026-08-02 21:43:37,531 - DEBUG - Updating music
2026-08-02 21:43:37,531 - DEBUG - Entered _check_music
2026-08-02 21:43:37,531 - DEBUG - Paused: False, Music Playing: True
2026-08-02 21:43:37,543 - DEBUG - Tick
2026-08-02 21:43:37,544 - DEBUG - Updating ship...
2026-08-02 21:43:37,546 - DEBUG - Updating music
2026-08-02 21:43:37,546 - DEBUG - Entered _check_music
2026-08-02 21:43:37,546 - DEBUG - Paused: False, Music Playing: True
2026-08-02 21:43:37,560 - DEBUG - Tick
2026-08-02 21:43:37,560 - DEBUG - Updating ship...
2026-08-02 21:43:37,562 - DEBUG - Updating music
2026-08-02 21:43:37,563 - DEBUG - Entered _check_music
2026-08-02 21:43:37,563 - DEBUG - Paused: False, Music Playing: True
2026-08-02 21:43:37,576 - DEBUG - Tick
2026-08-02 21:43:37,576 - DEBUG - Updating ship...
2026-08-02 21:43:37,579 - DEBUG - Updating music
2026-08-02 21:43:37,579 - DEBUG - Entered _check_music
2026-08-02 21:43:37,579 - DEBUG - Paused: False, Music Playing: True
2026-08-02 21:43:37,592 - DEBUG - Tick
2026-08-02 21:43:37,592 - DEBUG - Updating ship...
2026-08-02 21:43:37,595 - DEBUG - Updating music
2026-08-02 21:43:37,595 - DEBUG - Entered _check_music
2026-08-02 21:43:37,595 - DEBUG - Paused: False, Music Playing: True
2026-08-02 21:43:37,609 - DEBUG - Tick
2026-08-02 21:43:37,609 - DEBUG - Updating ship...
2026-08-02 21:43:37,611 - DEBUG - Updating music
2026-08-02 21:43:37,611 - DEBUG - Entered _check_music
2026-08-02 21:43:37,612 - DEBUG - Paused: False, Music Playing: True
2026-08-02 21:43:37,625 - DEBUG - Tick
2026-08-02 21:43:37,625 - DEBUG - Updating ship...
2026-08-02 21:43:37,628 - DEBUG - Updating music
2026-08-02 21:43:37,628 - DEBUG - Entered _check_music
2026-08-02 21:43:37,628 - DEBUG - Paused: False, Music Playing: True
2026-08-02 21:43:37,641 - DEBUG - Tick
2026-08-02 21:43:37,641 - DEBUG - Updating ship...
2026-08-02 21:43:37,644 - DEBUG - Updating music
2026-08-02 21:43:37,644 - DEBUG - Entered _check_music
2026-08-02 21:43:37,644 - DEBUG - Paused: False, Music Playing: True
2026-08-02 21:43:37,656 - DEBUG - Tick
2026-08-02 21:43:37,657 - DEBUG - Updating ship...
2026-08-02 21:43:37,659 - DEBUG - Updating music
2026-08-02 21:43:37,659 - DEBUG - Entered _check_music
2026-08-02 21:43:37,659 - DEBUG - Paused: False, Music Playing: True
2026-08-02 21:43:37,673 - DEBUG - Tick
2026-08-02 21:43:37,673 - DEBUG - Updating ship...
2026-08-02 21:43:37,675 - DEBUG - Updating music
2026-08-02 21:43:37,675 - DEBUG - Entered _check_music
2026-08-02 21:43:37,676 - DEBUG - Paused: False, Music Playing: True
2026-08-02 21:43:37,689 - DEBUG - Tick
2026-08-02 21:43:37,689 - DEBUG - Updating ship...
2026-08-02 21:43:37,692 - DEBUG - Updating music
2026-08-02 21:43:37,692 - DEBUG - Entered _check_music
2026-08-02 21:43:37,692 - DEBUG - Paused: False, Music Playing: True
2026-08-02 21:43:37,705 - DEBUG - Tick
2026-08-02 21:43:37,705 - DEBUG - Updating ship...
2026-08-02 21:43:37,708 - DEBUG - Updating music
2026-08-02 21:43:37,708 - DEBUG - Entered _check_music
2026-08-02 21:43:37,708 - DEBUG - Paused: False, Music Playing: True
2026-08-02 21:43:37,720 - DEBUG - Tick
2026-08-02 21:43:37,721 - DEBUG - Updating ship...
2026-08-02 21:43:37,723 - DEBUG - Updating music
2026-08-02 21:43:37,723 - DEBUG - Entered _check_music
2026-08-02 21:43:37,723 - DEBUG - Paused: False, Music Playing: True
2026-08-02 21:43:37,737 - DEBUG - Tick
2026-08-02 21:43:37,737 - DEBUG - Updating ship...
2026-08-02 21:43:37,740 - DEBUG - Updating music
2026-08-02 21:43:37,740 - DEBUG - Entered _check_music
2026-08-02 21:43:37,740 - DEBUG - Paused: False, Music Playing: True
2026-08-02 21:43:37,753 - DEBUG - Tick
2026-08-02 21:43:37,754 - DEBUG - Updating ship...
2026-08-02 21:43:37,756 - DEBUG - Updating music
2026-08-02 21:43:37,756 - DEBUG - Entered _check_music
2026-08-02 21:43:37,756 - DEBUG - Paused: False, Music Playing: True
2026-08-02 21:43:37,770 - DEBUG - Tick
2026-08-02 21:43:37,770 - DEBUG - Updating ship...
2026-08-02 21:43:37,772 - DEBUG - Updating music
2026-08-02 21:43:37,772 - DEBUG - Entered _check_music
2026-08-02 21:43:37,772 - DEBUG - Paused: False, Music Playing: True
2026-08-02 21:43:37,786 - DEBUG - Tick
2026-08-02 21:43:37,786 - DEBUG - Updating ship...
2026-08-02 21:43:37,788 - DEBUG - Updating music
2026-08-02 21:43:37,789 - DEBUG - Entered _check_music
2026-08-02 21:43:37,789 - DEBUG - Paused: False, Music Playing: True
2026-08-02 21:43:37,802 - DEBUG - Tick
2026-08-02 21:43:37,802 - DEBUG - Updating ship...
2026-08-02 21:43:37,804 - DEBUG - Updating music
2026-08-02 21:43:37,805 - DEBUG - Entered _check_music
2026-08-02 21:43:37,805 - DEBUG - Paused: False, Music Playing: True
2026-08-02 21:43:37,818 - DEBUG - Tick
2026-08-02 21:43:37,818 - DEBUG - Updating ship...
2026-08-02 21:43:37,820 - DEBUG - Updating music
2026-08-02 21:43:37,821 - DEBUG - Entered _check_music
2026-08-02 21:43:37,821 - DEBUG - Paused: False, Music Playing: True
2026-08-02 21:43:37,834 - DEBUG - Tick
2026-08-02 21:43:37,834 - DEBUG - Updating ship...
2026-08-02 21:43:37,836 - DEBUG - Updating music
2026-08-02 21:43:37,837 - DEBUG - Entered _check_music
2026-08-02 21:43:37,837 - DEBUG - Paused: False, Music Playing: True
2026-08-02 21:43:37,850 - DEBUG - Tick
2026-08-02 21:43:37,851 - DEBUG - Updating ship...
2026-08-02 21:43:37,853 - DEBUG - Updating music
2026-08-02 21:43:37,853 - DEBUG - Entered _check_music
2026-08-02 21:43:37,853 - DEBUG - Paused: False, Music Playing: True
2026-08-02 21:43:37,866 - DEBUG - Tick
2026-08-02 21:43:37,867 - DEBUG - Updating ship...
2026-08-02 21:43:37,869 - DEBUG - Updating music
2026-08-02 21:43:37,869 - DEBUG - Entered _check_music
2026-08-02 21:43:37,869 - DEBUG - Paused: False, Music Playing: True
2026-08-02 21:43:37,883 - DEBUG - Tick
2026-08-02 21:43:37,883 - DEBUG - Updating ship...
2026-08-02 21:43:37,885 - DEBUG - Updating music
2026-08-02 21:43:37,885 - DEBUG - Entered _check_music
2026-08-02 21:43:37,885 - DEBUG - Paused: False, Music Playing: True
2026-08-02 21:43:37,899 - DEBUG - Tick
2026-08-02 21:43:37,899 - DEBUG - Updating ship...
2026-08-02 21:43:37,901 - DEBUG - Updating music
2026-08-02 21:43:37,904 - DEBUG - Entered _check_music
2026-08-02 21:43:37,904 - DEBUG - Paused: False, Music Playing: True
2026-08-02 21:43:37,915 - DEBUG - Tick
2026-08-02 21:43:37,915 - DEBUG - Updating ship...
2026-08-02 21:43:37,917 - DEBUG - Updating music
2026-08-02 21:43:37,917 - DEBUG - Entered _check_music
2026-08-02 21:43:37,917 - DEBUG - Paused: False, Music Playing: True
2026-08-02 21:43:37,931 - DEBUG - Tick
2026-08-02 21:43:37,932 - DEBUG - Updating ship...
2026-08-02 21:43:37,934 - DEBUG - Updating music
2026-08-02 21:43:37,934 - DEBUG - Entered _check_music
2026-08-02 21:43:37,934 - DEBUG - Paused: False, Music Playing: True
2026-08-02 21:43:37,947 - DEBUG - Tick
2026-08-02 21:43:37,948 - DEBUG - Updating ship...
2026-08-02 21:43:37,950 - DEBUG - Updating music
2026-08-02 21:43:37,950 - DEBUG - Entered _check_music
2026-08-02 21:43:37,950 - DEBUG - Paused: False, Music Playing: True
2026-08-02 21:43:37,964 - DEBUG - Tick
2026-08-02 21:43:37,964 - DEBUG - Updating ship...
2026-08-02 21:43:37,966 - DEBUG - Updating music
2026-08-02 21:43:37,966 - DEBUG - Entered _check_music
2026-08-02 21:43:37,966 - DEBUG - Paused: False, Music Playing: True
2026-08-02 21:43:37,980 - DEBUG - Tick
2026-08-02 21:43:37,980 - DEBUG - Updating ship...
2026-08-02 21:43:37,982 - DEBUG - Updating music
2026-08-02 21:43:37,982 - DEBUG - Entered _check_music
2026-08-02 21:43:37,982 - DEBUG - Paused: False, Music Playing: True
2026-08-02 21:43:37,996 - DEBUG - Tick
2026-08-02 21:43:37,996 - DEBUG - Updating ship...
2026-08-02 21:43:37,999 - DEBUG - Updating music
2026-08-02 21:43:37,999 - DEBUG - Entered _check_music
2026-08-02 21:43:37,999 - DEBUG - Paused: False, Music Playing: True
2026-08-02 21:43:38,012 - DEBUG - Tick
2026-08-02 21:43:38,013 - DEBUG - Updating ship...
2026-08-02 21:43:38,015 - DEBUG - Updating music
2026-08-02 21:43:38,015 - DEBUG - Entered _check_music
2026-08-02 21:43:38,015 - DEBUG - Paused: False, Music Playing: True
2026-08-02 21:43:38,029 - DEBUG - Tick
2026-08-02 21:43:38,029 - DEBUG - Updating ship...
2026-08-02 21:43:38,032 - DEBUG - Updating music
2026-08-02 21:43:38,032 - DEBUG - Entered _check_music
2026-08-02 21:43:38,032 - DEBUG - Paused: False, Music Playing: True
2026-08-02 21:43:38,045 - DEBUG - Tick
2026-08-02 21:43:38,045 - DEBUG - Updating ship...
2026-08-02 21:43:38,048 - DEBUG - Updating music
2026-08-02 21:43:38,048 - DEBUG - Entered _check_music
2026-08-02 21:43:38,048 - DEBUG - Paused: False, Music Playing: True
2026-08-02 21:43:38,060 - DEBUG - Tick
2026-08-02 21:43:38,061 - DEBUG - Updating ship...
2026-08-02 21:43:38,063 - DEBUG - Updating music
2026-08-02 21:43:38,063 - DEBUG - Entered _check_music
2026-08-02 21:43:38,063 - DEBUG - Paused: False, Music Playing: True
2026-08-02 21:43:38,077 - DEBUG - Tick
2026-08-02 21:43:38,077 - DEBUG - Updating ship...
2026-08-02 21:43:38,080 - DEBUG - Updating music
2026-08-02 21:43:38,080 - DEBUG - Entered _check_music
2026-08-02 21:43:38,080 - DEBUG - Paused: False, Music Playing: True
2026-08-02 21:43:38,093 - DEBUG - Tick
2026-08-02 21:43:38,093 - DEBUG - Updating ship...
2026-08-02 21:43:38,096 - DEBUG - Updating music
2026-08-02 21:43:38,096 - DEBUG - Entered _check_music
2026-08-02 21:43:38,096 - DEBUG - Paused: False, Music Playing: True
2026-08-02 21:43:38,109 - DEBUG - Tick
2026-08-02 21:43:38,110 - DEBUG - Updating ship...
2026-08-02 21:43:38,112 - DEBUG - Updating music
2026-08-02 21:43:38,113 - DEBUG - Entered _check_music
2026-08-02 21:43:38,113 - DEBUG - Paused: False, Music Playing: True
2026-08-02 21:43:38,126 - DEBUG - Tick
2026-08-02 21:43:38,126 - DEBUG - Updating ship...
2026-08-02 21:43:38,129 - DEBUG - Updating music
2026-08-02 21:43:38,129 - DEBUG - Entered _check_music
2026-08-02 21:43:38,129 - DEBUG - Paused: False, Music Playing: True
2026-08-02 21:43:38,142 - DEBUG - Tick
2026-08-02 21:43:38,142 - DEBUG - Updating ship...
2026-08-02 21:43:38,145 - DEBUG - Updating music
2026-08-02 21:43:38,145 - DEBUG - Entered _check_music
2026-08-02 21:43:38,145 - DEBUG - Paused: False, Music Playing: True
2026-08-02 21:43:38,158 - DEBUG - Tick
2026-08-02 21:43:38,159 - DEBUG - Updating ship...
2026-08-02 21:43:38,162 - DEBUG - Updating music
2026-08-02 21:43:38,162 - DEBUG - Entered _check_music
2026-08-02 21:43:38,162 - DEBUG - Paused: False, Music Playing: True
2026-08-02 21:43:38,175 - DEBUG - Tick
2026-08-02 21:43:38,175 - DEBUG - Updating ship...
2026-08-02 21:43:38,178 - DEBUG - Updating music
2026-08-02 21:43:38,178 - DEBUG - Entered _check_music
2026-08-02 21:43:38,178 - DEBUG - Paused: False, Music Playing: True
2026-08-02 21:43:38,191 - DEBUG - Tick
2026-08-02 21:43:38,191 - DEBUG - Updating ship...
2026-08-02 21:43:38,194 - DEBUG - Updating music
2026-08-02 21:43:38,194 - DEBUG - Entered _check_music
2026-08-02 21:43:38,194 - DEBUG - Paused: False, Music Playing: True
2026-08-02 21:43:38,206 - DEBUG - Tick
2026-08-02 21:43:38,207 - DEBUG - Updating ship...
2026-08-02 21:43:38,210 - DEBUG - Updating music
2026-08-02 21:43:38,210 - DEBUG - Entered _check_music
2026-08-02 21:43:38,210 - DEBUG - Paused: False, Music Playing: True
2026-08-02 21:43:38,223 - DEBUG - Tick
2026-08-02 21:43:38,223 - DEBUG - Updating ship...
2026-08-02 21:43:38,226 - DEBUG - Updating music
2026-08-02 21:43:38,226 - DEBUG - Entered _check_music
2026-08-02 21:43:38,226 - DEBUG - Paused: False, Music Playing: True
2026-08-02 21:43:38,238 - DEBUG - Tick
2026-08-02 21:43:38,239 - DEBUG - Updating ship...
2026-08-02 21:43:38,242 - DEBUG - Updating music
2026-08-02 21:43:38,242 - DEBUG - Entered _check_music
2026-08-02 21:43:38,242 - DEBUG - Paused: False, Music Playing: True
2026-08-02 21:43:38,255 - DEBUG - Tick
2026-08-02 21:43:38,256 - DEBUG - Updating ship...
2026-08-02 21:43:38,259 - DEBUG - Updating music
2026-08-02 21:43:38,259 - DEBUG - Entered _check_music
2026-08-02 21:43:38,259 - DEBUG - Paused: False, Music Playing: True
2026-08-02 21:43:38,272 - DEBUG - Tick
2026-08-02 21:43:38,272 - DEBUG - Updating ship...
2026-08-02 21:43:38,275 - DEBUG - Updating music
2026-08-02 21:43:38,275 - DEBUG - Entered _check_music
2026-08-02 21:43:38,275 - DEBUG - Paused: False, Music Playing: True
2026-08-02 21:43:38,288 - DEBUG - Tick
2026-08-02 21:43:38,288 - DEBUG - Updating ship...
2026-08-02 21:43:38,291 - DEBUG - Updating music
2026-08-02 21:43:38,291 - DEBUG - Entered _check_music
2026-08-02 21:43:38,291 - DEBUG - Paused: False, Music Playing: True
2026-08-02 21:43:38,303 - DEBUG - Tick
2026-08-02 21:43:38,304 - DEBUG - Updating ship...
2026-08-02 21:43:38,306 - DEBUG - Updating music
2026-08-02 21:43:38,307 - DEBUG - Entered _check_music
2026-08-02 21:43:38,307 - DEBUG - Paused: False, Music Playing: True
2026-08-02 21:43:38,320 - DEBUG - Tick
2026-08-02 21:43:38,320 - DEBUG - Updating ship...
2026-08-02 21:43:38,323 - DEBUG - Updating music
2026-08-02 21:43:38,323 - DEBUG - Entered _check_music
2026-08-02 21:43:38,323 - DEBUG - Paused: False, Music Playing: True
2026-08-02 21:43:38,335 - DEBUG - Tick
2026-08-02 21:43:38,336 - DEBUG - Updating ship...
2026-08-02 21:43:38,338 - DEBUG - Updating music
2026-08-02 21:43:38,338 - DEBUG - Entered _check_music
2026-08-02 21:43:38,339 - DEBUG - Paused: False, Music Playing: True
2026-08-02 21:43:38,352 - DEBUG - Tick
2026-08-02 21:43:38,352 - DEBUG - Updating ship...
2026-08-02 21:43:38,355 - DEBUG - Updating music
2026-08-02 21:43:38,355 - DEBUG - Entered _check_music
2026-08-02 21:43:38,355 - DEBUG - Paused: False, Music Playing: True
2026-08-02 21:43:38,368 - DEBUG - Tick
2026-08-02 21:43:38,368 - DEBUG - Updating ship...
2026-08-02 21:43:38,371 - DEBUG - Updating music
2026-08-02 21:43:38,371 - DEBUG - Entered _check_music
2026-08-02 21:43:38,371 - DEBUG - Paused: False, Music Playing: True
2026-08-02 21:43:38,384 - DEBUG - Tick
2026-08-02 21:43:38,385 - DEBUG - Updating ship...
2026-08-02 21:43:38,387 - DEBUG - Updating music
2026-08-02 21:43:38,387 - DEBUG - Entered _check_music
2026-08-02 21:43:38,388 - DEBUG - Paused: False, Music Playing: True
2026-08-02 21:43:38,400 - DEBUG - Tick
2026-08-02 21:43:38,400 - DEBUG - Updating ship...
2026-08-02 21:43:38,403 - DEBUG - Updating music
2026-08-02 21:43:38,403 - DEBUG - Entered _check_music
2026-08-02 21:43:38,403 - DEBUG - Paused: False, Music Playing: True
2026-08-02 21:43:38,416 - DEBUG - Tick
2026-08-02 21:43:38,416 - DEBUG - Updating ship...
2026-08-02 21:43:38,419 - DEBUG - Updating music
2026-08-02 21:43:38,419 - DEBUG - Entered _check_music
2026-08-02 21:43:38,419 - DEBUG - Paused: False, Music Playing: True
2026-08-02 21:43:38,431 - DEBUG - Tick
2026-08-02 21:43:38,432 - DEBUG - Updating ship...
2026-08-02 21:43:38,434 - DEBUG - Updating music
2026-08-02 21:43:38,434 - DEBUG - Entered _check_music
2026-08-02 21:43:38,434 - DEBUG - Paused: False, Music Playing: True
2026-08-02 21:43:38,448 - DEBUG - Tick
2026-08-02 21:43:38,448 - DEBUG - Updating ship...
2026-08-02 21:43:38,450 - DEBUG - Updating music
2026-08-02 21:43:38,451 - DEBUG - Entered _check_music
2026-08-02 21:43:38,451 - DEBUG - Paused: False, Music Playing: True
2026-08-02 21:43:38,464 - DEBUG - Tick
2026-08-02 21:43:38,464 - DEBUG - Updating ship...
2026-08-02 21:43:38,467 - DEBUG - Updating music
2026-08-02 21:43:38,467 - DEBUG - Entered _check_music
2026-08-02 21:43:38,467 - DEBUG - Paused: False, Music Playing: True
2026-08-02 21:43:38,480 - DEBUG - Tick
2026-08-02 21:43:38,480 - DEBUG - Updating ship...
2026-08-02 21:43:38,482 - DEBUG - Updating music
2026-08-02 21:43:38,482 - DEBUG - Entered _check_music
2026-08-02 21:43:38,483 - DEBUG - Paused: False, Music Playing: True
2026-08-02 21:43:38,496 - DEBUG - Tick
2026-08-02 21:43:38,496 - DEBUG - Updating ship...
2026-08-02 21:43:38,499 - DEBUG - Updating music
2026-08-02 21:43:38,499 - DEBUG - Entered _check_music
2026-08-02 21:43:38,499 - DEBUG - Paused: False, Music Playing: True
2026-08-02 21:43:38,512 - DEBUG - Tick
2026-08-02 21:43:38,512 - DEBUG - Updating ship...
2026-08-02 21:43:38,514 - DEBUG - Updating music
2026-08-02 21:43:38,514 - DEBUG - Entered _check_music
2026-08-02 21:43:38,514 - DEBUG - Paused: False, Music Playing: True
2026-08-02 21:43:38,528 - DEBUG - Tick
2026-08-02 21:43:38,528 - DEBUG - Updating ship...
2026-08-02 21:43:38,530 - DEBUG - Updating music
2026-08-02 21:43:38,531 - DEBUG - Entered _check_music
2026-08-02 21:43:38,531 - DEBUG - Paused: False, Music Playing: True
2026-08-02 21:43:38,544 - DEBUG - Tick
2026-08-02 21:43:38,545 - DEBUG - Updating ship...
2026-08-02 21:43:38,547 - DEBUG - Updating music
2026-08-02 21:43:38,547 - DEBUG - Entered _check_music
2026-08-02 21:43:38,547 - DEBUG - Paused: False, Music Playing: True
2026-08-02 21:43:38,560 - DEBUG - Tick
2026-08-02 21:43:38,560 - DEBUG - Updating ship...
2026-08-02 21:43:38,563 - DEBUG - Updating music
2026-08-02 21:43:38,563 - DEBUG - Entered _check_music
2026-08-02 21:43:38,563 - DEBUG - Paused: False, Music Playing: True
2026-08-02 21:43:38,576 - DEBUG - Tick
2026-08-02 21:43:38,577 - DEBUG - Updating ship...
2026-08-02 21:43:38,580 - DEBUG - Updating music
2026-08-02 21:43:38,580 - DEBUG - Entered _check_music
2026-08-02 21:43:38,580 - DEBUG - Paused: False, Music Playing: True
2026-08-02 21:43:38,593 - DEBUG - Tick
2026-08-02 21:43:38,594 - DEBUG - Updating ship...
2026-08-02 21:43:38,596 - DEBUG - Updating music
2026-08-02 21:43:38,596 - DEBUG - Entered _check_music
2026-08-02 21:43:38,597 - DEBUG - Paused: False, Music Playing: True
2026-08-02 21:43:38,609 - DEBUG - Tick
2026-08-02 21:43:38,609 - DEBUG - Updating ship...
2026-08-02 21:43:38,612 - DEBUG - Updating music
2026-08-02 21:43:38,612 - DEBUG - Entered _check_music
2026-08-02 21:43:38,612 - DEBUG - Paused: False, Music Playing: True
2026-08-02 21:43:38,624 - DEBUG - Tick
2026-08-02 21:43:38,625 - DEBUG - Updating ship...
2026-08-02 21:43:38,628 - DEBUG - Updating music
2026-08-02 21:43:38,628 - DEBUG - Entered _check_music
2026-08-02 21:43:38,628 - DEBUG - Paused: False, Music Playing: True
2026-08-02 21:43:38,641 - DEBUG - Tick
2026-08-02 21:43:38,641 - DEBUG - Updating ship...
2026-08-02 21:43:38,645 - DEBUG - Updating music
2026-08-02 21:43:38,645 - DEBUG - Entered _check_music
2026-08-02 21:43:38,645 - DEBUG - Paused: False, Music Playing: True
2026-08-02 21:43:38,657 - DEBUG - Tick
2026-08-02 21:43:38,658 - DEBUG - Updating ship...
2026-08-02 21:43:38,660 - DEBUG - Updating music
2026-08-02 21:43:38,660 - DEBUG - Entered _check_music
2026-08-02 21:43:38,660 - DEBUG - Paused: False, Music Playing: True
2026-08-02 21:43:38,673 - DEBUG - Tick
2026-08-02 21:43:38,673 - DEBUG - Updating ship...
2026-08-02 21:43:38,676 - DEBUG - Updating music
2026-08-02 21:43:38,676 - DEBUG - Entered _check_music
2026-08-02 21:43:38,676 - DEBUG - Paused: False, Music Playing: True
2026-08-02 21:43:38,689 - DEBUG - Tick
2026-08-02 21:43:38,690 - DEBUG - Updating ship...
2026-08-02 21:43:38,693 - DEBUG - Updating music
2026-08-02 21:43:38,693 - DEBUG - Entered _check_music
2026-08-02 21:43:38,693 - DEBUG - Paused: False, Music Playing: True
2026-08-02 21:43:38,706 - DEBUG - Tick
2026-08-02 21:43:38,706 - DEBUG - Updating ship...
2026-08-02 21:43:38,709 - DEBUG - Updating music
2026-08-02 21:43:38,709 - DEBUG - Entered _check_music
2026-08-02 21:43:38,709 - DEBUG - Paused: False, Music Playing: True
2026-08-02 21:43:38,722 - DEBUG - Tick
2026-08-02 21:43:38,722 - DEBUG - Updating ship...
2026-08-02 21:43:38,725 - DEBUG - Updating music
2026-08-02 21:43:38,725 - DEBUG - Entered _check_music
2026-08-02 21:43:38,725 - DEBUG - Paused: False, Music Playing: True
2026-08-02 21:43:38,738 - DEBUG - Tick
2026-08-02 21:43:38,739 - DEBUG - Updating ship...
2026-08-02 21:43:38,741 - DEBUG - Updating music
2026-08-02 21:43:38,741 - DEBUG - Entered _check_music
2026-08-02 21:43:38,742 - DEBUG - Paused: False, Music Playing: True
2026-08-02 21:43:38,755 - DEBUG - Tick
2026-08-02 21:43:38,755 - DEBUG - Updating ship...
2026-08-02 21:43:38,758 - DEBUG - Updating music
2026-08-02 21:43:38,758 - DEBUG - Entered _check_music
2026-08-02 21:43:38,758 - DEBUG - Paused: False, Music Playing: True
2026-08-02 21:43:38,770 - DEBUG - Tick
2026-08-02 21:43:38,771 - DEBUG - Updating ship...
2026-08-02 21:43:38,773 - DEBUG - Updating music
2026-08-02 21:43:38,773 - DEBUG - Entered _check_music
2026-08-02 21:43:38,773 - DEBUG - Paused: False, Music Playing: True
2026-08-02 21:43:38,787 - DEBUG - Tick
2026-08-02 21:43:38,787 - DEBUG - Updating ship...
2026-08-02 21:43:38,789 - DEBUG - Updating music
2026-08-02 21:43:38,789 - DEBUG - Entered _check_music
2026-08-02 21:43:38,790 - DEBUG - Paused: False, Music Playing: True
2026-08-02 21:43:38,803 - DEBUG - Tick
2026-08-02 21:43:38,803 - DEBUG - Updating ship...
2026-08-02 21:43:38,805 - DEBUG - Updating music
2026-08-02 21:43:38,805 - DEBUG - Entered _check_music
2026-08-02 21:43:38,805 - DEBUG - Paused: False, Music Playing: True
2026-08-02 21:43:38,819 - DEBUG - Tick
2026-08-02 21:43:38,819 - DEBUG - Updating ship...
2026-08-02 21:43:38,821 - DEBUG - Updating music
2026-08-02 21:43:38,821 - DEBUG - Entered _check_music
2026-08-02 21:43:38,821 - DEBUG - Paused: False, Music Playing: True
2026-08-02 21:43:38,835 - DEBUG - Tick
2026-08-02 21:43:38,835 - DEBUG - Updating ship...
2026-08-02 21:43:38,837 - DEBUG - Updating music
2026-08-02 21:43:38,838 - DEBUG - Entered _check_music
2026-08-02 21:43:38,838 - DEBUG - Paused: False, Music Playing: True
2026-08-02 21:43:38,852 - DEBUG - Tick
2026-08-02 21:43:38,852 - DEBUG - Updating ship...
2026-08-02 21:43:38,854 - DEBUG - Updating music
2026-08-02 21:43:38,854 - DEBUG - Entered _check_music
2026-08-02 21:43:38,854 - DEBUG - Paused: False, Music Playing: True
2026-08-02 21:43:38,867 - DEBUG - Tick
2026-08-02 21:43:38,868 - DEBUG - Updating ship...
2026-08-02 21:43:38,870 - DEBUG - Updating music
2026-08-02 21:43:38,870 - DEBUG - Entered _check_music
2026-08-02 21:43:38,870 - DEBUG - Paused: False, Music Playing: True
2026-08-02 21:43:38,884 - DEBUG - Tick
2026-08-02 21:43:38,884 - DEBUG - Updating ship...
2026-08-02 21:43:38,886 - DEBUG - Updating music
2026-08-02 21:43:38,886 - DEBUG - Entered _check_music
2026-08-02 21:43:38,886 - DEBUG - Paused: False, Music Playing: True
2026-08-02 21:43:38,900 - DEBUG - Tick
2026-08-02 21:43:38,900 - DEBUG - Updating ship...
2026-08-02 21:43:38,902 - DEBUG - Updating music
2026-08-02 21:43:38,902 - DEBUG - Entered _check_music
2026-08-02 21:43:38,902 - DEBUG - Paused: False, Music Playing: True
2026-08-02 21:43:38,915 - DEBUG - Tick
2026-08-02 21:43:38,916 - DEBUG - Updating ship...
2026-08-02 21:43:38,918 - DEBUG - Updating music
2026-08-02 21:43:38,918 - DEBUG - Entered _check_music
2026-08-02 21:43:38,918 - DEBUG - Paused: False, Music Playing: True
2026-08-02 21:43:38,932 - DEBUG - Tick
2026-08-02 21:43:38,932 - DEBUG - Updating ship...
2026-08-02 21:43:38,934 - DEBUG - Updating music
2026-08-02 21:43:38,934 - DEBUG - Entered _check_music
2026-08-02 21:43:38,934 - DEBUG - Paused: False, Music Playing: True
2026-08-02 21:43:38,947 - DEBUG - Tick
2026-08-02 21:43:38,948 - DEBUG - Updating ship...
2026-08-02 21:43:38,950 - DEBUG - Updating music
2026-08-02 21:43:38,950 - DEBUG - Entered _check_music
2026-08-02 21:43:38,950 - DEBUG - Paused: False, Music Playing: True
2026-08-02 21:43:38,963 - DEBUG - Tick
2026-08-02 21:43:38,963 - DEBUG - Updating ship...
2026-08-02 21:43:38,966 - DEBUG - Updating music
2026-08-02 21:43:38,966 - DEBUG - Entered _check_music
2026-08-02 21:43:38,966 - DEBUG - Paused: False, Music Playing: True
2026-08-02 21:43:38,980 - DEBUG - Tick
2026-08-02 21:43:38,980 - DEBUG - Updating ship...
2026-08-02 21:43:38,983 - DEBUG - Updating music
2026-08-02 21:43:38,983 - DEBUG - Entered _check_music
2026-08-02 21:43:38,983 - DEBUG - Paused: False, Music Playing: True
2026-08-02 21:43:38,996 - DEBUG - Tick
2026-08-02 21:43:38,996 - DEBUG - Updating ship...
2026-08-02 21:43:38,999 - DEBUG - Updating music
2026-08-02 21:43:38,999 - DEBUG - Entered _check_music
2026-08-02 21:43:38,999 - DEBUG - Paused: False, Music Playing: True
2026-08-02 21:43:39,013 - DEBUG - Tick
2026-08-02 21:43:39,014 - DEBUG - Updating ship...
2026-08-02 21:43:39,016 - DEBUG - Updating music
2026-08-02 21:43:39,016 - DEBUG - Entered _check_music
2026-08-02 21:43:39,016 - DEBUG - Paused: False, Music Playing: True
2026-08-02 21:43:39,030 - DEBUG - Tick
2026-08-02 21:43:39,030 - DEBUG - Updating ship...
2026-08-02 21:43:39,033 - DEBUG - Updating music
2026-08-02 21:43:39,033 - DEBUG - Entered _check_music
2026-08-02 21:43:39,033 - DEBUG - Paused: False, Music Playing: True
2026-08-02 21:43:39,046 - DEBUG - Tick
2026-08-02 21:43:39,046 - DEBUG - Updating ship...
2026-08-02 21:43:39,049 - DEBUG - Updating music
2026-08-02 21:43:39,049 - DEBUG - Entered _check_music
2026-08-02 21:43:39,049 - DEBUG - Paused: False, Music Playing: True
2026-08-02 21:43:39,061 - DEBUG - Tick
2026-08-02 21:43:39,062 - DEBUG - Updating ship...
2026-08-02 21:43:39,064 - DEBUG - Updating music
2026-08-02 21:43:39,065 - DEBUG - Entered _check_music
2026-08-02 21:43:39,065 - DEBUG - Paused: False, Music Playing: True
2026-08-02 21:43:39,078 - DEBUG - Tick
2026-08-02 21:43:39,079 - DEBUG - Updating ship...
2026-08-02 21:43:39,081 - DEBUG - Updating music
2026-08-02 21:43:39,081 - DEBUG - Entered _check_music
2026-08-02 21:43:39,082 - DEBUG - Paused: False, Music Playing: True
2026-08-02 21:43:39,094 - DEBUG - Tick
2026-08-02 21:43:39,094 - DEBUG - Updating ship...
2026-08-02 21:43:39,097 - DEBUG - Updating music
2026-08-02 21:43:39,097 - DEBUG - Entered _check_music
2026-08-02 21:43:39,097 - DEBUG - Paused: False, Music Playing: True
2026-08-02 21:43:39,110 - DEBUG - Tick
2026-08-02 21:43:39,110 - DEBUG - Updating ship...
2026-08-02 21:43:39,113 - DEBUG - Updating music
2026-08-02 21:43:39,113 - DEBUG - Entered _check_music
2026-08-02 21:43:39,113 - DEBUG - Paused: False, Music Playing: True
2026-08-02 21:43:39,126 - DEBUG - Tick
2026-08-02 21:43:39,127 - DEBUG - Updating ship...
2026-08-02 21:43:39,129 - DEBUG - Updating music
2026-08-02 21:43:39,130 - DEBUG - Entered _check_music
2026-08-02 21:43:39,130 - DEBUG - Paused: False, Music Playing: True
2026-08-02 21:43:39,143 - DEBUG - Tick
2026-08-02 21:43:39,143 - DEBUG - Updating ship...
2026-08-02 21:43:39,146 - DEBUG - Updating music
2026-08-02 21:43:39,146 - DEBUG - Entered _check_music
2026-08-02 21:43:39,146 - DEBUG - Paused: False, Music Playing: True
2026-08-02 21:43:39,158 - DEBUG - Tick
2026-08-02 21:43:39,159 - DEBUG - Updating ship...
2026-08-02 21:43:39,162 - DEBUG - Updating music
2026-08-02 21:43:39,162 - DEBUG - Entered _check_music
2026-08-02 21:43:39,162 - DEBUG - Paused: False, Music Playing: True
2026-08-02 21:43:39,175 - DEBUG - Tick
2026-08-02 21:43:39,175 - DEBUG - Updating ship...
2026-08-02 21:43:39,178 - DEBUG - Updating music
2026-08-02 21:43:39,178 - DEBUG - Entered _check_music
2026-08-02 21:43:39,178 - DEBUG - Paused: False, Music Playing: True
2026-08-02 21:43:39,191 - DEBUG - Tick
2026-08-02 21:43:39,191 - DEBUG - Updating ship...
2026-08-02 21:43:39,194 - DEBUG - Updating music
2026-08-02 21:43:39,194 - DEBUG - Entered _check_music
2026-08-02 21:43:39,194 - DEBUG - Paused: False, Music Playing: True
2026-08-02 21:43:39,207 - DEBUG - Tick
2026-08-02 21:43:39,208 - DEBUG - Updating ship...
2026-08-02 21:43:39,211 - DEBUG - Updating music
2026-08-02 21:43:39,211 - DEBUG - Entered _check_music
2026-08-02 21:43:39,211 - DEBUG - Paused: False, Music Playing: True
2026-08-02 21:43:39,224 - DEBUG - Tick
2026-08-02 21:43:39,224 - DEBUG - Updating ship...
2026-08-02 21:43:39,227 - DEBUG - Updating music
2026-08-02 21:43:39,227 - DEBUG - Entered _check_music
2026-08-02 21:43:39,227 - DEBUG - Paused: False, Music Playing: True
2026-08-02 21:43:39,240 - DEBUG - Tick
2026-08-02 21:43:39,241 - DEBUG - Updating ship...
2026-08-02 21:43:39,243 - DEBUG - Updating music
2026-08-02 21:43:39,243 - DEBUG - Entered _check_music
2026-08-02 21:43:39,243 - DEBUG - Paused: False, Music Playing: True
2026-08-02 21:43:39,257 - DEBUG - Tick
2026-08-02 21:43:39,257 - DEBUG - Updating ship...
2026-08-02 21:43:39,260 - DEBUG - Updating music
2026-08-02 21:43:39,260 - DEBUG - Entered _check_music
2026-08-02 21:43:39,260 - DEBUG - Paused: False, Music Playing: True
2026-08-02 21:43:39,273 - DEBUG - Tick
2026-08-02 21:43:39,273 - DEBUG - Updating ship...
2026-08-02 21:43:39,276 - DEBUG - Updating music
2026-08-02 21:43:39,276 - DEBUG - Entered _check_music
2026-08-02 21:43:39,276 - DEBUG - Paused: False, Music Playing: True
2026-08-02 21:43:39,288 - DEBUG - Tick
2026-08-02 21:43:39,288 - DEBUG - Updating ship...
2026-08-02 21:43:39,291 - DEBUG - Updating music
2026-08-02 21:43:39,291 - DEBUG - Entered _check_music
2026-08-02 21:43:39,291 - DEBUG - Paused: False, Music Playing: True
2026-08-02 21:43:39,304 - DEBUG - Tick
2026-08-02 21:43:39,305 - DEBUG - Updating ship...
2026-08-02 21:43:39,307 - DEBUG - Updating music
2026-08-02 21:43:39,307 - DEBUG - Entered _check_music
2026-08-02 21:43:39,307 - DEBUG - Paused: False, Music Playing: True
2026-08-02 21:43:39,321 - DEBUG - Tick
2026-08-02 21:43:39,321 - DEBUG - Updating ship...
2026-08-02 21:43:39,323 - DEBUG - Updating music
2026-08-02 21:43:39,323 - DEBUG - Entered _check_music
2026-08-02 21:43:39,323 - DEBUG - Paused: False, Music Playing: True
2026-08-02 21:43:39,337 - DEBUG - Tick
2026-08-02 21:43:39,337 - DEBUG - Updating ship...
2026-08-02 21:43:39,339 - DEBUG - Updating music
2026-08-02 21:43:39,339 - DEBUG - Entered _check_music
2026-08-02 21:43:39,339 - DEBUG - Paused: False, Music Playing: True
2026-08-02 21:43:39,353 - DEBUG - Tick
2026-08-02 21:43:39,353 - DEBUG - Updating ship...
2026-08-02 21:43:39,355 - DEBUG - Updating music
2026-08-02 21:43:39,356 - DEBUG - Entered _check_music
2026-08-02 21:43:39,356 - DEBUG - Paused: False, Music Playing: True
2026-08-02 21:43:39,369 - DEBUG - Tick
2026-08-02 21:43:39,369 - DEBUG - Updating ship...
2026-08-02 21:43:39,371 - DEBUG - Updating music
2026-08-02 21:43:39,371 - DEBUG - Entered _check_music
2026-08-02 21:43:39,371 - DEBUG - Paused: False, Music Playing: True
2026-08-02 21:43:39,384 - DEBUG - Tick
2026-08-02 21:43:39,385 - DEBUG - Updating ship...
2026-08-02 21:43:39,387 - DEBUG - Updating music
2026-08-02 21:43:39,387 - DEBUG - Entered _check_music
2026-08-02 21:43:39,387 - DEBUG - Paused: False, Music Playing: True
2026-08-02 21:43:39,399 - DEBUG - Tick
2026-08-02 21:43:39,399 - DEBUG - Updating ship...
2026-08-02 21:43:39,402 - DEBUG - Updating music
2026-08-02 21:43:39,402 - DEBUG - Entered _check_music
2026-08-02 21:43:39,402 - DEBUG - Paused: False, Music Playing: True
2026-08-02 21:43:39,415 - DEBUG - Tick
2026-08-02 21:43:39,416 - DEBUG - Updating ship...
2026-08-02 21:43:39,418 - DEBUG - Updating music
2026-08-02 21:43:39,418 - DEBUG - Entered _check_music
2026-08-02 21:43:39,418 - DEBUG - Paused: False, Music Playing: True
2026-08-02 21:43:39,431 - DEBUG - Tick
2026-08-02 21:43:39,432 - DEBUG - Updating ship...
2026-08-02 21:43:39,434 - DEBUG - Updating music
2026-08-02 21:43:39,434 - DEBUG - Entered _check_music
2026-08-02 21:43:39,434 - DEBUG - Paused: False, Music Playing: True
2026-08-02 21:43:39,448 - DEBUG - Tick
2026-08-02 21:43:39,448 - DEBUG - Updating ship...
2026-08-02 21:43:39,451 - DEBUG - Updating music
2026-08-02 21:43:39,451 - DEBUG - Entered _check_music
2026-08-02 21:43:39,451 - DEBUG - Paused: False, Music Playing: True
2026-08-02 21:43:39,465 - DEBUG - Tick
2026-08-02 21:43:39,465 - DEBUG - Updating ship...
2026-08-02 21:43:39,467 - DEBUG - Updating music
2026-08-02 21:43:39,468 - DEBUG - Entered _check_music
2026-08-02 21:43:39,468 - DEBUG - Paused: False, Music Playing: True
2026-08-02 21:43:39,481 - DEBUG - Tick
2026-08-02 21:43:39,481 - DEBUG - Updating ship...
2026-08-02 21:43:39,484 - DEBUG - Updating music
2026-08-02 21:43:39,484 - DEBUG - Entered _check_music
2026-08-02 21:43:39,484 - DEBUG - Paused: False, Music Playing: True
2026-08-02 21:43:39,497 - DEBUG - Tick
2026-08-02 21:43:39,497 - DEBUG - Updating ship...
2026-08-02 21:43:39,500 - DEBUG - Updating music
2026-08-02 21:43:39,500 - DEBUG - Entered _check_music
2026-08-02 21:43:39,500 - DEBUG - Paused: False, Music Playing: True
2026-08-02 21:43:39,513 - DEBUG - Tick
2026-08-02 21:43:39,513 - DEBUG - Updating ship...
2026-08-02 21:43:39,516 - DEBUG - Updating music
2026-08-02 21:43:39,516 - DEBUG - Entered _check_music
2026-08-02 21:43:39,516 - DEBUG - Paused: False, Music Playing: True
2026-08-02 21:43:39,529 - DEBUG - Tick
2026-08-02 21:43:39,529 - DEBUG - Updating ship...
2026-08-02 21:43:39,532 - DEBUG - Updating music
2026-08-02 21:43:39,532 - DEBUG - Entered _check_music
2026-08-02 21:43:39,532 - DEBUG - Paused: False, Music Playing: True
2026-08-02 21:43:39,545 - DEBUG - Tick
2026-08-02 21:43:39,545 - DEBUG - Updating ship...
2026-08-02 21:43:39,548 - DEBUG - Updating music
2026-08-02 21:43:39,548 - DEBUG - Entered _check_music
2026-08-02 21:43:39,548 - DEBUG - Paused: False, Music Playing: True
2026-08-02 21:43:39,561 - DEBUG - Tick
2026-08-02 21:43:39,561 - DEBUG - Updating ship...
2026-08-02 21:43:39,564 - DEBUG - Updating music
2026-08-02 21:43:39,564 - DEBUG - Entered _check_music
2026-08-02 21:43:39,564 - DEBUG - Paused: False, Music Playing: True
2026-08-02 21:43:39,577 - DEBUG - Tick
2026-08-02 21:43:39,578 - DEBUG - Updating ship...
2026-08-02 21:43:39,580 - DEBUG - Updating music
2026-08-02 21:43:39,580 - DEBUG - Entered _check_music
2026-08-02 21:43:39,580 - DEBUG - Paused: False, Music Playing: True
2026-08-02 21:43:39,593 - DEBUG - Tick
2026-08-02 21:43:39,594 - DEBUG - Updating ship...
2026-08-02 21:43:39,595 - DEBUG - Updating music
2026-08-02 21:43:39,595 - DEBUG - Entered _check_music
2026-08-02 21:43:39,595 - DEBUG - Paused: False, Music Playing: True
2026-08-02 21:43:39,609 - DEBUG - Tick
2026-08-02 21:43:39,609 - DEBUG - Updating ship...
2026-08-02 21:43:39,611 - DEBUG - Updating music
2026-08-02 21:43:39,611 - DEBUG - Entered _check_music
2026-08-02 21:43:39,611 - DEBUG - Paused: False, Music Playing: True
2026-08-02 21:43:39,626 - DEBUG - Tick
2026-08-02 21:43:39,626 - DEBUG - Updating ship...
2026-08-02 21:43:39,627 - DEBUG - Updating music
2026-08-02 21:43:39,627 - DEBUG - Entered _check_music
2026-08-02 21:43:39,627 - DEBUG - Paused: False, Music Playing: True
2026-08-02 21:43:39,641 - DEBUG - Tick
2026-08-02 21:43:39,642 - DEBUG - Updating ship...
2026-08-02 21:43:39,643 - DEBUG - Updating music
2026-08-02 21:43:39,643 - DEBUG - Entered _check_music
2026-08-02 21:43:39,643 - DEBUG - Paused: False, Music Playing: True
2026-08-02 21:43:39,658 - DEBUG - Tick
2026-08-02 21:43:39,658 - DEBUG - Updating ship...
2026-08-02 21:43:39,659 - DEBUG - Updating music
2026-08-02 21:43:39,659 - DEBUG - Entered _check_music
2026-08-02 21:43:39,659 - DEBUG - Paused: False, Music Playing: True
2026-08-02 21:43:39,673 - DEBUG - Tick
2026-08-02 21:43:39,673 - DEBUG - Updating ship...
2026-08-02 21:43:39,674 - DEBUG - Updating music
2026-08-02 21:43:39,674 - DEBUG - Entered _check_music
2026-08-02 21:43:39,674 - DEBUG - Paused: False, Music Playing: True
2026-08-02 21:43:39,689 - DEBUG - Tick
2026-08-02 21:43:39,689 - DEBUG - Updating ship...
2026-08-02 21:43:39,690 - DEBUG - Updating music
2026-08-02 21:43:39,690 - DEBUG - Entered _check_music
2026-08-02 21:43:39,690 - DEBUG - Paused: False, Music Playing: True
2026-08-02 21:43:39,705 - DEBUG - Tick
2026-08-02 21:43:39,706 - DEBUG - Updating ship...
2026-08-02 21:43:39,707 - DEBUG - Updating music
2026-08-02 21:43:39,707 - DEBUG - Entered _check_music
2026-08-02 21:43:39,707 - DEBUG - Paused: False, Music Playing: True
2026-08-02 21:43:39,722 - DEBUG - Tick
2026-08-02 21:43:39,722 - DEBUG - Updating ship...
2026-08-02 21:43:39,725 - DEBUG - Updating music
2026-08-02 21:43:39,725 - DEBUG - Entered _check_music
2026-08-02 21:43:39,725 - DEBUG - Paused: False, Music Playing: True
2026-08-02 21:43:39,738 - DEBUG - Tick
2026-08-02 21:43:39,738 - DEBUG - Updating ship...
2026-08-02 21:43:39,741 - DEBUG - Updating music
2026-08-02 21:43:39,741 - DEBUG - Entered _check_music
2026-08-02 21:43:39,741 - DEBUG - Paused: False, Music Playing: True
2026-08-02 21:43:39,754 - DEBUG - Tick
2026-08-02 21:43:39,754 - DEBUG - Updating ship...
2026-08-02 21:43:39,756 - DEBUG - Updating music
2026-08-02 21:43:39,757 - DEBUG - Entered _check_music
2026-08-02 21:43:39,757 - DEBUG - Paused: False, Music Playing: True
2026-08-02 21:43:39,770 - DEBUG - Tick
2026-08-02 21:43:39,770 - DEBUG - Updating ship...
2026-08-02 21:43:39,772 - DEBUG - Updating music
2026-08-02 21:43:39,772 - DEBUG - Entered _check_music
2026-08-02 21:43:39,772 - DEBUG - Paused: False, Music Playing: True
2026-08-02 21:43:39,785 - DEBUG - Tick
2026-08-02 21:43:39,785 - DEBUG - Updating ship...
2026-08-02 21:43:39,787 - DEBUG - Updating music
2026-08-02 21:43:39,787 - DEBUG - Entered _check_music
2026-08-02 21:43:39,787 - DEBUG - Paused: False, Music Playing: True
2026-08-02 21:43:39,802 - DEBUG - Tick
2026-08-02 21:43:39,802 - DEBUG - Updating ship...
2026-08-02 21:43:39,803 - DEBUG - Updating music
2026-08-02 21:43:39,804 - DEBUG - Entered _check_music
2026-08-02 21:43:39,804 - DEBUG - Paused: False, Music Playing: True
2026-08-02 21:43:39,818 - DEBUG - Tick
2026-08-02 21:43:39,818 - DEBUG - Updating ship...
2026-08-02 21:43:39,820 - DEBUG - Updating music
2026-08-02 21:43:39,820 - DEBUG - Entered _check_music
2026-08-02 21:43:39,820 - DEBUG - Paused: False, Music Playing: True
2026-08-02 21:43:39,834 - DEBUG - Tick
2026-08-02 21:43:39,834 - DEBUG - Updating ship...
2026-08-02 21:43:39,836 - DEBUG - Updating music
2026-08-02 21:43:39,836 - DEBUG - Entered _check_music
2026-08-02 21:43:39,836 - DEBUG - Paused: False, Music Playing: True
2026-08-02 21:43:39,849 - DEBUG - Tick
2026-08-02 21:43:39,849 - DEBUG - Updating ship...
2026-08-02 21:43:39,851 - DEBUG - Updating music
2026-08-02 21:43:39,851 - DEBUG - Entered _check_music
2026-08-02 21:43:39,851 - DEBUG - Paused: False, Music Playing: True
2026-08-02 21:43:39,866 - DEBUG - Tick
2026-08-02 21:43:39,866 - DEBUG - Updating ship...
2026-08-02 21:43:39,868 - DEBUG - Updating music
2026-08-02 21:43:39,868 - DEBUG - Entered _check_music
2026-08-02 21:43:39,868 - DEBUG - Paused: False, Music Playing: True
2026-08-02 21:43:39,882 - DEBUG - Tick
2026-08-02 21:43:39,882 - DEBUG - Updating ship...
2026-08-02 21:43:39,884 - DEBUG - Updating music
2026-08-02 21:43:39,884 - DEBUG - Entered _check_music
2026-08-02 21:43:39,884 - DEBUG - Paused: False, Music Playing: True
2026-08-02 21:43:39,898 - DEBUG - Tick
2026-08-02 21:43:39,898 - DEBUG - Updating ship...
2026-08-02 21:43:39,900 - DEBUG - Updating music
2026-08-02 21:43:39,900 - DEBUG - Entered _check_music
2026-08-02 21:43:39,900 - DEBUG - Paused: False, Music Playing: True
2026-08-02 21:43:39,914 - DEBUG - Tick
2026-08-02 21:43:39,914 - DEBUG - Updating ship...
2026-08-02 21:43:39,916 - DEBUG - Updating music
2026-08-02 21:43:39,916 - DEBUG - Entered _check_music
2026-08-02 21:43:39,916 - DEBUG - Paused: False, Music Playing: True
2026-08-02 21:43:39,929 - DEBUG - Tick
2026-08-02 21:43:39,929 - DEBUG - Updating ship...
2026-08-02 21:43:39,931 - DEBUG - Updating music
2026-08-02 21:43:39,932 - DEBUG - Entered _check_music
2026-08-02 21:43:39,932 - DEBUG - Paused: False, Music Playing: True
2026-08-02 21:43:39,946 - DEBUG - Tick
2026-08-02 21:43:39,946 - DEBUG - Updating ship...
2026-08-02 21:43:39,948 - DEBUG - Updating music
2026-08-02 21:43:39,948 - DEBUG - Entered _check_music
2026-08-02 21:43:39,948 - DEBUG - Paused: False, Music Playing: True
2026-08-02 21:43:39,962 - DEBUG - Tick
2026-08-02 21:43:39,962 - DEBUG - Updating ship...
2026-08-02 21:43:39,964 - DEBUG - Updating music
2026-08-02 21:43:39,964 - DEBUG - Entered _check_music
2026-08-02 21:43:39,964 - DEBUG - Paused: False, Music Playing: True
2026-08-02 21:43:39,978 - DEBUG - Tick
2026-08-02 21:43:39,978 - DEBUG - Updating ship...
2026-08-02 21:43:39,980 - DEBUG - Updating music
2026-08-02 21:43:39,980 - DEBUG - Entered _check_music
2026-08-02 21:43:39,980 - DEBUG - Paused: False, Music Playing: True
2026-08-02 21:43:39,993 - DEBUG - Tick
2026-08-02 21:43:39,994 - DEBUG - Updating ship...
2026-08-02 21:43:39,996 - DEBUG - Updating music
2026-08-02 21:43:39,996 - DEBUG - Entered _check_music
2026-08-02 21:43:39,996 - DEBUG - Paused: False, Music Playing: True
2026-08-02 21:43:40,009 - DEBUG - Tick
2026-08-02 21:43:40,010 - DEBUG - Updating ship...
2026-08-02 21:43:40,012 - DEBUG - Updating music
2026-08-02 21:43:40,012 - DEBUG - Entered _check_music
2026-08-02 21:43:40,012 - DEBUG - Paused: False, Music Playing: True
2026-08-02 21:43:40,026 - DEBUG - Tick
2026-08-02 21:43:40,026 - DEBUG - Updating ship...
2026-08-02 21:43:40,029 - DEBUG - Updating music
2026-08-02 21:43:40,029 - DEBUG - Entered _check_music
2026-08-02 21:43:40,029 - DEBUG - Paused: False, Music Playing: True
2026-08-02 21:43:40,043 - DEBUG - Tick
2026-08-02 21:43:40,043 - DEBUG - Updating ship...
2026-08-02 21:43:40,045 - DEBUG - Updating music
2026-08-02 21:43:40,046 - DEBUG - Entered _check_music
2026-08-02 21:43:40,046 - DEBUG - Paused: False, Music Playing: True
2026-08-02 21:43:40,059 - DEBUG - Tick
2026-08-02 21:43:40,059 - DEBUG - Updating ship...
2026-08-02 21:43:40,061 - DEBUG - Updating music
2026-08-02 21:43:40,061 - DEBUG - Entered _check_music
2026-08-02 21:43:40,061 - DEBUG - Paused: False, Music Playing: True
2026-08-02 21:43:40,074 - DEBUG - Tick
2026-08-02 21:43:40,074 - DEBUG - Updating ship...
2026-08-02 21:43:40,077 - DEBUG - Updating music
2026-08-02 21:43:40,077 - DEBUG - Entered _check_music
2026-08-02 21:43:40,077 - DEBUG - Paused: False, Music Playing: True
2026-08-02 21:43:40,090 - DEBUG - Tick
2026-08-02 21:43:40,091 - DEBUG - Updating ship...
2026-08-02 21:43:40,093 - DEBUG - Updating music
2026-08-02 21:43:40,093 - DEBUG - Entered _check_music
2026-08-02 21:43:40,093 - DEBUG - Paused: False, Music Playing: True
2026-08-02 21:43:40,106 - DEBUG - Tick
2026-08-02 21:43:40,107 - DEBUG - Updating ship...
2026-08-02 21:43:40,109 - DEBUG - Updating music
2026-08-02 21:43:40,109 - DEBUG - Entered _check_music
2026-08-02 21:43:40,109 - DEBUG - Paused: False, Music Playing: True
2026-08-02 21:43:40,123 - DEBUG - Tick
2026-08-02 21:43:40,123 - DEBUG - Updating ship...
2026-08-02 21:43:40,125 - DEBUG - Updating music
2026-08-02 21:43:40,125 - DEBUG - Entered _check_music
2026-08-02 21:43:40,125 - DEBUG - Paused: False, Music Playing: True
2026-08-02 21:43:40,139 - DEBUG - Tick
2026-08-02 21:43:40,139 - DEBUG - Updating ship...
2026-08-02 21:43:40,141 - DEBUG - Updating music
2026-08-02 21:43:40,141 - DEBUG - Entered _check_music
2026-08-02 21:43:40,141 - DEBUG - Paused: False, Music Playing: True
2026-08-02 21:43:40,154 - DEBUG - Tick
2026-08-02 21:43:40,155 - DEBUG - Updating ship...
2026-08-02 21:43:40,157 - DEBUG - Updating music
2026-08-02 21:43:40,157 - DEBUG - Entered _check_music
2026-08-02 21:43:40,157 - DEBUG - Paused: False, Music Playing: True
2026-08-02 21:43:40,170 - DEBUG - Tick
2026-08-02 21:43:40,170 - DEBUG - Updating ship...
2026-08-02 21:43:40,172 - DEBUG - Updating music
2026-08-02 21:43:40,173 - DEBUG - Entered _check_music
2026-08-02 21:43:40,173 - DEBUG - Paused: False, Music Playing: True
2026-08-02 21:43:40,187 - DEBUG - Tick
2026-08-02 21:43:40,187 - DEBUG - Updating ship...
2026-08-02 21:43:40,190 - DEBUG - Updating music
2026-08-02 21:43:40,190 - DEBUG - Entered _check_music
2026-08-02 21:43:40,190 - DEBUG - Paused: False, Music Playing: True
2026-08-02 21:43:40,203 - DEBUG - Tick
2026-08-02 21:43:40,203 - DEBUG - Updating ship...
2026-08-02 21:43:40,206 - DEBUG - Updating music
2026-08-02 21:43:40,206 - DEBUG - Entered _check_music
2026-08-02 21:43:40,206 - DEBUG - Paused: False, Music Playing: True
2026-08-02 21:43:40,220 - DEBUG - Tick
2026-08-02 21:43:40,220 - DEBUG - Updating ship...
2026-08-02 21:43:40,222 - DEBUG - Updating music
2026-08-02 21:43:40,222 - DEBUG - Entered _check_music
2026-08-02 21:43:40,222 - DEBUG - Paused: False, Music Playing: True
2026-08-02 21:43:40,235 - DEBUG - Tick
2026-08-02 21:43:40,235 - DEBUG - Updating ship...
2026-08-02 21:43:40,237 - DEBUG - Updating music
2026-08-02 21:43:40,237 - DEBUG - Entered _check_music
2026-08-02 21:43:40,237 - DEBUG - Paused: False, Music Playing: True
2026-08-02 21:43:40,252 - DEBUG - Tick
2026-08-02 21:43:40,252 - DEBUG - Updating ship...
2026-08-02 21:43:40,254 - DEBUG - Updating music
2026-08-02 21:43:40,254 - DEBUG - Entered _check_music
2026-08-02 21:43:40,254 - DEBUG - Paused: False, Music Playing: True
2026-08-02 21:43:40,268 - DEBUG - Tick
2026-08-02 21:43:40,269 - DEBUG - Updating ship...
2026-08-02 21:43:40,271 - DEBUG - Updating music
2026-08-02 21:43:40,271 - DEBUG - Entered _check_music
2026-08-02 21:43:40,271 - DEBUG - Paused: False, Music Playing: True
2026-08-02 21:43:40,285 - DEBUG - Tick
2026-08-02 21:43:40,285 - DEBUG - Updating ship...
2026-08-02 21:43:40,288 - DEBUG - Updating music
2026-08-02 21:43:40,288 - DEBUG - Entered _check_music
2026-08-02 21:43:40,288 - DEBUG - Paused: False, Music Playing: True
2026-08-02 21:43:40,302 - DEBUG - Tick
2026-08-02 21:43:40,303 - DEBUG - Updating ship...
2026-08-02 21:43:40,305 - DEBUG - Updating music
2026-08-02 21:43:40,305 - DEBUG - Entered _check_music
2026-08-02 21:43:40,305 - DEBUG - Paused: False, Music Playing: True
2026-08-02 21:43:40,319 - DEBUG - Tick
2026-08-02 21:43:40,319 - DEBUG - Updating ship...
2026-08-02 21:43:40,322 - DEBUG - Updating music
2026-08-02 21:43:40,322 - DEBUG - Entered _check_music
2026-08-02 21:43:40,322 - DEBUG - Paused: False, Music Playing: True
2026-08-02 21:43:40,336 - DEBUG - Tick
2026-08-02 21:43:40,336 - DEBUG - Updating ship...
2026-08-02 21:43:40,339 - DEBUG - Updating music
2026-08-02 21:43:40,339 - DEBUG - Entered _check_music
2026-08-02 21:43:40,339 - DEBUG - Paused: False, Music Playing: True
2026-08-02 21:43:40,353 - DEBUG - Tick
2026-08-02 21:43:40,354 - DEBUG - Updating ship...
2026-08-02 21:43:40,356 - DEBUG - Updating music
2026-08-02 21:43:40,356 - DEBUG - Entered _check_music
2026-08-02 21:43:40,356 - DEBUG - Paused: False, Music Playing: True
2026-08-02 21:43:40,369 - DEBUG - Tick
2026-08-02 21:43:40,370 - DEBUG - Updating ship...
2026-08-02 21:43:40,372 - DEBUG - Updating music
2026-08-02 21:43:40,372 - DEBUG - Entered _check_music
2026-08-02 21:43:40,372 - DEBUG - Paused: False, Music Playing: True
2026-08-02 21:43:40,386 - DEBUG - Tick
2026-08-02 21:43:40,386 - DEBUG - Updating ship...
2026-08-02 21:43:40,388 - DEBUG - Updating music
2026-08-02 21:43:40,388 - DEBUG - Entered _check_music
2026-08-02 21:43:40,388 - DEBUG - Paused: False, Music Playing: True
2026-08-02 21:43:40,401 - DEBUG - Tick
2026-08-02 21:43:40,401 - DEBUG - Updating ship...
2026-08-02 21:43:40,403 - DEBUG - Updating music
2026-08-02 21:43:40,403 - DEBUG - Entered _check_music
2026-08-02 21:43:40,403 - DEBUG - Paused: False, Music Playing: True
2026-08-02 21:43:40,417 - DEBUG - Tick
2026-08-02 21:43:40,417 - DEBUG - Updating ship...
2026-08-02 21:43:40,419 - DEBUG - Updating music
2026-08-02 21:43:40,419 - DEBUG - Entered _check_music
2026-08-02 21:43:40,419 - DEBUG - Paused: False, Music Playing: True
2026-08-02 21:43:40,433 - DEBUG - Tick
2026-08-02 21:43:40,433 - DEBUG - Updating ship...
2026-08-02 21:43:40,435 - DEBUG - Updating music
2026-08-02 21:43:40,435 - DEBUG - Entered _check_music
2026-08-02 21:43:40,435 - DEBUG - Paused: False, Music Playing: True
2026-08-02 21:43:40,449 - DEBUG - Tick
2026-08-02 21:43:40,449 - DEBUG - Updating ship...
2026-08-02 21:43:40,451 - DEBUG - Updating music
2026-08-02 21:43:40,451 - DEBUG - Entered _check_music
2026-08-02 21:43:40,452 - DEBUG - Paused: False, Music Playing: True
2026-08-02 21:43:40,465 - DEBUG - Tick
2026-08-02 21:43:40,465 - DEBUG - Updating ship...
2026-08-02 21:43:40,467 - DEBUG - Updating music
2026-08-02 21:43:40,468 - DEBUG - Entered _check_music
2026-08-02 21:43:40,468 - DEBUG - Paused: False, Music Playing: True
2026-08-02 21:43:40,481 - DEBUG - Tick
2026-08-02 21:43:40,481 - DEBUG - Updating ship...
2026-08-02 21:43:40,483 - DEBUG - Updating music
2026-08-02 21:43:40,484 - DEBUG - Entered _check_music
2026-08-02 21:43:40,484 - DEBUG - Paused: False, Music Playing: True
2026-08-02 21:43:40,497 - DEBUG - Tick
2026-08-02 21:43:40,497 - DEBUG - Updating ship...
2026-08-02 21:43:40,499 - DEBUG - Updating music
2026-08-02 21:43:40,499 - DEBUG - Entered _check_music
2026-08-02 21:43:40,500 - DEBUG - Paused: False, Music Playing: True
2026-08-02 21:43:40,513 - DEBUG - Tick
2026-08-02 21:43:40,513 - DEBUG - Updating ship...
2026-08-02 21:43:40,515 - DEBUG - Updating music
2026-08-02 21:43:40,515 - DEBUG - Entered _check_music
2026-08-02 21:43:40,515 - DEBUG - Paused: False, Music Playing: True
2026-08-02 21:43:40,529 - DEBUG - Tick
2026-08-02 21:43:40,529 - DEBUG - Updating ship...
2026-08-02 21:43:40,532 - DEBUG - Updating music
2026-08-02 21:43:40,532 - DEBUG - Entered _check_music
2026-08-02 21:43:40,532 - DEBUG - Paused: False, Music Playing: True
2026-08-02 21:43:40,545 - DEBUG - Tick
2026-08-02 21:43:40,545 - DEBUG - Updating ship...
2026-08-02 21:43:40,548 - DEBUG - Updating music
2026-08-02 21:43:40,548 - DEBUG - Entered _check_music
2026-08-02 21:43:40,548 - DEBUG - Paused: False, Music Playing: True
2026-08-02 21:43:40,560 - DEBUG - Tick
2026-08-02 21:43:40,561 - DEBUG - Updating ship...
2026-08-02 21:43:40,563 - DEBUG - Updating music
2026-08-02 21:43:40,563 - DEBUG - Entered _check_music
2026-08-02 21:43:40,564 - DEBUG - Paused: False, Music Playing: True
2026-08-02 21:43:40,577 - DEBUG - Tick
2026-08-02 21:43:40,577 - DEBUG - Updating ship...
2026-08-02 21:43:40,580 - DEBUG - Updating music
2026-08-02 21:43:40,580 - DEBUG - Entered _check_music
2026-08-02 21:43:40,580 - DEBUG - Paused: False, Music Playing: True
2026-08-02 21:43:40,593 - DEBUG - Tick
2026-08-02 21:43:40,594 - DEBUG - Updating ship...
2026-08-02 21:43:40,596 - DEBUG - Updating music
2026-08-02 21:43:40,596 - DEBUG - Entered _check_music
2026-08-02 21:43:40,596 - DEBUG - Paused: False, Music Playing: True
2026-08-02 21:43:40,609 - DEBUG - Tick
2026-08-02 21:43:40,610 - DEBUG - Updating ship...
2026-08-02 21:43:40,612 - DEBUG - Updating music
2026-08-02 21:43:40,613 - DEBUG - Entered _check_music
2026-08-02 21:43:40,613 - DEBUG - Paused: False, Music Playing: True
2026-08-02 21:43:40,626 - DEBUG - Tick
2026-08-02 21:43:40,626 - DEBUG - Updating ship...
2026-08-02 21:43:40,629 - DEBUG - Updating music
2026-08-02 21:43:40,629 - DEBUG - Entered _check_music
2026-08-02 21:43:40,629 - DEBUG - Paused: False, Music Playing: True
2026-08-02 21:43:40,642 - DEBUG - Tick
2026-08-02 21:43:40,642 - DEBUG - Updating ship...
2026-08-02 21:43:40,645 - DEBUG - Updating music
2026-08-02 21:43:40,645 - DEBUG - Entered _check_music
2026-08-02 21:43:40,645 - DEBUG - Paused: False, Music Playing: True
2026-08-02 21:43:40,657 - DEBUG - Tick
2026-08-02 21:43:40,658 - DEBUG - Updating ship...
2026-08-02 21:43:40,660 - DEBUG - Updating music
2026-08-02 21:43:40,660 - DEBUG - Entered _check_music
2026-08-02 21:43:40,660 - DEBUG - Paused: False, Music Playing: True
2026-08-02 21:43:40,674 - DEBUG - Tick
2026-08-02 21:43:40,674 - DEBUG - Updating ship...
2026-08-02 21:43:40,676 - DEBUG - Updating music
2026-08-02 21:43:40,676 - DEBUG - Entered _check_music
2026-08-02 21:43:40,677 - DEBUG - Paused: False, Music Playing: True
2026-08-02 21:43:40,690 - DEBUG - Tick
2026-08-02 21:43:40,690 - DEBUG - Updating ship...
2026-08-02 21:43:40,692 - DEBUG - Updating music
2026-08-02 21:43:40,692 - DEBUG - Entered _check_music
2026-08-02 21:43:40,692 - DEBUG - Paused: False, Music Playing: True
2026-08-02 21:43:40,706 - DEBUG - Tick
2026-08-02 21:43:40,706 - DEBUG - Updating ship...
2026-08-02 21:43:40,709 - DEBUG - Updating music
2026-08-02 21:43:40,709 - DEBUG - Entered _check_music
2026-08-02 21:43:40,709 - DEBUG - Paused: False, Music Playing: True
2026-08-02 21:43:40,722 - DEBUG - Tick
2026-08-02 21:43:40,723 - DEBUG - Updating ship...
2026-08-02 21:43:40,725 - DEBUG - Updating music
2026-08-02 21:43:40,725 - DEBUG - Entered _check_music
2026-08-02 21:43:40,725 - DEBUG - Paused: False, Music Playing: True
2026-08-02 21:43:40,737 - DEBUG - Tick
2026-08-02 21:43:40,738 - DEBUG - Updating ship...
2026-08-02 21:43:40,740 - DEBUG - Updating music
2026-08-02 21:43:40,740 - DEBUG - Entered _check_music
2026-08-02 21:43:40,740 - DEBUG - Paused: False, Music Playing: True
2026-08-02 21:43:40,753 - DEBUG - Tick
2026-08-02 21:43:40,754 - DEBUG - Updating ship...
2026-08-02 21:43:40,756 - DEBUG - Updating music
2026-08-02 21:43:40,756 - DEBUG - Entered _check_music
2026-08-02 21:43:40,756 - DEBUG - Paused: False, Music Playing: True
2026-08-02 21:43:40,770 - DEBUG - Tick
2026-08-02 21:43:40,771 - DEBUG - Updating ship...
2026-08-02 21:43:40,774 - DEBUG - Updating music
2026-08-02 21:43:40,774 - DEBUG - Entered _check_music
2026-08-02 21:43:40,774 - DEBUG - Paused: False, Music Playing: True
2026-08-02 21:43:40,787 - DEBUG - Tick
2026-08-02 21:43:40,787 - DEBUG - Updating ship...
2026-08-02 21:43:40,790 - DEBUG - Updating music
2026-08-02 21:43:40,790 - DEBUG - Entered _check_music
2026-08-02 21:43:40,790 - DEBUG - Paused: False, Music Playing: True
2026-08-02 21:43:40,803 - DEBUG - Tick
2026-08-02 21:43:40,804 - DEBUG - Updating ship...
2026-08-02 21:43:40,806 - DEBUG - Updating music
2026-08-02 21:43:40,806 - DEBUG - Entered _check_music
2026-08-02 21:43:40,806 - DEBUG - Paused: False, Music Playing: True
2026-08-02 21:43:40,819 - DEBUG - Tick
2026-08-02 21:43:40,820 - DEBUG - Updating ship...
2026-08-02 21:43:40,821 - DEBUG - Updating music
2026-08-02 21:43:40,821 - DEBUG - Entered _check_music
2026-08-02 21:43:40,821 - DEBUG - Paused: False, Music Playing: True
2026-08-02 21:43:40,835 - DEBUG - Tick
2026-08-02 21:43:40,836 - DEBUG - Updating ship...
2026-08-02 21:43:40,837 - DEBUG - Updating music
2026-08-02 21:43:40,838 - DEBUG - Entered _check_music
2026-08-02 21:43:40,838 - DEBUG - Paused: False, Music Playing: True
2026-08-02 21:43:40,852 - DEBUG - Tick
2026-08-02 21:43:40,852 - DEBUG - Updating ship...
2026-08-02 21:43:40,854 - DEBUG - Updating music
2026-08-02 21:43:40,854 - DEBUG - Entered _check_music
2026-08-02 21:43:40,854 - DEBUG - Paused: False, Music Playing: True
2026-08-02 21:43:40,867 - DEBUG - Tick
2026-08-02 21:43:40,868 - DEBUG - Updating ship...
2026-08-02 21:43:40,870 - DEBUG - Updating music
2026-08-02 21:43:40,870 - DEBUG - Entered _check_music
2026-08-02 21:43:40,870 - DEBUG - Paused: False, Music Playing: True
2026-08-02 21:43:40,884 - DEBUG - Tick
2026-08-02 21:43:40,885 - DEBUG - Updating ship...
2026-08-02 21:43:40,887 - DEBUG - Updating music
2026-08-02 21:43:40,887 - DEBUG - Entered _check_music
2026-08-02 21:43:40,887 - DEBUG - Paused: False, Music Playing: True
2026-08-02 21:43:40,901 - DEBUG - Tick
2026-08-02 21:43:40,902 - DEBUG - Updating ship...
2026-08-02 21:43:40,904 - DEBUG - Updating music
2026-08-02 21:43:40,904 - DEBUG - Entered _check_music
2026-08-02 21:43:40,904 - DEBUG - Paused: False, Music Playing: True
2026-08-02 21:43:40,918 - DEBUG - Tick
2026-08-02 21:43:40,918 - DEBUG - Updating ship...
2026-08-02 21:43:40,920 - DEBUG - Updating music
2026-08-02 21:43:40,920 - DEBUG - Entered _check_music
2026-08-02 21:43:40,920 - DEBUG - Paused: False, Music Playing: True
2026-08-02 21:43:40,933 - DEBUG - Tick
2026-08-02 21:43:40,934 - DEBUG - Updating ship...
2026-08-02 21:43:40,936 - DEBUG - Updating music
2026-08-02 21:43:40,936 - DEBUG - Entered _check_music
2026-08-02 21:43:40,936 - DEBUG - Paused: False, Music Playing: True
2026-08-02 21:43:40,950 - DEBUG - Tick
2026-08-02 21:43:40,951 - DEBUG - Updating ship...
2026-08-02 21:43:40,953 - DEBUG - Updating music
2026-08-02 21:43:40,953 - DEBUG - Entered _check_music
2026-08-02 21:43:40,953 - DEBUG - Paused: False, Music Playing: True
2026-08-02 21:43:40,967 - DEBUG - Tick
2026-08-02 21:43:40,968 - DEBUG - Updating ship...
2026-08-02 21:43:40,970 - DEBUG - Updating music
2026-08-02 21:43:40,970 - DEBUG - Entered _check_music
2026-08-02 21:43:40,970 - DEBUG - Paused: False, Music Playing: True
2026-08-02 21:43:40,984 - DEBUG - Tick
2026-08-02 21:43:40,984 - DEBUG - Updating ship...
2026-08-02 21:43:40,986 - DEBUG - Updating music
2026-08-02 21:43:40,986 - DEBUG - Entered _check_music
2026-08-02 21:43:40,986 - DEBUG - Paused: False, Music Playing: True
2026-08-02 21:43:41,000 - DEBUG - Tick
2026-08-02 21:43:41,000 - DEBUG - Updating ship...
2026-08-02 21:43:41,002 - DEBUG - Updating music
2026-08-02 21:43:41,002 - DEBUG - Entered _check_music
2026-08-02 21:43:41,002 - DEBUG - Paused: False, Music Playing: True
2026-08-02 21:43:41,016 - DEBUG - Tick
2026-08-02 21:43:41,017 - DEBUG - Updating ship...
2026-08-02 21:43:41,019 - DEBUG - Updating music
2026-08-02 21:43:41,019 - DEBUG - Entered _check_music
2026-08-02 21:43:41,019 - DEBUG - Paused: False, Music Playing: True
2026-08-02 21:43:41,033 - DEBUG - Tick
2026-08-02 21:43:41,033 - DEBUG - Updating ship...
2026-08-02 21:43:41,036 - DEBUG - Updating music
2026-08-02 21:43:41,036 - DEBUG - Entered _check_music
2026-08-02 21:43:41,036 - DEBUG - Paused: False, Music Playing: True
2026-08-02 21:43:41,049 - DEBUG - Tick
2026-08-02 21:43:41,050 - DEBUG - Updating ship...
2026-08-02 21:43:41,052 - DEBUG - Updating music
2026-08-02 21:43:41,052 - DEBUG - Entered _check_music
2026-08-02 21:43:41,052 - DEBUG - Paused: False, Music Playing: True
2026-08-02 21:43:41,066 - DEBUG - Tick
2026-08-02 21:43:41,066 - DEBUG - Updating ship...
2026-08-02 21:43:41,068 - DEBUG - Updating music
2026-08-02 21:43:41,069 - DEBUG - Entered _check_music
2026-08-02 21:43:41,069 - DEBUG - Paused: False, Music Playing: True
2026-08-02 21:43:41,082 - DEBUG - Tick
2026-08-02 21:43:41,082 - DEBUG - Updating ship...
2026-08-02 21:43:41,085 - DEBUG - Updating music
2026-08-02 21:43:41,085 - DEBUG - Entered _check_music
2026-08-02 21:43:41,085 - DEBUG - Paused: False, Music Playing: True
2026-08-02 21:43:41,098 - DEBUG - Tick
2026-08-02 21:43:41,098 - DEBUG - Updating ship...
2026-08-02 21:43:41,100 - DEBUG - Updating music
2026-08-02 21:43:41,101 - DEBUG - Entered _check_music
2026-08-02 21:43:41,101 - DEBUG - Paused: False, Music Playing: True
2026-08-02 21:43:41,114 - DEBUG - Tick
2026-08-02 21:43:41,114 - DEBUG - Updating ship...
2026-08-02 21:43:41,117 - DEBUG - Updating music
2026-08-02 21:43:41,117 - DEBUG - Entered _check_music
2026-08-02 21:43:41,117 - DEBUG - Paused: False, Music Playing: True
2026-08-02 21:43:41,130 - DEBUG - Tick
2026-08-02 21:43:41,131 - DEBUG - Updating ship...
2026-08-02 21:43:41,133 - DEBUG - Updating music
2026-08-02 21:43:41,133 - DEBUG - Entered _check_music
2026-08-02 21:43:41,133 - DEBUG - Paused: False, Music Playing: True
2026-08-02 21:43:41,146 - DEBUG - Tick
2026-08-02 21:43:41,147 - DEBUG - Updating ship...
2026-08-02 21:43:41,149 - DEBUG - Updating music
2026-08-02 21:43:41,149 - DEBUG - Entered _check_music
2026-08-02 21:43:41,149 - DEBUG - Paused: False, Music Playing: True
2026-08-02 21:43:41,163 - DEBUG - Tick
2026-08-02 21:43:41,164 - DEBUG - Updating ship...
2026-08-02 21:43:41,166 - DEBUG - Updating music
2026-08-02 21:43:41,166 - DEBUG - Entered _check_music
2026-08-02 21:43:41,166 - DEBUG - Paused: False, Music Playing: True
2026-08-02 21:43:41,179 - DEBUG - Tick
2026-08-02 21:43:41,180 - DEBUG - Updating ship...
2026-08-02 21:43:41,182 - DEBUG - Updating music
2026-08-02 21:43:41,182 - DEBUG - Entered _check_music
2026-08-02 21:43:41,182 - DEBUG - Paused: False, Music Playing: True
2026-08-02 21:43:41,196 - DEBUG - Tick
2026-08-02 21:43:41,196 - DEBUG - Updating ship...
2026-08-02 21:43:41,198 - DEBUG - Updating music
2026-08-02 21:43:41,198 - DEBUG - Entered _check_music
2026-08-02 21:43:41,198 - DEBUG - Paused: False, Music Playing: True
2026-08-02 21:43:41,212 - DEBUG - Tick
2026-08-02 21:43:41,212 - DEBUG - Updating ship...
2026-08-02 21:43:41,215 - DEBUG - Updating music
2026-08-02 21:43:41,215 - DEBUG - Entered _check_music
2026-08-02 21:43:41,215 - DEBUG - Paused: False, Music Playing: True
2026-08-02 21:43:41,228 - DEBUG - Tick
2026-08-02 21:43:41,228 - DEBUG - Updating ship...
2026-08-02 21:43:41,231 - DEBUG - Updating music
2026-08-02 21:43:41,231 - DEBUG - Entered _check_music
2026-08-02 21:43:41,231 - DEBUG - Paused: False, Music Playing: True
2026-08-02 21:43:41,244 - DEBUG - Tick
2026-08-02 21:43:41,245 - DEBUG - Updating ship...
2026-08-02 21:43:41,247 - DEBUG - Updating music
2026-08-02 21:43:41,247 - DEBUG - Entered _check_music
2026-08-02 21:43:41,247 - DEBUG - Paused: False, Music Playing: True
2026-08-02 21:43:41,261 - DEBUG - Tick
2026-08-02 21:43:41,261 - DEBUG - Updating ship...
2026-08-02 21:43:41,263 - DEBUG - Updating music
2026-08-02 21:43:41,264 - DEBUG - Entered _check_music
2026-08-02 21:43:41,264 - DEBUG - Paused: False, Music Playing: True
2026-08-02 21:43:41,277 - DEBUG - Tick
2026-08-02 21:43:41,277 - DEBUG - Updating ship...
2026-08-02 21:43:41,280 - DEBUG - Updating music
2026-08-02 21:43:41,280 - DEBUG - Entered _check_music
2026-08-02 21:43:41,280 - DEBUG - Paused: False, Music Playing: True
2026-08-02 21:43:41,293 - DEBUG - Tick
2026-08-02 21:43:41,293 - DEBUG - Updating ship...
2026-08-02 21:43:41,296 - DEBUG - Updating music
2026-08-02 21:43:41,296 - DEBUG - Entered _check_music
2026-08-02 21:43:41,296 - DEBUG - Paused: False, Music Playing: True
2026-08-02 21:43:41,308 - DEBUG - Tick
2026-08-02 21:43:41,309 - DEBUG - Updating ship...
2026-08-02 21:43:41,311 - DEBUG - Updating music
2026-08-02 21:43:41,311 - DEBUG - Entered _check_music
2026-08-02 21:43:41,311 - DEBUG - Paused: False, Music Playing: True
2026-08-02 21:43:41,325 - DEBUG - Tick
2026-08-02 21:43:41,325 - DEBUG - Updating ship...
2026-08-02 21:43:41,328 - DEBUG - Updating music
2026-08-02 21:43:41,328 - DEBUG - Entered _check_music
2026-08-02 21:43:41,328 - DEBUG - Paused: False, Music Playing: True
2026-08-02 21:43:41,341 - DEBUG - Tick
2026-08-02 21:43:41,341 - DEBUG - Updating ship...
2026-08-02 21:43:41,344 - DEBUG - Updating music
2026-08-02 21:43:41,344 - DEBUG - Entered _check_music
2026-08-02 21:43:41,344 - DEBUG - Paused: False, Music Playing: True
2026-08-02 21:43:41,357 - DEBUG - Tick
2026-08-02 21:43:41,358 - DEBUG - Updating ship...
2026-08-02 21:43:41,360 - DEBUG - Updating music
2026-08-02 21:43:41,360 - DEBUG - Entered _check_music
2026-08-02 21:43:41,360 - DEBUG - Paused: False, Music Playing: True
2026-08-02 21:43:41,373 - DEBUG - Tick
2026-08-02 21:43:41,374 - DEBUG - Updating ship...
2026-08-02 21:43:41,376 - DEBUG - Updating music
2026-08-02 21:43:41,376 - DEBUG - Entered _check_music
2026-08-02 21:43:41,376 - DEBUG - Paused: False, Music Playing: True
2026-08-02 21:43:41,389 - DEBUG - Tick
2026-08-02 21:43:41,389 - DEBUG - Updating ship...
2026-08-02 21:43:41,392 - DEBUG - Updating music
2026-08-02 21:43:41,392 - DEBUG - Entered _check_music
2026-08-02 21:43:41,392 - DEBUG - Paused: False, Music Playing: True
2026-08-02 21:43:41,406 - DEBUG - Tick
2026-08-02 21:43:41,407 - DEBUG - Updating ship...
2026-08-02 21:43:41,409 - DEBUG - Updating music
2026-08-02 21:43:41,409 - DEBUG - Entered _check_music
2026-08-02 21:43:41,409 - DEBUG - Paused: False, Music Playing: True
2026-08-02 21:43:41,422 - DEBUG - Tick
2026-08-02 21:43:41,422 - DEBUG - Updating ship...
2026-08-02 21:43:41,425 - DEBUG - Updating music
2026-08-02 21:43:41,425 - DEBUG - Entered _check_music
2026-08-02 21:43:41,425 - DEBUG - Paused: False, Music Playing: True
2026-08-02 21:43:41,439 - DEBUG - Tick
2026-08-02 21:43:41,439 - DEBUG - Updating ship...
2026-08-02 21:43:41,442 - DEBUG - Updating music
2026-08-02 21:43:41,442 - DEBUG - Entered _check_music
2026-08-02 21:43:41,442 - DEBUG - Paused: False, Music Playing: True
2026-08-02 21:43:41,456 - DEBUG - Tick
2026-08-02 21:43:41,456 - DEBUG - Updating ship...
2026-08-02 21:43:41,458 - DEBUG - Updating music
2026-08-02 21:43:41,459 - DEBUG - Entered _check_music
2026-08-02 21:43:41,459 - DEBUG - Paused: False, Music Playing: True
2026-08-02 21:43:41,473 - DEBUG - Tick
2026-08-02 21:43:41,473 - DEBUG - Updating ship...
2026-08-02 21:43:41,475 - DEBUG - Updating music
2026-08-02 21:43:41,475 - DEBUG - Entered _check_music
2026-08-02 21:43:41,475 - DEBUG - Paused: False, Music Playing: True
2026-08-02 21:43:41,489 - DEBUG - Tick
2026-08-02 21:43:41,489 - DEBUG - Updating ship...
2026-08-02 21:43:41,491 - DEBUG - Updating music
2026-08-02 21:43:41,491 - DEBUG - Entered _check_music
2026-08-02 21:43:41,491 - DEBUG - Paused: False, Music Playing: True
2026-08-02 21:43:41,505 - DEBUG - Tick
2026-08-02 21:43:41,505 - DEBUG - Updating ship...
2026-08-02 21:43:41,507 - DEBUG - Updating music
2026-08-02 21:43:41,507 - DEBUG - Entered _check_music
2026-08-02 21:43:41,507 - DEBUG - Paused: False, Music Playing: True
2026-08-02 21:43:41,522 - DEBUG - Tick
2026-08-02 21:43:41,522 - DEBUG - Updating ship...
2026-08-02 21:43:41,525 - DEBUG - Updating music
2026-08-02 21:43:41,525 - DEBUG - Entered _check_music
2026-08-02 21:43:41,525 - DEBUG - Paused: False, Music Playing: True
2026-08-02 21:43:41,538 - DEBUG - Tick
2026-08-02 21:43:41,538 - DEBUG - Updating ship...
2026-08-02 21:43:41,540 - DEBUG - Updating music
2026-08-02 21:43:41,541 - DEBUG - Entered _check_music
2026-08-02 21:43:41,541 - DEBUG - Paused: False, Music Playing: True
2026-08-02 21:43:41,554 - DEBUG - Tick
2026-08-02 21:43:41,554 - DEBUG - Updating ship...
2026-08-02 21:43:41,556 - DEBUG - Updating music
2026-08-02 21:43:41,556 - DEBUG - Entered _check_music
2026-08-02 21:43:41,556 - DEBUG - Paused: False, Music Playing: True
2026-08-02 21:43:41,569 - DEBUG - Tick
2026-08-02 21:43:41,570 - DEBUG - Updating ship...
2026-08-02 21:43:41,571 - DEBUG - Updating music
2026-08-02 21:43:41,571 - DEBUG - Entered _check_music
2026-08-02 21:43:41,571 - DEBUG - Paused: False, Music Playing: True
2026-08-02 21:43:41,586 - DEBUG - Tick
2026-08-02 21:43:41,586 - DEBUG - Updating ship...
2026-08-02 21:43:41,588 - DEBUG - Updating music
2026-08-02 21:43:41,588 - DEBUG - Entered _check_music
2026-08-02 21:43:41,588 - DEBUG - Paused: False, Music Playing: True
2026-08-02 21:43:41,602 - DEBUG - Tick
2026-08-02 21:43:41,602 - DEBUG - Updating ship...
2026-08-02 21:43:41,604 - DEBUG - Updating music
2026-08-02 21:43:41,604 - DEBUG - Entered _check_music
2026-08-02 21:43:41,604 - DEBUG - Paused: False, Music Playing: True
2026-08-02 21:43:41,617 - DEBUG - Tick
2026-08-02 21:43:41,618 - DEBUG - Updating ship...
2026-08-02 21:43:41,620 - DEBUG - Updating music
2026-08-02 21:43:41,620 - DEBUG - Entered _check_music
2026-08-02 21:43:41,620 - DEBUG - Paused: False, Music Playing: True
2026-08-02 21:43:41,634 - DEBUG - Tick
2026-08-02 21:43:41,634 - DEBUG - Updating ship...
2026-08-02 21:43:41,636 - DEBUG - Updating music
2026-08-02 21:43:41,637 - DEBUG - Entered _check_music
2026-08-02 21:43:41,637 - DEBUG - Paused: False, Music Playing: True
2026-08-02 21:43:41,651 - DEBUG - Tick
2026-08-02 21:43:41,651 - DEBUG - Updating ship...
2026-08-02 21:43:41,653 - DEBUG - Updating music
2026-08-02 21:43:41,653 - DEBUG - Entered _check_music
2026-08-02 21:43:41,653 - DEBUG - Paused: False, Music Playing: True
2026-08-02 21:43:41,667 - DEBUG - Tick
2026-08-02 21:43:41,668 - DEBUG - Updating ship...
2026-08-02 21:43:41,670 - DEBUG - Updating music
2026-08-02 21:43:41,670 - DEBUG - Entered _check_music
2026-08-02 21:43:41,670 - DEBUG - Paused: False, Music Playing: True
2026-08-02 21:43:41,683 - DEBUG - Tick
2026-08-02 21:43:41,684 - DEBUG - Updating ship...
2026-08-02 21:43:41,686 - DEBUG - Updating music
2026-08-02 21:43:41,686 - DEBUG - Entered _check_music
2026-08-02 21:43:41,686 - DEBUG - Paused: False, Music Playing: True
2026-08-02 21:43:41,700 - DEBUG - Tick
2026-08-02 21:43:41,700 - DEBUG - Updating ship...
2026-08-02 21:43:41,703 - DEBUG - Updating music
2026-08-02 21:43:41,703 - DEBUG - Entered _check_music
2026-08-02 21:43:41,703 - DEBUG - Paused: False, Music Playing: True
2026-08-02 21:43:41,716 - DEBUG - Tick
2026-08-02 21:43:41,716 - DEBUG - Updating ship...
2026-08-02 21:43:41,718 - DEBUG - Updating music
2026-08-02 21:43:41,718 - DEBUG - Entered _check_music
2026-08-02 21:43:41,718 - DEBUG - Paused: False, Music Playing: True
2026-08-02 21:43:41,733 - DEBUG - Tick
2026-08-02 21:43:41,734 - DEBUG - Updating ship...
2026-08-02 21:43:41,736 - DEBUG - Updating music
2026-08-02 21:43:41,736 - DEBUG - Entered _check_music
2026-08-02 21:43:41,736 - DEBUG - Paused: False, Music Playing: True
2026-08-02 21:43:41,750 - DEBUG - Tick
2026-08-02 21:43:41,750 - DEBUG - Updating ship...
2026-08-02 21:43:41,753 - DEBUG - Updating music
2026-08-02 21:43:41,753 - DEBUG - Entered _check_music
2026-08-02 21:43:41,753 - DEBUG - Paused: False, Music Playing: True
2026-08-02 21:43:41,766 - DEBUG - Tick
2026-08-02 21:43:41,767 - DEBUG - Updating ship...
2026-08-02 21:43:41,769 - DEBUG - Updating music
2026-08-02 21:43:41,769 - DEBUG - Entered _check_music
2026-08-02 21:43:41,769 - DEBUG - Paused: False, Music Playing: True
2026-08-02 21:43:41,783 - DEBUG - Tick
2026-08-02 21:43:41,783 - DEBUG - Updating ship...
2026-08-02 21:43:41,786 - DEBUG - Updating music
2026-08-02 21:43:41,786 - DEBUG - Entered _check_music
2026-08-02 21:43:41,786 - DEBUG - Paused: False, Music Playing: True
2026-08-02 21:43:41,799 - DEBUG - Tick
2026-08-02 21:43:41,799 - DEBUG - Updating ship...
2026-08-02 21:43:41,802 - DEBUG - Updating music
2026-08-02 21:43:41,802 - DEBUG - Entered _check_music
2026-08-02 21:43:41,802 - DEBUG - Paused: False, Music Playing: True
2026-08-02 21:43:41,815 - DEBUG - Tick
2026-08-02 21:43:41,815 - DEBUG - Updating ship...
2026-08-02 21:43:41,817 - DEBUG - Updating music
2026-08-02 21:43:41,817 - DEBUG - Entered _check_music
2026-08-02 21:43:41,817 - DEBUG - Paused: False, Music Playing: True
2026-08-02 21:43:41,831 - DEBUG - Tick
2026-08-02 21:43:41,831 - DEBUG - Updating ship...
2026-08-02 21:43:41,833 - DEBUG - Updating music
2026-08-02 21:43:41,833 - DEBUG - Entered _check_music
2026-08-02 21:43:41,833 - DEBUG - Paused: False, Music Playing: True
2026-08-02 21:43:41,848 - DEBUG - Tick
2026-08-02 21:43:41,849 - DEBUG - Updating ship...
2026-08-02 21:43:41,851 - DEBUG - Updating music
2026-08-02 21:43:41,851 - DEBUG - Entered _check_music
2026-08-02 21:43:41,851 - DEBUG - Paused: False, Music Playing: True
2026-08-02 21:43:41,865 - DEBUG - Tick
2026-08-02 21:43:41,865 - DEBUG - Updating ship...
2026-08-02 21:43:41,867 - DEBUG - Updating music
2026-08-02 21:43:41,868 - DEBUG - Entered _check_music
2026-08-02 21:43:41,868 - DEBUG - Paused: False, Music Playing: True
2026-08-02 21:43:41,881 - DEBUG - Tick
2026-08-02 21:43:41,881 - DEBUG - Updating ship...
2026-08-02 21:43:41,883 - DEBUG - Updating music
2026-08-02 21:43:41,884 - DEBUG - Entered _check_music
2026-08-02 21:43:41,884 - DEBUG - Paused: False, Music Playing: True
2026-08-02 21:43:41,897 - DEBUG - Tick
2026-08-02 21:43:41,897 - DEBUG - Updating ship...
2026-08-02 21:43:41,899 - DEBUG - Updating music
2026-08-02 21:43:41,899 - DEBUG - Entered _check_music
2026-08-02 21:43:41,899 - DEBUG - Paused: False, Music Playing: True
2026-08-02 21:43:41,913 - DEBUG - Tick
2026-08-02 21:43:41,913 - DEBUG - Updating ship...
2026-08-02 21:43:41,915 - DEBUG - Updating music
2026-08-02 21:43:41,915 - DEBUG - Entered _check_music
2026-08-02 21:43:41,915 - DEBUG - Paused: False, Music Playing: True
2026-08-02 21:43:41,929 - DEBUG - Tick
2026-08-02 21:43:41,929 - DEBUG - Updating ship...
2026-08-02 21:43:41,932 - DEBUG - Updating music
2026-08-02 21:43:41,932 - DEBUG - Entered _check_music
2026-08-02 21:43:41,932 - DEBUG - Paused: False, Music Playing: True
2026-08-02 21:43:41,945 - DEBUG - Tick
2026-08-02 21:43:41,945 - DEBUG - Updating ship...
2026-08-02 21:43:41,948 - DEBUG - Updating music
2026-08-02 21:43:41,948 - DEBUG - Entered _check_music
2026-08-02 21:43:41,948 - DEBUG - Paused: False, Music Playing: True
2026-08-02 21:43:41,961 - DEBUG - Tick
2026-08-02 21:43:41,961 - DEBUG - Updating ship...
2026-08-02 21:43:41,964 - DEBUG - Updating music
2026-08-02 21:43:41,964 - DEBUG - Entered _check_music
2026-08-02 21:43:41,964 - DEBUG - Paused: False, Music Playing: True
2026-08-02 21:43:41,978 - DEBUG - Tick
2026-08-02 21:43:41,978 - DEBUG - Updating ship...
2026-08-02 21:43:41,981 - DEBUG - Updating music
2026-08-02 21:43:41,981 - DEBUG - Entered _check_music
2026-08-02 21:43:41,981 - DEBUG - Paused: False, Music Playing: True
2026-08-02 21:43:41,994 - DEBUG - Tick
2026-08-02 21:43:41,995 - DEBUG - Updating ship...
2026-08-02 21:43:41,997 - DEBUG - Updating music
2026-08-02 21:43:41,997 - DEBUG - Entered _check_music
2026-08-02 21:43:41,997 - DEBUG - Paused: False, Music Playing: True
2026-08-02 21:43:42,011 - DEBUG - Tick
2026-08-02 21:43:42,011 - DEBUG - Updating ship...
2026-08-02 21:43:42,013 - DEBUG - Updating music
2026-08-02 21:43:42,014 - DEBUG - Entered _check_music
2026-08-02 21:43:42,014 - DEBUG - Paused: False, Music Playing: True
2026-08-02 21:43:42,027 - DEBUG - Tick
2026-08-02 21:43:42,027 - DEBUG - Updating ship...
2026-08-02 21:43:42,029 - DEBUG - Updating music
2026-08-02 21:43:42,030 - DEBUG - Entered _check_music
2026-08-02 21:43:42,030 - DEBUG - Paused: False, Music Playing: True
2026-08-02 21:43:42,043 - DEBUG - Tick
2026-08-02 21:43:42,043 - DEBUG - Updating ship...
2026-08-02 21:43:42,045 - DEBUG - Updating music
2026-08-02 21:43:42,046 - DEBUG - Entered _check_music
2026-08-02 21:43:42,046 - DEBUG - Paused: False, Music Playing: True
2026-08-02 21:43:42,059 - DEBUG - Tick
2026-08-02 21:43:42,059 - DEBUG - Updating ship...
2026-08-02 21:43:42,062 - DEBUG - Updating music
2026-08-02 21:43:42,062 - DEBUG - Entered _check_music
2026-08-02 21:43:42,062 - DEBUG - Paused: False, Music Playing: True
2026-08-02 21:43:42,075 - DEBUG - Tick
2026-08-02 21:43:42,075 - DEBUG - Updating ship...
2026-08-02 21:43:42,078 - DEBUG - Updating music
2026-08-02 21:43:42,078 - DEBUG - Entered _check_music
2026-08-02 21:43:42,078 - DEBUG - Paused: False, Music Playing: True
2026-08-02 21:43:42,090 - DEBUG - Tick
2026-08-02 21:43:42,091 - DEBUG - Updating ship...
2026-08-02 21:43:42,093 - DEBUG - Updating music
2026-08-02 21:43:42,093 - DEBUG - Entered _check_music
2026-08-02 21:43:42,093 - DEBUG - Paused: False, Music Playing: True
2026-08-02 21:43:42,107 - DEBUG - Tick
2026-08-02 21:43:42,107 - DEBUG - Updating ship...
2026-08-02 21:43:42,109 - DEBUG - Updating music
2026-08-02 21:43:42,109 - DEBUG - Entered _check_music
2026-08-02 21:43:42,109 - DEBUG - Paused: False, Music Playing: True
2026-08-02 21:43:42,123 - DEBUG - Tick
2026-08-02 21:43:42,124 - DEBUG - Updating ship...
2026-08-02 21:43:42,126 - DEBUG - Updating music
2026-08-02 21:43:42,126 - DEBUG - Entered _check_music
2026-08-02 21:43:42,126 - DEBUG - Paused: False, Music Playing: True
2026-08-02 21:43:42,139 - DEBUG - Tick
2026-08-02 21:43:42,140 - DEBUG - Updating ship...
2026-08-02 21:43:42,142 - DEBUG - Updating music
2026-08-02 21:43:42,142 - DEBUG - Entered _check_music
2026-08-02 21:43:42,143 - DEBUG - Paused: False, Music Playing: True
2026-08-02 21:43:42,156 - DEBUG - Tick
2026-08-02 21:43:42,156 - DEBUG - Updating ship...
2026-08-02 21:43:42,158 - DEBUG - Updating music
2026-08-02 21:43:42,158 - DEBUG - Entered _check_music
2026-08-02 21:43:42,158 - DEBUG - Paused: False, Music Playing: True
2026-08-02 21:43:42,172 - DEBUG - Tick
2026-08-02 21:43:42,172 - DEBUG - Updating ship...
2026-08-02 21:43:42,174 - DEBUG - Updating music
2026-08-02 21:43:42,174 - DEBUG - Entered _check_music
2026-08-02 21:43:42,174 - DEBUG - Paused: False, Music Playing: True
2026-08-02 21:43:42,188 - DEBUG - Tick
2026-08-02 21:43:42,188 - DEBUG - Updating ship...
2026-08-02 21:43:42,191 - DEBUG - Updating music
2026-08-02 21:43:42,191 - DEBUG - Entered _check_music
2026-08-02 21:43:42,191 - DEBUG - Paused: False, Music Playing: True
2026-08-02 21:43:42,204 - DEBUG - Tick
2026-08-02 21:43:42,204 - DEBUG - Updating ship...
2026-08-02 21:43:42,207 - DEBUG - Updating music
2026-08-02 21:43:42,207 - DEBUG - Entered _check_music
2026-08-02 21:43:42,207 - DEBUG - Paused: False, Music Playing: True
2026-08-02 21:43:42,220 - DEBUG - Tick
2026-08-02 21:43:42,220 - DEBUG - Updating ship...
2026-08-02 21:43:42,222 - DEBUG - Updating music
2026-08-02 21:43:42,222 - DEBUG - Entered _check_music
2026-08-02 21:43:42,222 - DEBUG - Paused: False, Music Playing: True
2026-08-02 21:43:42,235 - DEBUG - Tick
2026-08-02 21:43:42,236 - DEBUG - Updating ship...
2026-08-02 21:43:42,238 - DEBUG - Updating music
2026-08-02 21:43:42,238 - DEBUG - Entered _check_music
2026-08-02 21:43:42,238 - DEBUG - Paused: False, Music Playing: True
2026-08-02 21:43:42,252 - DEBUG - Tick
2026-08-02 21:43:42,252 - DEBUG - Updating ship...
2026-08-02 21:43:42,254 - DEBUG - Updating music
2026-08-02 21:43:42,254 - DEBUG - Entered _check_music
2026-08-02 21:43:42,254 - DEBUG - Paused: False, Music Playing: True
2026-08-02 21:43:42,267 - DEBUG - Tick
2026-08-02 21:43:42,268 - DEBUG - Updating ship...
2026-08-02 21:43:42,270 - DEBUG - Updating music
2026-08-02 21:43:42,270 - DEBUG - Entered _check_music
2026-08-02 21:43:42,270 - DEBUG - Paused: False, Music Playing: True
2026-08-02 21:43:42,284 - DEBUG - Tick
2026-08-02 21:43:42,284 - DEBUG - Updating ship...
2026-08-02 21:43:42,287 - DEBUG - Updating music
2026-08-02 21:43:42,287 - DEBUG - Entered _check_music
2026-08-02 21:43:42,287 - DEBUG - Paused: False, Music Playing: True
2026-08-02 21:43:42,301 - DEBUG - Tick
2026-08-02 21:43:42,301 - DEBUG - Updating ship...
2026-08-02 21:43:42,303 - DEBUG - Updating music
2026-08-02 21:43:42,303 - DEBUG - Entered _check_music
2026-08-02 21:43:42,304 - DEBUG - Paused: False, Music Playing: True
2026-08-02 21:43:42,317 - DEBUG - Tick
2026-08-02 21:43:42,317 - DEBUG - Updating ship...
2026-08-02 21:43:42,319 - DEBUG - Updating music
2026-08-02 21:43:42,319 - DEBUG - Entered _check_music
2026-08-02 21:43:42,319 - DEBUG - Paused: False, Music Playing: True
2026-08-02 21:43:42,333 - DEBUG - Tick
2026-08-02 21:43:42,333 - DEBUG - Updating ship...
2026-08-02 21:43:42,335 - DEBUG - Updating music
2026-08-02 21:43:42,335 - DEBUG - Entered _check_music
2026-08-02 21:43:42,335 - DEBUG - Paused: False, Music Playing: True
2026-08-02 21:43:42,349 - DEBUG - Tick
2026-08-02 21:43:42,349 - DEBUG - Updating ship...
2026-08-02 21:43:42,352 - DEBUG - Updating music
2026-08-02 21:43:42,352 - DEBUG - Entered _check_music
2026-08-02 21:43:42,352 - DEBUG - Paused: False, Music Playing: True
2026-08-02 21:43:42,365 - DEBUG - Tick
2026-08-02 21:43:42,365 - DEBUG - Updating ship...
2026-08-02 21:43:42,368 - DEBUG - Updating music
2026-08-02 21:43:42,368 - DEBUG - Entered _check_music
2026-08-02 21:43:42,368 - DEBUG - Paused: False, Music Playing: True
2026-08-02 21:43:42,381 - DEBUG - Tick
2026-08-02 21:43:42,381 - DEBUG - Updating ship...
2026-08-02 21:43:42,384 - DEBUG - Updating music
2026-08-02 21:43:42,384 - DEBUG - Entered _check_music
2026-08-02 21:43:42,384 - DEBUG - Paused: False, Music Playing: True
2026-08-02 21:43:42,398 - DEBUG - Tick
2026-08-02 21:43:42,398 - DEBUG - Updating ship...
2026-08-02 21:43:42,401 - DEBUG - Updating music
2026-08-02 21:43:42,401 - DEBUG - Entered _check_music
2026-08-02 21:43:42,401 - DEBUG - Paused: False, Music Playing: True
2026-08-02 21:43:42,414 - DEBUG - Tick
2026-08-02 21:43:42,414 - DEBUG - Updating ship...
2026-08-02 21:43:42,417 - DEBUG - Updating music
2026-08-02 21:43:42,417 - DEBUG - Entered _check_music
2026-08-02 21:43:42,417 - DEBUG - Paused: False, Music Playing: True
2026-08-02 21:43:42,429 - DEBUG - Tick
2026-08-02 21:43:42,429 - DEBUG - Updating ship...
2026-08-02 21:43:42,432 - DEBUG - Updating music
2026-08-02 21:43:42,432 - DEBUG - Entered _check_music
2026-08-02 21:43:42,432 - DEBUG - Paused: False, Music Playing: True
2026-08-02 21:43:42,445 - DEBUG - Tick
2026-08-02 21:43:42,446 - DEBUG - Updating ship...
2026-08-02 21:43:42,448 - DEBUG - Updating music
2026-08-02 21:43:42,448 - DEBUG - Entered _check_music
2026-08-02 21:43:42,449 - DEBUG - Paused: False, Music Playing: True
2026-08-02 21:43:42,462 - DEBUG - Tick
2026-08-02 21:43:42,462 - DEBUG - Updating ship...
2026-08-02 21:43:42,464 - DEBUG - Updating music
2026-08-02 21:43:42,464 - DEBUG - Entered _check_music
2026-08-02 21:43:42,464 - DEBUG - Paused: False, Music Playing: True
2026-08-02 21:43:42,478 - DEBUG - Tick
2026-08-02 21:43:42,478 - DEBUG - Updating ship...
2026-08-02 21:43:42,480 - DEBUG - Updating music
2026-08-02 21:43:42,480 - DEBUG - Entered _check_music
2026-08-02 21:43:42,480 - DEBUG - Paused: False, Music Playing: True
2026-08-02 21:43:42,494 - DEBUG - Tick
2026-08-02 21:43:42,494 - DEBUG - Updating ship...
2026-08-02 21:43:42,496 - DEBUG - Updating music
2026-08-02 21:43:42,496 - DEBUG - Entered _check_music
2026-08-02 21:43:42,497 - DEBUG - Paused: False, Music Playing: True
2026-08-02 21:43:42,510 - DEBUG - Tick
2026-08-02 21:43:42,510 - DEBUG - Updating ship...
2026-08-02 21:43:42,512 - DEBUG - Updating music
2026-08-02 21:43:42,512 - DEBUG - Entered _check_music
2026-08-02 21:43:42,512 - DEBUG - Paused: False, Music Playing: True
2026-08-02 21:43:42,526 - DEBUG - Tick
2026-08-02 21:43:42,526 - DEBUG - Updating ship...
2026-08-02 21:43:42,528 - DEBUG - Updating music
2026-08-02 21:43:42,529 - DEBUG - Entered _check_music
2026-08-02 21:43:42,529 - DEBUG - Paused: False, Music Playing: True
2026-08-02 21:43:42,542 - DEBUG - Tick
2026-08-02 21:43:42,542 - DEBUG - Updating ship...
2026-08-02 21:43:42,545 - DEBUG - Updating music
2026-08-02 21:43:42,545 - DEBUG - Entered _check_music
2026-08-02 21:43:42,545 - DEBUG - Paused: False, Music Playing: True
2026-08-02 21:43:42,558 - DEBUG - Tick
2026-08-02 21:43:42,558 - DEBUG - Updating ship...
2026-08-02 21:43:42,561 - DEBUG - Updating music
2026-08-02 21:43:42,561 - DEBUG - Entered _check_music
2026-08-02 21:43:42,561 - DEBUG - Paused: False, Music Playing: True
2026-08-02 21:43:42,574 - DEBUG - Tick
2026-08-02 21:43:42,575 - DEBUG - Updating ship...
2026-08-02 21:43:42,577 - DEBUG - Updating music
2026-08-02 21:43:42,577 - DEBUG - Entered _check_music
2026-08-02 21:43:42,578 - DEBUG - Paused: False, Music Playing: True
2026-08-02 21:43:42,591 - DEBUG - Tick
2026-08-02 21:43:42,591 - DEBUG - Updating ship...
2026-08-02 21:43:42,593 - DEBUG - Updating music
2026-08-02 21:43:42,594 - DEBUG - Entered _check_music
2026-08-02 21:43:42,594 - DEBUG - Paused: False, Music Playing: True
2026-08-02 21:43:42,607 - DEBUG - Tick
2026-08-02 21:43:42,607 - DEBUG - Updating ship...
2026-08-02 21:43:42,610 - DEBUG - Updating music
2026-08-02 21:43:42,610 - DEBUG - Entered _check_music
2026-08-02 21:43:42,610 - DEBUG - Paused: False, Music Playing: True
2026-08-02 21:43:42,623 - DEBUG - Tick
2026-08-02 21:43:42,623 - DEBUG - Updating ship...
2026-08-02 21:43:42,626 - DEBUG - Updating music
2026-08-02 21:43:42,626 - DEBUG - Entered _check_music
2026-08-02 21:43:42,626 - DEBUG - Paused: False, Music Playing: True
2026-08-02 21:43:42,639 - DEBUG - Tick
2026-08-02 21:43:42,639 - DEBUG - Updating ship...
2026-08-02 21:43:42,642 - DEBUG - Updating music
2026-08-02 21:43:42,642 - DEBUG - Entered _check_music
2026-08-02 21:43:42,642 - DEBUG - Paused: False, Music Playing: True
2026-08-02 21:43:42,654 - DEBUG - Tick
2026-08-02 21:43:42,654 - DEBUG - Updating ship...
2026-08-02 21:43:42,657 - DEBUG - Updating music
2026-08-02 21:43:42,657 - DEBUG - Entered _check_music
2026-08-02 21:43:42,657 - DEBUG - Paused: False, Music Playing: True
2026-08-02 21:43:42,670 - DEBUG - Tick
2026-08-02 21:43:42,670 - DEBUG - Updating ship...
2026-08-02 21:43:42,673 - DEBUG - Updating music
2026-08-02 21:43:42,673 - DEBUG - Entered _check_music
2026-08-02 21:43:42,673 - DEBUG - Paused: False, Music Playing: True
2026-08-02 21:43:42,687 - DEBUG - Tick
2026-08-02 21:43:42,687 - DEBUG - Updating ship...
2026-08-02 21:43:42,690 - DEBUG - Updating music
2026-08-02 21:43:42,690 - DEBUG - Entered _check_music
2026-08-02 21:43:42,690 - DEBUG - Paused: False, Music Playing: True
2026-08-02 21:43:42,703 - DEBUG - Tick
2026-08-02 21:43:42,703 - DEBUG - Updating ship...
2026-08-02 21:43:42,705 - DEBUG - Updating music
2026-08-02 21:43:42,706 - DEBUG - Entered _check_music
2026-08-02 21:43:42,706 - DEBUG - Paused: False, Music Playing: True
2026-08-02 21:43:42,719 - DEBUG - Tick
2026-08-02 21:43:42,719 - DEBUG - Updating ship...
2026-08-02 21:43:42,721 - DEBUG - Updating music
2026-08-02 21:43:42,721 - DEBUG - Entered _check_music
2026-08-02 21:43:42,721 - DEBUG - Paused: False, Music Playing: True
2026-08-02 21:43:42,735 - DEBUG - Tick
2026-08-02 21:43:42,735 - DEBUG - Updating ship...
2026-08-02 21:43:42,737 - DEBUG - Updating music
2026-08-02 21:43:42,737 - DEBUG - Entered _check_music
2026-08-02 21:43:42,737 - DEBUG - Paused: False, Music Playing: True
2026-08-02 21:43:42,751 - DEBUG - Tick
2026-08-02 21:43:42,751 - DEBUG - Updating ship...
2026-08-02 21:43:42,753 - DEBUG - Updating music
2026-08-02 21:43:42,753 - DEBUG - Entered _check_music
2026-08-02 21:43:42,753 - DEBUG - Paused: False, Music Playing: True
2026-08-02 21:43:42,767 - DEBUG - Tick
2026-08-02 21:43:42,767 - DEBUG - Updating ship...
2026-08-02 21:43:42,769 - DEBUG - Updating music
2026-08-02 21:43:42,769 - DEBUG - Entered _check_music
2026-08-02 21:43:42,769 - DEBUG - Paused: False, Music Playing: True
2026-08-02 21:43:42,784 - DEBUG - Tick
2026-08-02 21:43:42,784 - DEBUG - Updating ship...
2026-08-02 21:43:42,786 - DEBUG - Updating music
2026-08-02 21:43:42,786 - DEBUG - Entered _check_music
2026-08-02 21:43:42,786 - DEBUG - Paused: False, Music Playing: True
2026-08-02 21:43:42,800 - DEBUG - Tick
2026-08-02 21:43:42,800 - DEBUG - Updating ship...
2026-08-02 21:43:42,802 - DEBUG - Updating music
2026-08-02 21:43:42,802 - DEBUG - Entered _check_music
2026-08-02 21:43:42,802 - DEBUG - Paused: False, Music Playing: True
2026-08-02 21:43:42,815 - DEBUG - Tick
2026-08-02 21:43:42,815 - DEBUG - Updating ship...
2026-08-02 21:43:42,818 - DEBUG - Updating music
2026-08-02 21:43:42,818 - DEBUG - Entered _check_music
2026-08-02 21:43:42,818 - DEBUG - Paused: False, Music Playing: True
2026-08-02 21:43:42,832 - DEBUG - Tick
2026-08-02 21:43:42,832 - DEBUG - Updating ship...
2026-08-02 21:43:42,834 - DEBUG - Updating music
2026-08-02 21:43:42,834 - DEBUG - Entered _check_music
2026-08-02 21:43:42,834 - DEBUG - Paused: False, Music Playing: True
2026-08-02 21:43:42,847 - DEBUG - Tick
2026-08-02 21:43:42,848 - DEBUG - Updating ship...
2026-08-02 21:43:42,850 - DEBUG - Updating music
2026-08-02 21:43:42,850 - DEBUG - Entered _check_music
2026-08-02 21:43:42,850 - DEBUG - Paused: False, Music Playing: True
2026-08-02 21:43:42,864 - DEBUG - Tick
2026-08-02 21:43:42,864 - DEBUG - Updating ship...
2026-08-02 21:43:42,867 - DEBUG - Updating music
2026-08-02 21:43:42,867 - DEBUG - Entered _check_music
2026-08-02 21:43:42,867 - DEBUG - Paused: False, Music Playing: True
2026-08-02 21:43:42,880 - DEBUG - Tick
2026-08-02 21:43:42,881 - DEBUG - Updating ship...
2026-08-02 21:43:42,883 - DEBUG - Updating music
2026-08-02 21:43:42,883 - DEBUG - Entered _check_music
2026-08-02 21:43:42,883 - DEBUG - Paused: False, Music Playing: True
2026-08-02 21:43:42,896 - DEBUG - Tick
2026-08-02 21:43:42,897 - DEBUG - Updating ship...
2026-08-02 21:43:42,899 - DEBUG - Updating music
2026-08-02 21:43:42,899 - DEBUG - Entered _check_music
2026-08-02 21:43:42,899 - DEBUG - Paused: False, Music Playing: True
2026-08-02 21:43:42,913 - DEBUG - Tick
2026-08-02 21:43:42,913 - DEBUG - Updating ship...
2026-08-02 21:43:42,915 - DEBUG - Updating music
2026-08-02 21:43:42,916 - DEBUG - Entered _check_music
2026-08-02 21:43:42,916 - DEBUG - Paused: False, Music Playing: True
2026-08-02 21:43:42,929 - DEBUG - Tick
2026-08-02 21:43:42,929 - DEBUG - Updating ship...
2026-08-02 21:43:42,932 - DEBUG - Updating music
2026-08-02 21:43:42,932 - DEBUG - Entered _check_music
2026-08-02 21:43:42,932 - DEBUG - Paused: False, Music Playing: True
2026-08-02 21:43:42,945 - DEBUG - Tick
2026-08-02 21:43:42,945 - DEBUG - Updating ship...
2026-08-02 21:43:42,948 - DEBUG - Updating music
2026-08-02 21:43:42,948 - DEBUG - Entered _check_music
2026-08-02 21:43:42,948 - DEBUG - Paused: False, Music Playing: True
2026-08-02 21:43:42,960 - DEBUG - Tick
2026-08-02 21:43:42,961 - DEBUG - Updating ship...
2026-08-02 21:43:42,964 - DEBUG - Updating music
2026-08-02 21:43:42,964 - DEBUG - Entered _check_music
2026-08-02 21:43:42,964 - DEBUG - Paused: False, Music Playing: True
2026-08-02 21:43:42,977 - DEBUG - Tick
2026-08-02 21:43:42,977 - DEBUG - Updating ship...
2026-08-02 21:43:42,980 - DEBUG - Updating music
2026-08-02 21:43:42,980 - DEBUG - Entered _check_music
2026-08-02 21:43:42,980 - DEBUG - Paused: False, Music Playing: True
2026-08-02 21:43:42,993 - DEBUG - Tick
2026-08-02 21:43:42,993 - DEBUG - Updating ship...
2026-08-02 21:43:42,995 - DEBUG - Updating music
2026-08-02 21:43:42,996 - DEBUG - Entered _check_music
2026-08-02 21:43:42,996 - DEBUG - Paused: False, Music Playing: True
2026-08-02 21:43:43,009 - DEBUG - Tick
2026-08-02 21:43:43,009 - DEBUG - Updating ship...
2026-08-02 21:43:43,012 - DEBUG - Updating music
2026-08-02 21:43:43,012 - DEBUG - Entered _check_music
2026-08-02 21:43:43,012 - DEBUG - Paused: False, Music Playing: True
2026-08-02 21:43:43,025 - DEBUG - Tick
2026-08-02 21:43:43,025 - DEBUG - Updating ship...
2026-08-02 21:43:43,028 - DEBUG - Updating music
2026-08-02 21:43:43,028 - DEBUG - Entered _check_music
2026-08-02 21:43:43,028 - DEBUG - Paused: False, Music Playing: True
2026-08-02 21:43:43,041 - DEBUG - Tick
2026-08-02 21:43:43,042 - DEBUG - Updating ship...
2026-08-02 21:43:43,044 - DEBUG - Updating music
2026-08-02 21:43:43,045 - DEBUG - Entered _check_music
2026-08-02 21:43:43,045 - DEBUG - Paused: False, Music Playing: True
2026-08-02 21:43:43,058 - DEBUG - Tick
2026-08-02 21:43:43,058 - DEBUG - Updating ship...
2026-08-02 21:43:43,061 - DEBUG - Updating music
2026-08-02 21:43:43,061 - DEBUG - Entered _check_music
2026-08-02 21:43:43,061 - DEBUG - Paused: False, Music Playing: True
2026-08-02 21:43:43,074 - DEBUG - Tick
2026-08-02 21:43:43,074 - DEBUG - Updating ship...
2026-08-02 21:43:43,077 - DEBUG - Updating music
2026-08-02 21:43:43,077 - DEBUG - Entered _check_music
2026-08-02 21:43:43,077 - DEBUG - Paused: False, Music Playing: True
2026-08-02 21:43:43,090 - DEBUG - Tick
2026-08-02 21:43:43,091 - DEBUG - Updating ship...
2026-08-02 21:43:43,093 - DEBUG - Updating music
2026-08-02 21:43:43,093 - DEBUG - Entered _check_music
2026-08-02 21:43:43,093 - DEBUG - Paused: False, Music Playing: True
2026-08-02 21:43:43,106 - DEBUG - Tick
2026-08-02 21:43:43,106 - DEBUG - Updating ship...
2026-08-02 21:43:43,109 - DEBUG - Updating music
2026-08-02 21:43:43,109 - DEBUG - Entered _check_music
2026-08-02 21:43:43,109 - DEBUG - Paused: False, Music Playing: True
2026-08-02 21:43:43,122 - DEBUG - Tick
2026-08-02 21:43:43,123 - DEBUG - Updating ship...
2026-08-02 21:43:43,125 - DEBUG - Updating music
2026-08-02 21:43:43,126 - DEBUG - Entered _check_music
2026-08-02 21:43:43,126 - DEBUG - Paused: False, Music Playing: True
2026-08-02 21:43:43,139 - DEBUG - Tick
2026-08-02 21:43:43,140 - DEBUG - Updating ship...
2026-08-02 21:43:43,142 - DEBUG - Updating music
2026-08-02 21:43:43,142 - DEBUG - Entered _check_music
2026-08-02 21:43:43,142 - DEBUG - Paused: False, Music Playing: True
2026-08-02 21:43:43,155 - DEBUG - Tick
2026-08-02 21:43:43,155 - DEBUG - Updating ship...
2026-08-02 21:43:43,158 - DEBUG - Updating music
2026-08-02 21:43:43,158 - DEBUG - Entered _check_music
2026-08-02 21:43:43,158 - DEBUG - Paused: False, Music Playing: True
2026-08-02 21:43:43,170 - DEBUG - Tick
2026-08-02 21:43:43,171 - DEBUG - Updating ship...
2026-08-02 21:43:43,174 - DEBUG - Updating music
2026-08-02 21:43:43,174 - DEBUG - Entered _check_music
2026-08-02 21:43:43,174 - DEBUG - Paused: False, Music Playing: True
2026-08-02 21:43:43,187 - DEBUG - Tick
2026-08-02 21:43:43,187 - DEBUG - Updating ship...
2026-08-02 21:43:43,190 - DEBUG - Updating music
2026-08-02 21:43:43,190 - DEBUG - Entered _check_music
2026-08-02 21:43:43,190 - DEBUG - Paused: False, Music Playing: True
2026-08-02 21:43:43,203 - DEBUG - Tick
2026-08-02 21:43:43,203 - DEBUG - Updating ship...
2026-08-02 21:43:43,206 - DEBUG - Updating music
2026-08-02 21:43:43,206 - DEBUG - Entered _check_music
2026-08-02 21:43:43,206 - DEBUG - Paused: False, Music Playing: True
2026-08-02 21:43:43,219 - DEBUG - Tick
2026-08-02 21:43:43,219 - DEBUG - Updating ship...
2026-08-02 21:43:43,222 - DEBUG - Updating music
2026-08-02 21:43:43,222 - DEBUG - Entered _check_music
2026-08-02 21:43:43,222 - DEBUG - Paused: False, Music Playing: True
2026-08-02 21:43:43,234 - DEBUG - Tick
2026-08-02 21:43:43,235 - DEBUG - Updating ship...
2026-08-02 21:43:43,237 - DEBUG - Updating music
2026-08-02 21:43:43,237 - DEBUG - Entered _check_music
2026-08-02 21:43:43,237 - DEBUG - Paused: False, Music Playing: True
2026-08-02 21:43:43,251 - DEBUG - Tick
2026-08-02 21:43:43,251 - DEBUG - Updating ship...
2026-08-02 21:43:43,253 - DEBUG - Updating music
2026-08-02 21:43:43,254 - DEBUG - Entered _check_music
2026-08-02 21:43:43,254 - DEBUG - Paused: False, Music Playing: True
2026-08-02 21:43:43,267 - DEBUG - Tick
2026-08-02 21:43:43,267 - DEBUG - Updating ship...
2026-08-02 21:43:43,270 - DEBUG - Updating music
2026-08-02 21:43:43,270 - DEBUG - Entered _check_music
2026-08-02 21:43:43,270 - DEBUG - Paused: False, Music Playing: True
2026-08-02 21:43:43,283 - DEBUG - Tick
2026-08-02 21:43:43,284 - DEBUG - Updating ship...
2026-08-02 21:43:43,286 - DEBUG - Updating music
2026-08-02 21:43:43,286 - DEBUG - Entered _check_music
2026-08-02 21:43:43,286 - DEBUG - Paused: False, Music Playing: True
2026-08-02 21:43:43,300 - DEBUG - Tick
2026-08-02 21:43:43,300 - DEBUG - Updating ship...
2026-08-02 21:43:43,302 - DEBUG - Updating music
2026-08-02 21:43:43,302 - DEBUG - Entered _check_music
2026-08-02 21:43:43,303 - DEBUG - Paused: False, Music Playing: True
2026-08-02 21:43:43,316 - DEBUG - Tick
2026-08-02 21:43:43,316 - DEBUG - Updating ship...
2026-08-02 21:43:43,318 - DEBUG - Updating music
2026-08-02 21:43:43,319 - DEBUG - Entered _check_music
2026-08-02 21:43:43,319 - DEBUG - Paused: False, Music Playing: True
2026-08-02 21:43:43,332 - DEBUG - Tick
2026-08-02 21:43:43,332 - DEBUG - Updating ship...
2026-08-02 21:43:43,334 - DEBUG - Updating music
2026-08-02 21:43:43,335 - DEBUG - Entered _check_music
2026-08-02 21:43:43,335 - DEBUG - Paused: False, Music Playing: True
2026-08-02 21:43:43,348 - DEBUG - Tick
2026-08-02 21:43:43,348 - DEBUG - Updating ship...
2026-08-02 21:43:43,351 - DEBUG - Updating music
2026-08-02 21:43:43,351 - DEBUG - Entered _check_music
2026-08-02 21:43:43,351 - DEBUG - Paused: False, Music Playing: True
2026-08-02 21:43:43,364 - DEBUG - Tick
2026-08-02 21:43:43,364 - DEBUG - Updating ship...
2026-08-02 21:43:43,367 - DEBUG - Updating music
2026-08-02 21:43:43,367 - DEBUG - Entered _check_music
2026-08-02 21:43:43,367 - DEBUG - Paused: False, Music Playing: True
2026-08-02 21:43:43,381 - DEBUG - Tick
2026-08-02 21:43:43,381 - DEBUG - Updating ship...
2026-08-02 21:43:43,383 - DEBUG - Updating music
2026-08-02 21:43:43,384 - DEBUG - Entered _check_music
2026-08-02 21:43:43,384 - DEBUG - Paused: False, Music Playing: True
2026-08-02 21:43:43,397 - DEBUG - Tick
2026-08-02 21:43:43,397 - DEBUG - Updating ship...
2026-08-02 21:43:43,400 - DEBUG - Updating music
2026-08-02 21:43:43,400 - DEBUG - Entered _check_music
2026-08-02 21:43:43,400 - DEBUG - Paused: False, Music Playing: True
2026-08-02 21:43:43,413 - DEBUG - Tick
2026-08-02 21:43:43,414 - DEBUG - Updating ship...
2026-08-02 21:43:43,417 - DEBUG - Updating music
2026-08-02 21:43:43,417 - DEBUG - Entered _check_music
2026-08-02 21:43:43,417 - DEBUG - Paused: False, Music Playing: True
2026-08-02 21:43:43,430 - DEBUG - Tick
2026-08-02 21:43:43,431 - DEBUG - Updating ship...
2026-08-02 21:43:43,433 - DEBUG - Updating music
2026-08-02 21:43:43,433 - DEBUG - Entered _check_music
2026-08-02 21:43:43,433 - DEBUG - Paused: False, Music Playing: True
2026-08-02 21:43:43,446 - DEBUG - Tick
2026-08-02 21:43:43,446 - DEBUG - Updating ship...
2026-08-02 21:43:43,449 - DEBUG - Updating music
2026-08-02 21:43:43,449 - DEBUG - Entered _check_music
2026-08-02 21:43:43,449 - DEBUG - Paused: False, Music Playing: True
2026-08-02 21:43:43,462 - DEBUG - Tick
2026-08-02 21:43:43,463 - DEBUG - Updating ship...
2026-08-02 21:43:43,465 - DEBUG - Updating music
2026-08-02 21:43:43,465 - DEBUG - Entered _check_music
2026-08-02 21:43:43,466 - DEBUG - Paused: False, Music Playing: True
2026-08-02 21:43:43,479 - DEBUG - Tick
2026-08-02 21:43:43,479 - DEBUG - Updating ship...
2026-08-02 21:43:43,482 - DEBUG - Updating music
2026-08-02 21:43:43,482 - DEBUG - Entered _check_music
2026-08-02 21:43:43,482 - DEBUG - Paused: False, Music Playing: True
2026-08-02 21:43:43,495 - DEBUG - Tick
2026-08-02 21:43:43,495 - DEBUG - Updating ship...
2026-08-02 21:43:43,497 - DEBUG - Updating music
2026-08-02 21:43:43,498 - DEBUG - Entered _check_music
2026-08-02 21:43:43,498 - DEBUG - Paused: False, Music Playing: True
2026-08-02 21:43:43,511 - DEBUG - Tick
2026-08-02 21:43:43,511 - DEBUG - Updating ship...
2026-08-02 21:43:43,514 - DEBUG - Updating music
2026-08-02 21:43:43,514 - DEBUG - Entered _check_music
2026-08-02 21:43:43,514 - DEBUG - Paused: False, Music Playing: True
2026-08-02 21:43:43,527 - DEBUG - Tick
2026-08-02 21:43:43,527 - DEBUG - Updating ship...
2026-08-02 21:43:43,530 - DEBUG - Updating music
2026-08-02 21:43:43,530 - DEBUG - Entered _check_music
2026-08-02 21:43:43,530 - DEBUG - Paused: False, Music Playing: True
2026-08-02 21:43:43,542 - DEBUG - Tick
2026-08-02 21:43:43,542 - DEBUG - Updating ship...
2026-08-02 21:43:43,545 - DEBUG - Updating music
2026-08-02 21:43:43,545 - DEBUG - Entered _check_music
2026-08-02 21:43:43,545 - DEBUG - Paused: False, Music Playing: True
2026-08-02 21:43:43,558 - DEBUG - Tick
2026-08-02 21:43:43,558 - DEBUG - Updating ship...
2026-08-02 21:43:43,561 - DEBUG - Updating music
2026-08-02 21:43:43,561 - DEBUG - Entered _check_music
2026-08-02 21:43:43,561 - DEBUG - Paused: False, Music Playing: True
2026-08-02 21:43:43,574 - DEBUG - Tick
2026-08-02 21:43:43,575 - DEBUG - Updating ship...
2026-08-02 21:43:43,577 - DEBUG - Updating music
2026-08-02 21:43:43,577 - DEBUG - Entered _check_music
2026-08-02 21:43:43,577 - DEBUG - Paused: False, Music Playing: True
2026-08-02 21:43:43,591 - DEBUG - Tick
2026-08-02 21:43:43,591 - DEBUG - Updating ship...
2026-08-02 21:43:43,593 - DEBUG - Updating music
2026-08-02 21:43:43,594 - DEBUG - Entered _check_music
2026-08-02 21:43:43,594 - DEBUG - Paused: False, Music Playing: True
2026-08-02 21:43:43,607 - DEBUG - Tick
2026-08-02 21:43:43,607 - DEBUG - Updating ship...
2026-08-02 21:43:43,610 - DEBUG - Updating music
2026-08-02 21:43:43,610 - DEBUG - Entered _check_music
2026-08-02 21:43:43,610 - DEBUG - Paused: False, Music Playing: True
2026-08-02 21:43:43,623 - DEBUG - Tick
2026-08-02 21:43:43,623 - DEBUG - Updating ship...
2026-08-02 21:43:43,625 - DEBUG - Updating music
2026-08-02 21:43:43,626 - DEBUG - Entered _check_music
2026-08-02 21:43:43,626 - DEBUG - Paused: False, Music Playing: True
2026-08-02 21:43:43,639 - DEBUG - Tick
2026-08-02 21:43:43,639 - DEBUG - Updating ship...
2026-08-02 21:43:43,641 - DEBUG - Updating music
2026-08-02 21:43:43,642 - DEBUG - Entered _check_music
2026-08-02 21:43:43,642 - DEBUG - Paused: False, Music Playing: True
2026-08-02 21:43:43,655 - DEBUG - Tick
2026-08-02 21:43:43,655 - DEBUG - Updating ship...
2026-08-02 21:43:43,657 - DEBUG - Updating music
2026-08-02 21:43:43,657 - DEBUG - Entered _check_music
2026-08-02 21:43:43,657 - DEBUG - Paused: False, Music Playing: True
2026-08-02 21:43:43,671 - DEBUG - Tick
2026-08-02 21:43:43,671 - DEBUG - Updating ship...
2026-08-02 21:43:43,673 - DEBUG - Updating music
2026-08-02 21:43:43,673 - DEBUG - Entered _check_music
2026-08-02 21:43:43,674 - DEBUG - Paused: False, Music Playing: True
2026-08-02 21:43:43,687 - DEBUG - Tick
2026-08-02 21:43:43,687 - DEBUG - Updating ship...
2026-08-02 21:43:43,689 - DEBUG - Updating music
2026-08-02 21:43:43,689 - DEBUG - Entered _check_music
2026-08-02 21:43:43,690 - DEBUG - Paused: False, Music Playing: True
2026-08-02 21:43:43,703 - DEBUG - Tick
2026-08-02 21:43:43,703 - DEBUG - Updating ship...
2026-08-02 21:43:43,706 - DEBUG - Updating music
2026-08-02 21:43:43,706 - DEBUG - Entered _check_music
2026-08-02 21:43:43,706 - DEBUG - Paused: False, Music Playing: True
2026-08-02 21:43:43,719 - DEBUG - Tick
2026-08-02 21:43:43,719 - DEBUG - Updating ship...
2026-08-02 21:43:43,721 - DEBUG - Updating music
2026-08-02 21:43:43,721 - DEBUG - Entered _check_music
2026-08-02 21:43:43,721 - DEBUG - Paused: False, Music Playing: True
2026-08-02 21:43:43,734 - DEBUG - Tick
2026-08-02 21:43:43,734 - DEBUG - Updating ship...
2026-08-02 21:43:43,736 - DEBUG - Updating music
2026-08-02 21:43:43,736 - DEBUG - Entered _check_music
2026-08-02 21:43:43,736 - DEBUG - Paused: False, Music Playing: True
2026-08-02 21:43:43,751 - DEBUG - Tick
2026-08-02 21:43:43,751 - DEBUG - Updating ship...
2026-08-02 21:43:43,753 - DEBUG - Updating music
2026-08-02 21:43:43,753 - DEBUG - Entered _check_music
2026-08-02 21:43:43,753 - DEBUG - Paused: False, Music Playing: True
2026-08-02 21:43:43,767 - DEBUG - Tick
2026-08-02 21:43:43,767 - DEBUG - Updating ship...
2026-08-02 21:43:43,769 - DEBUG - Updating music
2026-08-02 21:43:43,769 - DEBUG - Entered _check_music
2026-08-02 21:43:43,769 - DEBUG - Paused: False, Music Playing: True
2026-08-02 21:43:43,783 - DEBUG - Tick
2026-08-02 21:43:43,783 - DEBUG - Updating ship...
2026-08-02 21:43:43,785 - DEBUG - Updating music
2026-08-02 21:43:43,785 - DEBUG - Entered _check_music
2026-08-02 21:43:43,785 - DEBUG - Paused: False, Music Playing: True
2026-08-02 21:43:43,800 - DEBUG - Tick
2026-08-02 21:43:43,800 - DEBUG - Updating ship...
2026-08-02 21:43:43,802 - DEBUG - Updating music
2026-08-02 21:43:43,802 - DEBUG - Entered _check_music
2026-08-02 21:43:43,802 - DEBUG - Paused: False, Music Playing: True
2026-08-02 21:43:43,816 - DEBUG - Tick
2026-08-02 21:43:43,816 - DEBUG - Updating ship...
2026-08-02 21:43:43,818 - DEBUG - Updating music
2026-08-02 21:43:43,818 - DEBUG - Entered _check_music
2026-08-02 21:43:43,818 - DEBUG - Paused: False, Music Playing: True
2026-08-02 21:43:43,831 - DEBUG - Tick
2026-08-02 21:43:43,832 - DEBUG - Updating ship...
2026-08-02 21:43:43,834 - DEBUG - Updating music
2026-08-02 21:43:43,834 - DEBUG - Entered _check_music
2026-08-02 21:43:43,834 - DEBUG - Paused: False, Music Playing: True
2026-08-02 21:43:43,848 - DEBUG - Tick
2026-08-02 21:43:43,848 - DEBUG - Updating ship...
2026-08-02 21:43:43,850 - DEBUG - Updating music
2026-08-02 21:43:43,850 - DEBUG - Entered _check_music
2026-08-02 21:43:43,850 - DEBUG - Paused: False, Music Playing: True
2026-08-02 21:43:43,864 - DEBUG - Tick
2026-08-02 21:43:43,864 - DEBUG - Updating ship...
2026-08-02 21:43:43,866 - DEBUG - Updating music
2026-08-02 21:43:43,866 - DEBUG - Entered _check_music
2026-08-02 21:43:43,867 - DEBUG - Paused: False, Music Playing: True
2026-08-02 21:43:43,880 - DEBUG - Tick
2026-08-02 21:43:43,880 - DEBUG - Updating ship...
2026-08-02 21:43:43,882 - DEBUG - Updating music
2026-08-02 21:43:43,882 - DEBUG - Entered _check_music
2026-08-02 21:43:43,882 - DEBUG - Paused: False, Music Playing: True
2026-08-02 21:43:43,896 - DEBUG - Tick
2026-08-02 21:43:43,896 - DEBUG - Updating ship...
2026-08-02 21:43:43,898 - DEBUG - Updating music
2026-08-02 21:43:43,898 - DEBUG - Entered _check_music
2026-08-02 21:43:43,898 - DEBUG - Paused: False, Music Playing: True
2026-08-02 21:43:43,912 - DEBUG - Tick
2026-08-02 21:43:43,912 - DEBUG - Updating ship...
2026-08-02 21:43:43,914 - DEBUG - Updating music
2026-08-02 21:43:43,914 - DEBUG - Entered _check_music
2026-08-02 21:43:43,915 - DEBUG - Paused: False, Music Playing: True
2026-08-02 21:43:43,928 - DEBUG - Tick
2026-08-02 21:43:43,928 - DEBUG - Updating ship...
2026-08-02 21:43:43,931 - DEBUG - Updating music
2026-08-02 21:43:43,931 - DEBUG - Entered _check_music
2026-08-02 21:43:43,931 - DEBUG - Paused: False, Music Playing: True
2026-08-02 21:43:43,944 - DEBUG - Tick
2026-08-02 21:43:43,944 - DEBUG - Updating ship...
2026-08-02 21:43:43,947 - DEBUG - Updating music
2026-08-02 21:43:43,947 - DEBUG - Entered _check_music
2026-08-02 21:43:43,947 - DEBUG - Paused: False, Music Playing: True
2026-08-02 21:43:43,960 - DEBUG - Tick
2026-08-02 21:43:43,960 - DEBUG - Updating ship...
2026-08-02 21:43:43,963 - DEBUG - Updating music
2026-08-02 21:43:43,963 - DEBUG - Entered _check_music
2026-08-02 21:43:43,963 - DEBUG - Paused: False, Music Playing: True
2026-08-02 21:43:43,976 - DEBUG - Tick
2026-08-02 21:43:43,976 - DEBUG - Updating ship...
2026-08-02 21:43:43,979 - DEBUG - Updating music
2026-08-02 21:43:43,979 - DEBUG - Entered _check_music
2026-08-02 21:43:43,979 - DEBUG - Paused: False, Music Playing: True
2026-08-02 21:43:43,992 - DEBUG - Tick
2026-08-02 21:43:43,992 - DEBUG - Updating ship...
2026-08-02 21:43:43,995 - DEBUG - Updating music
2026-08-02 21:43:43,995 - DEBUG - Entered _check_music
2026-08-02 21:43:43,995 - DEBUG - Paused: False, Music Playing: True
2026-08-02 21:43:44,008 - DEBUG - Tick
2026-08-02 21:43:44,008 - DEBUG - Updating ship...
2026-08-02 21:43:44,011 - DEBUG - Updating music
2026-08-02 21:43:44,011 - DEBUG - Entered _check_music
2026-08-02 21:43:44,011 - DEBUG - Paused: False, Music Playing: True
2026-08-02 21:43:44,024 - DEBUG - Tick
2026-08-02 21:43:44,024 - DEBUG - Updating ship...
2026-08-02 21:43:44,027 - DEBUG - Updating music
2026-08-02 21:43:44,027 - DEBUG - Entered _check_music
2026-08-02 21:43:44,027 - DEBUG - Paused: False, Music Playing: True
2026-08-02 21:43:44,040 - DEBUG - Tick
2026-08-02 21:43:44,040 - DEBUG - Updating ship...
2026-08-02 21:43:44,043 - DEBUG - Updating music
2026-08-02 21:43:44,043 - DEBUG - Entered _check_music
2026-08-02 21:43:44,043 - DEBUG - Paused: False, Music Playing: True
2026-08-02 21:43:44,056 - DEBUG - Tick
2026-08-02 21:43:44,056 - DEBUG - Updating ship...
2026-08-02 21:43:44,058 - DEBUG - Updating music
2026-08-02 21:43:44,059 - DEBUG - Entered _check_music
2026-08-02 21:43:44,059 - DEBUG - Paused: False, Music Playing: True
2026-08-02 21:43:44,072 - DEBUG - Tick
2026-08-02 21:43:44,072 - DEBUG - Updating ship...
2026-08-02 21:43:44,074 - DEBUG - Updating music
2026-08-02 21:43:44,074 - DEBUG - Entered _check_music
2026-08-02 21:43:44,074 - DEBUG - Paused: False, Music Playing: True
2026-08-02 21:43:44,088 - DEBUG - Tick
2026-08-02 21:43:44,088 - DEBUG - Updating ship...
2026-08-02 21:43:44,090 - DEBUG - Updating music
2026-08-02 21:43:44,090 - DEBUG - Entered _check_music
2026-08-02 21:43:44,090 - DEBUG - Paused: False, Music Playing: True
2026-08-02 21:43:44,103 - DEBUG - Tick
2026-08-02 21:43:44,104 - DEBUG - Updating ship...
2026-08-02 21:43:44,106 - DEBUG - Updating music
2026-08-02 21:43:44,106 - DEBUG - Entered _check_music
2026-08-02 21:43:44,106 - DEBUG - Paused: False, Music Playing: True
2026-08-02 21:43:44,120 - DEBUG - Tick
2026-08-02 21:43:44,120 - DEBUG - Updating ship...
2026-08-02 21:43:44,122 - DEBUG - Updating music
2026-08-02 21:43:44,122 - DEBUG - Entered _check_music
2026-08-02 21:43:44,122 - DEBUG - Paused: False, Music Playing: True
2026-08-02 21:43:44,135 - DEBUG - Tick
2026-08-02 21:43:44,136 - DEBUG - Updating ship...
2026-08-02 21:43:44,137 - DEBUG - Updating music
2026-08-02 21:43:44,138 - DEBUG - Entered _check_music
2026-08-02 21:43:44,138 - DEBUG - Paused: False, Music Playing: True
2026-08-02 21:43:44,152 - DEBUG - Tick
2026-08-02 21:43:44,152 - DEBUG - Updating ship...
2026-08-02 21:43:44,154 - DEBUG - Updating music
2026-08-02 21:43:44,154 - DEBUG - Entered _check_music
2026-08-02 21:43:44,154 - DEBUG - Paused: False, Music Playing: True
2026-08-02 21:43:44,167 - DEBUG - Tick
2026-08-02 21:43:44,167 - DEBUG - Updating ship...
2026-08-02 21:43:44,170 - DEBUG - Updating music
2026-08-02 21:43:44,170 - DEBUG - Entered _check_music
2026-08-02 21:43:44,170 - DEBUG - Paused: False, Music Playing: True
2026-08-02 21:43:44,184 - DEBUG - Tick
2026-08-02 21:43:44,184 - DEBUG - Updating ship...
2026-08-02 21:43:44,186 - DEBUG - Updating music
2026-08-02 21:43:44,187 - DEBUG - Entered _check_music
2026-08-02 21:43:44,187 - DEBUG - Paused: False, Music Playing: True
2026-08-02 21:43:44,200 - DEBUG - Tick
2026-08-02 21:43:44,200 - DEBUG - Updating ship...
2026-08-02 21:43:44,202 - DEBUG - Updating music
2026-08-02 21:43:44,202 - DEBUG - Entered _check_music
2026-08-02 21:43:44,202 - DEBUG - Paused: False, Music Playing: True
2026-08-02 21:43:44,215 - DEBUG - Tick
2026-08-02 21:43:44,216 - DEBUG - Updating ship...
2026-08-02 21:43:44,218 - DEBUG - Updating music
2026-08-02 21:43:44,218 - DEBUG - Entered _check_music
2026-08-02 21:43:44,218 - DEBUG - Paused: False, Music Playing: True
2026-08-02 21:43:44,232 - DEBUG - Tick
2026-08-02 21:43:44,232 - DEBUG - Updating ship...
2026-08-02 21:43:44,234 - DEBUG - Updating music
2026-08-02 21:43:44,234 - DEBUG - Entered _check_music
2026-08-02 21:43:44,234 - DEBUG - Paused: False, Music Playing: True
2026-08-02 21:43:44,248 - DEBUG - Tick
2026-08-02 21:43:44,248 - DEBUG - Updating ship...
2026-08-02 21:43:44,250 - DEBUG - Updating music
2026-08-02 21:43:44,250 - DEBUG - Entered _check_music
2026-08-02 21:43:44,250 - DEBUG - Paused: False, Music Playing: True
2026-08-02 21:43:44,264 - DEBUG - Tick
2026-08-02 21:43:44,264 - DEBUG - Updating ship...
2026-08-02 21:43:44,267 - DEBUG - Updating music
2026-08-02 21:43:44,267 - DEBUG - Entered _check_music
2026-08-02 21:43:44,268 - DEBUG - Paused: False, Music Playing: True
2026-08-02 21:43:44,280 - DEBUG - Tick
2026-08-02 21:43:44,280 - DEBUG - Updating ship...
2026-08-02 21:43:44,283 - DEBUG - Updating music
2026-08-02 21:43:44,283 - DEBUG - Entered _check_music
2026-08-02 21:43:44,283 - DEBUG - Paused: False, Music Playing: True
2026-08-02 21:43:44,296 - DEBUG - Tick
2026-08-02 21:43:44,296 - DEBUG - Updating ship...
2026-08-02 21:43:44,298 - DEBUG - Updating music
2026-08-02 21:43:44,299 - DEBUG - Entered _check_music
2026-08-02 21:43:44,299 - DEBUG - Paused: False, Music Playing: True
2026-08-02 21:43:44,312 - DEBUG - Tick
2026-08-02 21:43:44,312 - DEBUG - Updating ship...
2026-08-02 21:43:44,315 - DEBUG - Updating music
2026-08-02 21:43:44,315 - DEBUG - Entered _check_music
2026-08-02 21:43:44,315 - DEBUG - Paused: False, Music Playing: True
2026-08-02 21:43:44,328 - DEBUG - Tick
2026-08-02 21:43:44,328 - DEBUG - Updating ship...
2026-08-02 21:43:44,330 - DEBUG - Updating music
2026-08-02 21:43:44,331 - DEBUG - Entered _check_music
2026-08-02 21:43:44,331 - DEBUG - Paused: False, Music Playing: True
2026-08-02 21:43:44,344 - DEBUG - Tick
2026-08-02 21:43:44,344 - DEBUG - Updating ship...
2026-08-02 21:43:44,347 - DEBUG - Updating music
2026-08-02 21:43:44,347 - DEBUG - Entered _check_music
2026-08-02 21:43:44,347 - DEBUG - Paused: False, Music Playing: True
2026-08-02 21:43:44,359 - DEBUG - Tick
2026-08-02 21:43:44,360 - DEBUG - Updating ship...
2026-08-02 21:43:44,362 - DEBUG - Updating music
2026-08-02 21:43:44,362 - DEBUG - Entered _check_music
2026-08-02 21:43:44,362 - DEBUG - Paused: False, Music Playing: True
2026-08-02 21:43:44,376 - DEBUG - Tick
2026-08-02 21:43:44,376 - DEBUG - Updating ship...
2026-08-02 21:43:44,379 - DEBUG - Updating music
2026-08-02 21:43:44,379 - DEBUG - Entered _check_music
2026-08-02 21:43:44,379 - DEBUG - Paused: False, Music Playing: True
2026-08-02 21:43:44,391 - DEBUG - Tick
2026-08-02 21:43:44,392 - DEBUG - Updating ship...
2026-08-02 21:43:44,394 - DEBUG - Updating music
2026-08-02 21:43:44,395 - DEBUG - Entered _check_music
2026-08-02 21:43:44,395 - DEBUG - Paused: False, Music Playing: True
2026-08-02 21:43:44,408 - DEBUG - Tick
2026-08-02 21:43:44,408 - DEBUG - Updating ship...
2026-08-02 21:43:44,411 - DEBUG - Updating music
2026-08-02 21:43:44,411 - DEBUG - Entered _check_music
2026-08-02 21:43:44,411 - DEBUG - Paused: False, Music Playing: True
2026-08-02 21:43:44,424 - DEBUG - Tick
2026-08-02 21:43:44,424 - DEBUG - Updating ship...
2026-08-02 21:43:44,427 - DEBUG - Updating music
2026-08-02 21:43:44,427 - DEBUG - Entered _check_music
2026-08-02 21:43:44,427 - DEBUG - Paused: False, Music Playing: True
2026-08-02 21:43:44,440 - DEBUG - Tick
2026-08-02 21:43:44,440 - DEBUG - Updating ship...
2026-08-02 21:43:44,443 - DEBUG - Updating music
2026-08-02 21:43:44,443 - DEBUG - Entered _check_music
2026-08-02 21:43:44,443 - DEBUG - Paused: False, Music Playing: True
2026-08-02 21:43:44,456 - DEBUG - Tick
2026-08-02 21:43:44,456 - DEBUG - Updating ship...
2026-08-02 21:43:44,458 - DEBUG - Updating music
2026-08-02 21:43:44,458 - DEBUG - Entered _check_music
2026-08-02 21:43:44,458 - DEBUG - Paused: False, Music Playing: True
2026-08-02 21:43:44,471 - DEBUG - Tick
2026-08-02 21:43:44,472 - DEBUG - Updating ship...
2026-08-02 21:43:44,474 - DEBUG - Updating music
2026-08-02 21:43:44,474 - DEBUG - Entered _check_music
2026-08-02 21:43:44,474 - DEBUG - Paused: False, Music Playing: True
2026-08-02 21:43:44,487 - DEBUG - Tick
2026-08-02 21:43:44,487 - DEBUG - Updating ship...
2026-08-02 21:43:44,490 - DEBUG - Updating music
2026-08-02 21:43:44,490 - DEBUG - Entered _check_music
2026-08-02 21:43:44,490 - DEBUG - Paused: False, Music Playing: True
2026-08-02 21:43:44,504 - DEBUG - Tick
2026-08-02 21:43:44,505 - DEBUG - Updating ship...
2026-08-02 21:43:44,507 - DEBUG - Updating music
2026-08-02 21:43:44,507 - DEBUG - Entered _check_music
2026-08-02 21:43:44,507 - DEBUG - Paused: False, Music Playing: True
2026-08-02 21:43:44,521 - DEBUG - Tick
2026-08-02 21:43:44,521 - DEBUG - Updating ship...
2026-08-02 21:43:44,524 - DEBUG - Updating music
2026-08-02 21:43:44,524 - DEBUG - Entered _check_music
2026-08-02 21:43:44,524 - DEBUG - Paused: False, Music Playing: True
2026-08-02 21:43:44,537 - DEBUG - Tick
2026-08-02 21:43:44,538 - DEBUG - Updating ship...
2026-08-02 21:43:44,540 - DEBUG - Updating music
2026-08-02 21:43:44,540 - DEBUG - Entered _check_music
2026-08-02 21:43:44,540 - DEBUG - Paused: False, Music Playing: True
2026-08-02 21:43:44,554 - DEBUG - Tick
2026-08-02 21:43:44,554 - DEBUG - Updating ship...
2026-08-02 21:43:44,556 - DEBUG - Updating music
2026-08-02 21:43:44,556 - DEBUG - Entered _check_music
2026-08-02 21:43:44,556 - DEBUG - Paused: False, Music Playing: True
2026-08-02 21:43:44,570 - DEBUG - Tick
2026-08-02 21:43:44,570 - DEBUG - Updating ship...
2026-08-02 21:43:44,572 - DEBUG - Updating music
2026-08-02 21:43:44,572 - DEBUG - Entered _check_music
2026-08-02 21:43:44,572 - DEBUG - Paused: False, Music Playing: True
2026-08-02 21:43:44,586 - DEBUG - Tick
2026-08-02 21:43:44,586 - DEBUG - Updating ship...
2026-08-02 21:43:44,588 - DEBUG - Updating music
2026-08-02 21:43:44,588 - DEBUG - Entered _check_music
2026-08-02 21:43:44,588 - DEBUG - Paused: False, Music Playing: True
2026-08-02 21:43:44,602 - DEBUG - Tick
2026-08-02 21:43:44,602 - DEBUG - Updating ship...
2026-08-02 21:43:44,604 - DEBUG - Updating music
2026-08-02 21:43:44,604 - DEBUG - Entered _check_music
2026-08-02 21:43:44,604 - DEBUG - Paused: False, Music Playing: True
2026-08-02 21:43:44,617 - DEBUG - Tick
2026-08-02 21:43:44,618 - DEBUG - Updating ship...
2026-08-02 21:43:44,620 - DEBUG - Updating music
2026-08-02 21:43:44,620 - DEBUG - Entered _check_music
2026-08-02 21:43:44,620 - DEBUG - Paused: False, Music Playing: True
2026-08-02 21:43:44,633 - DEBUG - Tick
2026-08-02 21:43:44,634 - DEBUG - Updating ship...
2026-08-02 21:43:44,636 - DEBUG - Updating music
2026-08-02 21:43:44,636 - DEBUG - Entered _check_music
2026-08-02 21:43:44,636 - DEBUG - Paused: False, Music Playing: True
2026-08-02 21:43:44,650 - DEBUG - Tick
2026-08-02 21:43:44,650 - DEBUG - Updating ship...
2026-08-02 21:43:44,652 - DEBUG - Updating music
2026-08-02 21:43:44,652 - DEBUG - Entered _check_music
2026-08-02 21:43:44,653 - DEBUG - Paused: False, Music Playing: True
2026-08-02 21:43:44,666 - DEBUG - Tick
2026-08-02 21:43:44,666 - DEBUG - Updating ship...
2026-08-02 21:43:44,668 - DEBUG - Updating music
2026-08-02 21:43:44,669 - DEBUG - Entered _check_music
2026-08-02 21:43:44,669 - DEBUG - Paused: False, Music Playing: True
2026-08-02 21:43:44,681 - DEBUG - Tick
2026-08-02 21:43:44,682 - DEBUG - Updating ship...
2026-08-02 21:43:44,684 - DEBUG - Updating music
2026-08-02 21:43:44,684 - DEBUG - Entered _check_music
2026-08-02 21:43:44,684 - DEBUG - Paused: False, Music Playing: True
2026-08-02 21:43:44,698 - DEBUG - Tick
2026-08-02 21:43:44,698 - DEBUG - Updating ship...
2026-08-02 21:43:44,701 - DEBUG - Updating music
2026-08-02 21:43:44,701 - DEBUG - Entered _check_music
2026-08-02 21:43:44,701 - DEBUG - Paused: False, Music Playing: True
2026-08-02 21:43:44,714 - DEBUG - Tick
2026-08-02 21:43:44,714 - DEBUG - Updating ship...
2026-08-02 21:43:44,716 - DEBUG - Updating music
2026-08-02 21:43:44,716 - DEBUG - Entered _check_music
2026-08-02 21:43:44,716 - DEBUG - Paused: False, Music Playing: True
2026-08-02 21:43:44,730 - DEBUG - Tick
2026-08-02 21:43:44,730 - DEBUG - Updating ship...
2026-08-02 21:43:44,733 - DEBUG - Updating music
2026-08-02 21:43:44,733 - DEBUG - Entered _check_music
2026-08-02 21:43:44,733 - DEBUG - Paused: False, Music Playing: True
2026-08-02 21:43:44,746 - DEBUG - Tick
2026-08-02 21:43:44,746 - DEBUG - Updating ship...
2026-08-02 21:43:44,749 - DEBUG - Updating music
2026-08-02 21:43:44,749 - DEBUG - Entered _check_music
2026-08-02 21:43:44,749 - DEBUG - Paused: False, Music Playing: True
2026-08-02 21:43:44,762 - DEBUG - Tick
2026-08-02 21:43:44,762 - DEBUG - Updating ship...
2026-08-02 21:43:44,765 - DEBUG - Updating music
2026-08-02 21:43:44,765 - DEBUG - Entered _check_music
2026-08-02 21:43:44,765 - DEBUG - Paused: False, Music Playing: True
2026-08-02 21:43:44,779 - DEBUG - Tick
2026-08-02 21:43:44,779 - DEBUG - Updating ship...
2026-08-02 21:43:44,782 - DEBUG - Updating music
2026-08-02 21:43:44,782 - DEBUG - Entered _check_music
2026-08-02 21:43:44,782 - DEBUG - Paused: False, Music Playing: True
2026-08-02 21:43:44,795 - DEBUG - Tick
2026-08-02 21:43:44,795 - DEBUG - Updating ship...
2026-08-02 21:43:44,798 - DEBUG - Updating music
2026-08-02 21:43:44,798 - DEBUG - Entered _check_music
2026-08-02 21:43:44,798 - DEBUG - Paused: False, Music Playing: True
2026-08-02 21:43:44,810 - DEBUG - Tick
2026-08-02 21:43:44,810 - DEBUG - Updating ship...
2026-08-02 21:43:44,813 - DEBUG - Updating music
2026-08-02 21:43:44,813 - DEBUG - Entered _check_music
2026-08-02 21:43:44,813 - DEBUG - Paused: False, Music Playing: True
2026-08-02 21:43:44,827 - DEBUG - Tick
2026-08-02 21:43:44,827 - DEBUG - Updating ship...
2026-08-02 21:43:44,830 - DEBUG - Updating music
2026-08-02 21:43:44,830 - DEBUG - Entered _check_music
2026-08-02 21:43:44,830 - DEBUG - Paused: False, Music Playing: True
2026-08-02 21:43:44,843 - DEBUG - Tick
2026-08-02 21:43:44,843 - DEBUG - Updating ship...
2026-08-02 21:43:44,846 - DEBUG - Updating music
2026-08-02 21:43:44,846 - DEBUG - Entered _check_music
2026-08-02 21:43:44,846 - DEBUG - Paused: False, Music Playing: True
2026-08-02 21:43:44,858 - DEBUG - Tick
2026-08-02 21:43:44,859 - DEBUG - Updating ship...
2026-08-02 21:43:44,861 - DEBUG - Updating music
2026-08-02 21:43:44,861 - DEBUG - Entered _check_music
2026-08-02 21:43:44,861 - DEBUG - Paused: False, Music Playing: True
2026-08-02 21:43:44,875 - DEBUG - Tick
2026-08-02 21:43:44,875 - DEBUG - Updating ship...
2026-08-02 21:43:44,877 - DEBUG - Updating music
2026-08-02 21:43:44,877 - DEBUG - Entered _check_music
2026-08-02 21:43:44,878 - DEBUG - Paused: False, Music Playing: True
2026-08-02 21:43:44,891 - DEBUG - Tick
2026-08-02 21:43:44,891 - DEBUG - Updating ship...
2026-08-02 21:43:44,893 - DEBUG - Updating music
2026-08-02 21:43:44,893 - DEBUG - Entered _check_music
2026-08-02 21:43:44,894 - DEBUG - Paused: False, Music Playing: True
2026-08-02 21:43:44,907 - DEBUG - Tick
2026-08-02 21:43:44,907 - DEBUG - Updating ship...
2026-08-02 21:43:44,909 - DEBUG - Updating music
2026-08-02 21:43:44,909 - DEBUG - Entered _check_music
2026-08-02 21:43:44,909 - DEBUG - Paused: False, Music Playing: True
2026-08-02 21:43:44,923 - DEBUG - Tick
2026-08-02 21:43:44,923 - DEBUG - Updating ship...
2026-08-02 21:43:44,925 - DEBUG - Updating music
2026-08-02 21:43:44,925 - DEBUG - Entered _check_music
2026-08-02 21:43:44,925 - DEBUG - Paused: False, Music Playing: True
2026-08-02 21:43:44,939 - DEBUG - Tick
2026-08-02 21:43:44,939 - DEBUG - Updating ship...
2026-08-02 21:43:44,941 - DEBUG - Updating music
2026-08-02 21:43:44,942 - DEBUG - Entered _check_music
2026-08-02 21:43:44,942 - DEBUG - Paused: False, Music Playing: True
2026-08-02 21:43:44,955 - DEBUG - Tick
2026-08-02 21:43:44,955 - DEBUG - Updating ship...
2026-08-02 21:43:44,957 - DEBUG - Updating music
2026-08-02 21:43:44,958 - DEBUG - Entered _check_music
2026-08-02 21:43:44,958 - DEBUG - Paused: False, Music Playing: True
2026-08-02 21:43:44,971 - DEBUG - Tick
2026-08-02 21:43:44,971 - DEBUG - Updating ship...
2026-08-02 21:43:44,973 - DEBUG - Updating music
2026-08-02 21:43:44,973 - DEBUG - Entered _check_music
2026-08-02 21:43:44,973 - DEBUG - Paused: False, Music Playing: True
2026-08-02 21:43:44,987 - DEBUG - Tick
2026-08-02 21:43:44,987 - DEBUG - Updating ship...
2026-08-02 21:43:44,989 - DEBUG - Updating music
2026-08-02 21:43:44,990 - DEBUG - Entered _check_music
2026-08-02 21:43:44,990 - DEBUG - Paused: False, Music Playing: True
2026-08-02 21:43:45,003 - DEBUG - Tick
2026-08-02 21:43:45,003 - DEBUG - Updating ship...
2026-08-02 21:43:45,005 - DEBUG - Updating music
2026-08-02 21:43:45,005 - DEBUG - Entered _check_music
2026-08-02 21:43:45,005 - DEBUG - Paused: False, Music Playing: True
2026-08-02 21:43:45,018 - DEBUG - Tick
2026-08-02 21:43:45,019 - DEBUG - Updating ship...
2026-08-02 21:43:45,021 - DEBUG - Updating music
2026-08-02 21:43:45,021 - DEBUG - Entered _check_music
2026-08-02 21:43:45,021 - DEBUG - Paused: False, Music Playing: True
2026-08-02 21:43:45,034 - DEBUG - Tick
2026-08-02 21:43:45,034 - DEBUG - Updating ship...
2026-08-02 21:43:45,037 - DEBUG - Updating music
2026-08-02 21:43:45,037 - DEBUG - Entered _check_music
2026-08-02 21:43:45,037 - DEBUG - Paused: False, Music Playing: True
2026-08-02 21:43:45,051 - DEBUG - Tick
2026-08-02 21:43:45,051 - DEBUG - Updating ship...
2026-08-02 21:43:45,053 - DEBUG - Updating music
2026-08-02 21:43:45,054 - DEBUG - Entered _check_music
2026-08-02 21:43:45,054 - DEBUG - Paused: False, Music Playing: True
2026-08-02 21:43:45,067 - DEBUG - Tick
2026-08-02 21:43:45,067 - DEBUG - Updating ship...
2026-08-02 21:43:45,069 - DEBUG - Updating music
2026-08-02 21:43:45,069 - DEBUG - Entered _check_music
2026-08-02 21:43:45,070 - DEBUG - Paused: False, Music Playing: True
2026-08-02 21:43:45,083 - DEBUG - Tick
2026-08-02 21:43:45,083 - DEBUG - Updating ship...
2026-08-02 21:43:45,085 - DEBUG - Updating music
2026-08-02 21:43:45,085 - DEBUG - Entered _check_music
2026-08-02 21:43:45,086 - DEBUG - Paused: False, Music Playing: True
2026-08-02 21:43:45,099 - DEBUG - Tick
2026-08-02 21:43:45,099 - DEBUG - Updating ship...
2026-08-02 21:43:45,101 - DEBUG - Updating music
2026-08-02 21:43:45,101 - DEBUG - Entered _check_music
2026-08-02 21:43:45,101 - DEBUG - Paused: False, Music Playing: True
2026-08-02 21:43:45,114 - DEBUG - Tick
2026-08-02 21:43:45,115 - DEBUG - Updating ship...
2026-08-02 21:43:45,118 - DEBUG - Updating music
2026-08-02 21:43:45,118 - DEBUG - Entered _check_music
2026-08-02 21:43:45,118 - DEBUG - Paused: False, Music Playing: True
2026-08-02 21:43:45,130 - DEBUG - Tick
2026-08-02 21:43:45,131 - DEBUG - Updating ship...
2026-08-02 21:43:45,133 - DEBUG - Updating music
2026-08-02 21:43:45,133 - DEBUG - Entered _check_music
2026-08-02 21:43:45,133 - DEBUG - Paused: False, Music Playing: True
2026-08-02 21:43:45,146 - DEBUG - Tick
2026-08-02 21:43:45,147 - DEBUG - Updating ship...
2026-08-02 21:43:45,149 - DEBUG - Updating music
2026-08-02 21:43:45,149 - DEBUG - Entered _check_music
2026-08-02 21:43:45,149 - DEBUG - Paused: False, Music Playing: True
2026-08-02 21:43:45,162 - DEBUG - Tick
2026-08-02 21:43:45,163 - DEBUG - Updating ship...
2026-08-02 21:43:45,165 - DEBUG - Updating music
2026-08-02 21:43:45,165 - DEBUG - Entered _check_music
2026-08-02 21:43:45,165 - DEBUG - Paused: False, Music Playing: True
2026-08-02 21:43:45,178 - DEBUG - Tick
2026-08-02 21:43:45,178 - DEBUG - Updating ship...
2026-08-02 21:43:45,181 - DEBUG - Updating music
2026-08-02 21:43:45,181 - DEBUG - Entered _check_music
2026-08-02 21:43:45,181 - DEBUG - Paused: False, Music Playing: True
2026-08-02 21:43:45,194 - DEBUG - Tick
2026-08-02 21:43:45,195 - DEBUG - Updating ship...
2026-08-02 21:43:45,197 - DEBUG - Updating music
2026-08-02 21:43:45,197 - DEBUG - Entered _check_music
2026-08-02 21:43:45,197 - DEBUG - Paused: False, Music Playing: True
2026-08-02 21:43:45,210 - DEBUG - Tick
2026-08-02 21:43:45,210 - DEBUG - Updating ship...
2026-08-02 21:43:45,213 - DEBUG - Updating music
2026-08-02 21:43:45,213 - DEBUG - Entered _check_music
2026-08-02 21:43:45,213 - DEBUG - Paused: False, Music Playing: True
2026-08-02 21:43:45,226 - DEBUG - Tick
2026-08-02 21:43:45,227 - DEBUG - Updating ship...
2026-08-02 21:43:45,229 - DEBUG - Updating music
2026-08-02 21:43:45,229 - DEBUG - Entered _check_music
2026-08-02 21:43:45,229 - DEBUG - Paused: False, Music Playing: True
2026-08-02 21:43:45,243 - DEBUG - Tick
2026-08-02 21:43:45,243 - DEBUG - Updating ship...
2026-08-02 21:43:45,245 - DEBUG - Updating music
2026-08-02 21:43:45,245 - DEBUG - Entered _check_music
2026-08-02 21:43:45,246 - DEBUG - Paused: False, Music Playing: True
2026-08-02 21:43:45,259 - DEBUG - Tick
2026-08-02 21:43:45,259 - DEBUG - Updating ship...
2026-08-02 21:43:45,261 - DEBUG - Updating music
2026-08-02 21:43:45,262 - DEBUG - Entered _check_music
2026-08-02 21:43:45,262 - DEBUG - Paused: False, Music Playing: True
2026-08-02 21:43:45,275 - DEBUG - Tick
2026-08-02 21:43:45,275 - DEBUG - Updating ship...
2026-08-02 21:43:45,278 - DEBUG - Updating music
2026-08-02 21:43:45,278 - DEBUG - Entered _check_music
2026-08-02 21:43:45,278 - DEBUG - Paused: False, Music Playing: True
2026-08-02 21:43:45,291 - DEBUG - Tick
2026-08-02 21:43:45,291 - DEBUG - Updating ship...
2026-08-02 21:43:45,294 - DEBUG - Updating music
2026-08-02 21:43:45,294 - DEBUG - Entered _check_music
2026-08-02 21:43:45,294 - DEBUG - Paused: False, Music Playing: True
2026-08-02 21:43:45,307 - DEBUG - Tick
2026-08-02 21:43:45,307 - DEBUG - Updating ship...
2026-08-02 21:43:45,310 - DEBUG - Updating music
2026-08-02 21:43:45,310 - DEBUG - Entered _check_music
2026-08-02 21:43:45,310 - DEBUG - Paused: False, Music Playing: True
2026-08-02 21:43:45,323 - DEBUG - Tick
2026-08-02 21:43:45,323 - DEBUG - Updating ship...
2026-08-02 21:43:45,326 - DEBUG - Updating music
2026-08-02 21:43:45,326 - DEBUG - Entered _check_music
2026-08-02 21:43:45,326 - DEBUG - Paused: False, Music Playing: True
2026-08-02 21:43:45,339 - DEBUG - Tick
2026-08-02 21:43:45,340 - DEBUG - Updating ship...
2026-08-02 21:43:45,342 - DEBUG - Updating music
2026-08-02 21:43:45,342 - DEBUG - Entered _check_music
2026-08-02 21:43:45,343 - DEBUG - Paused: False, Music Playing: True
2026-08-02 21:43:45,356 - DEBUG - Tick
2026-08-02 21:43:45,356 - DEBUG - Updating ship...
2026-08-02 21:43:45,359 - DEBUG - Updating music
2026-08-02 21:43:45,359 - DEBUG - Entered _check_music
2026-08-02 21:43:45,359 - DEBUG - Paused: False, Music Playing: True
2026-08-02 21:43:45,372 - DEBUG - Tick
2026-08-02 21:43:45,372 - DEBUG - Updating ship...
2026-08-02 21:43:45,375 - DEBUG - Updating music
2026-08-02 21:43:45,375 - DEBUG - Entered _check_music
2026-08-02 21:43:45,375 - DEBUG - Paused: False, Music Playing: True
2026-08-02 21:43:45,387 - DEBUG - Tick
2026-08-02 21:43:45,388 - DEBUG - Updating ship...
2026-08-02 21:43:45,390 - DEBUG - Updating music
2026-08-02 21:43:45,390 - DEBUG - Entered _check_music
2026-08-02 21:43:45,390 - DEBUG - Paused: False, Music Playing: True
2026-08-02 21:43:45,404 - DEBUG - Tick
2026-08-02 21:43:45,404 - DEBUG - Updating ship...
2026-08-02 21:43:45,406 - DEBUG - Updating music
2026-08-02 21:43:45,406 - DEBUG - Entered _check_music
2026-08-02 21:43:45,406 - DEBUG - Paused: False, Music Playing: True
2026-08-02 21:43:45,419 - DEBUG - Tick
2026-08-02 21:43:45,420 - DEBUG - Updating ship...
2026-08-02 21:43:45,422 - DEBUG - Updating music
2026-08-02 21:43:45,422 - DEBUG - Entered _check_music
2026-08-02 21:43:45,422 - DEBUG - Paused: False, Music Playing: True
2026-08-02 21:43:45,436 - DEBUG - Tick
2026-08-02 21:43:45,436 - DEBUG - Updating ship...
2026-08-02 21:43:45,438 - DEBUG - Updating music
2026-08-02 21:43:45,438 - DEBUG - Entered _check_music
2026-08-02 21:43:45,439 - DEBUG - Paused: False, Music Playing: True
2026-08-02 21:43:45,452 - DEBUG - Tick
2026-08-02 21:43:45,452 - DEBUG - Updating ship...
2026-08-02 21:43:45,454 - DEBUG - Updating music
2026-08-02 21:43:45,454 - DEBUG - Entered _check_music
2026-08-02 21:43:45,454 - DEBUG - Paused: False, Music Playing: True
2026-08-02 21:43:45,468 - DEBUG - Tick
2026-08-02 21:43:45,468 - DEBUG - Updating ship...
2026-08-02 21:43:45,470 - DEBUG - Updating music
2026-08-02 21:43:45,470 - DEBUG - Entered _check_music
2026-08-02 21:43:45,470 - DEBUG - Paused: False, Music Playing: True
2026-08-02 21:43:45,483 - DEBUG - Tick
2026-08-02 21:43:45,484 - DEBUG - Updating ship...
2026-08-02 21:43:45,486 - DEBUG - Updating music
2026-08-02 21:43:45,486 - DEBUG - Entered _check_music
2026-08-02 21:43:45,486 - DEBUG - Paused: False, Music Playing: True
2026-08-02 21:43:45,499 - DEBUG - Tick
2026-08-02 21:43:45,500 - DEBUG - Updating ship...
2026-08-02 21:43:45,502 - DEBUG - Updating music
2026-08-02 21:43:45,502 - DEBUG - Entered _check_music
2026-08-02 21:43:45,502 - DEBUG - Paused: False, Music Playing: True
2026-08-02 21:43:45,516 - DEBUG - Tick
2026-08-02 21:43:45,517 - DEBUG - Updating ship...
2026-08-02 21:43:45,519 - DEBUG - Updating music
2026-08-02 21:43:45,519 - DEBUG - Entered _check_music
2026-08-02 21:43:45,519 - DEBUG - Paused: False, Music Playing: True
2026-08-02 21:43:45,532 - DEBUG - Tick
2026-08-02 21:43:45,533 - DEBUG - Updating ship...
2026-08-02 21:43:45,535 - DEBUG - Updating music
2026-08-02 21:43:45,536 - DEBUG - Entered _check_music
2026-08-02 21:43:45,536 - DEBUG - Paused: False, Music Playing: True
2026-08-02 21:43:45,549 - DEBUG - Tick
2026-08-02 21:43:45,549 - DEBUG - Updating ship...
2026-08-02 21:43:45,551 - DEBUG - Updating music
2026-08-02 21:43:45,551 - DEBUG - Entered _check_music
2026-08-02 21:43:45,552 - DEBUG - Paused: False, Music Playing: True
2026-08-02 21:43:45,565 - DEBUG - Tick
2026-08-02 21:43:45,565 - DEBUG - Updating ship...
2026-08-02 21:43:45,567 - DEBUG - Updating music
2026-08-02 21:43:45,567 - DEBUG - Entered _check_music
2026-08-02 21:43:45,567 - DEBUG - Paused: False, Music Playing: True
2026-08-02 21:43:45,580 - DEBUG - Tick
2026-08-02 21:43:45,581 - DEBUG - Updating ship...
2026-08-02 21:43:45,583 - DEBUG - Updating music
2026-08-02 21:43:45,583 - DEBUG - Entered _check_music
2026-08-02 21:43:45,583 - DEBUG - Paused: False, Music Playing: True
2026-08-02 21:43:45,597 - DEBUG - Tick
2026-08-02 21:43:45,597 - DEBUG - Updating ship...
2026-08-02 21:43:45,600 - DEBUG - Updating music
2026-08-02 21:43:45,600 - DEBUG - Entered _check_music
2026-08-02 21:43:45,600 - DEBUG - Paused: False, Music Playing: True
2026-08-02 21:43:45,614 - DEBUG - Tick
2026-08-02 21:43:45,614 - DEBUG - Updating ship...
2026-08-02 21:43:45,617 - DEBUG - Updating music
2026-08-02 21:43:45,617 - DEBUG - Entered _check_music
2026-08-02 21:43:45,617 - DEBUG - Paused: False, Music Playing: True
2026-08-02 21:43:45,631 - DEBUG - Tick
2026-08-02 21:43:45,631 - DEBUG - Updating ship...
2026-08-02 21:43:45,634 - DEBUG - Updating music
2026-08-02 21:43:45,634 - DEBUG - Entered _check_music
2026-08-02 21:43:45,634 - DEBUG - Paused: False, Music Playing: True
2026-08-02 21:43:45,647 - DEBUG - Tick
2026-08-02 21:43:45,647 - DEBUG - Updating ship...
2026-08-02 21:43:45,649 - DEBUG - Updating music
2026-08-02 21:43:45,650 - DEBUG - Entered _check_music
2026-08-02 21:43:45,650 - DEBUG - Paused: False, Music Playing: True
2026-08-02 21:43:45,663 - DEBUG - Tick
2026-08-02 21:43:45,663 - DEBUG - Updating ship...
2026-08-02 21:43:45,666 - DEBUG - Updating music
2026-08-02 21:43:45,666 - DEBUG - Entered _check_music
2026-08-02 21:43:45,666 - DEBUG - Paused: False, Music Playing: True
2026-08-02 21:43:45,679 - DEBUG - Tick
2026-08-02 21:43:45,680 - DEBUG - Updating ship...
2026-08-02 21:43:45,682 - DEBUG - Updating music
2026-08-02 21:43:45,682 - DEBUG - Entered _check_music
2026-08-02 21:43:45,682 - DEBUG - Paused: False, Music Playing: True
2026-08-02 21:43:45,695 - DEBUG - Tick
2026-08-02 21:43:45,695 - DEBUG - Updating ship...
2026-08-02 21:43:45,698 - DEBUG - Updating music
2026-08-02 21:43:45,698 - DEBUG - Entered _check_music
2026-08-02 21:43:45,698 - DEBUG - Paused: False, Music Playing: True
2026-08-02 21:43:45,711 - DEBUG - Tick
2026-08-02 21:43:45,712 - DEBUG - Updating ship...
2026-08-02 21:43:45,715 - DEBUG - Updating music
2026-08-02 21:43:45,715 - DEBUG - Entered _check_music
2026-08-02 21:43:45,715 - DEBUG - Paused: False, Music Playing: True
2026-08-02 21:43:45,728 - DEBUG - Tick
2026-08-02 21:43:45,729 - DEBUG - Updating ship...
2026-08-02 21:43:45,731 - DEBUG - Updating music
2026-08-02 21:43:45,731 - DEBUG - Entered _check_music
2026-08-02 21:43:45,731 - DEBUG - Paused: False, Music Playing: True
2026-08-02 21:43:45,744 - DEBUG - Tick
2026-08-02 21:43:45,745 - DEBUG - Updating ship...
2026-08-02 21:43:45,747 - DEBUG - Updating music
2026-08-02 21:43:45,748 - DEBUG - Entered _check_music
2026-08-02 21:43:45,748 - DEBUG - Paused: False, Music Playing: True
2026-08-02 21:43:45,761 - DEBUG - Tick
2026-08-02 21:43:45,761 - DEBUG - Updating ship...
2026-08-02 21:43:45,764 - DEBUG - Updating music
2026-08-02 21:43:45,764 - DEBUG - Entered _check_music
2026-08-02 21:43:45,764 - DEBUG - Paused: False, Music Playing: True
2026-08-02 21:43:45,777 - DEBUG - Tick
2026-08-02 21:43:45,777 - DEBUG - Updating ship...
2026-08-02 21:43:45,779 - DEBUG - Updating music
2026-08-02 21:43:45,780 - DEBUG - Entered _check_music
2026-08-02 21:43:45,780 - DEBUG - Paused: False, Music Playing: True
2026-08-02 21:43:45,793 - DEBUG - Tick
2026-08-02 21:43:45,793 - DEBUG - Updating ship...
2026-08-02 21:43:45,796 - DEBUG - Updating music
2026-08-02 21:43:45,796 - DEBUG - Entered _check_music
2026-08-02 21:43:45,796 - DEBUG - Paused: False, Music Playing: True
2026-08-02 21:43:45,809 - DEBUG - Tick
2026-08-02 21:43:45,809 - DEBUG - Updating ship...
2026-08-02 21:43:45,812 - DEBUG - Updating music
2026-08-02 21:43:45,812 - DEBUG - Entered _check_music
2026-08-02 21:43:45,812 - DEBUG - Paused: False, Music Playing: True
2026-08-02 21:43:45,825 - DEBUG - Tick
2026-08-02 21:43:45,825 - DEBUG - Updating ship...
2026-08-02 21:43:45,827 - DEBUG - Updating music
2026-08-02 21:43:45,828 - DEBUG - Entered _check_music
2026-08-02 21:43:45,828 - DEBUG - Paused: False, Music Playing: True
2026-08-02 21:43:45,841 - DEBUG - Tick
2026-08-02 21:43:45,841 - DEBUG - Updating ship...
2026-08-02 21:43:45,844 - DEBUG - Updating music
2026-08-02 21:43:45,844 - DEBUG - Entered _check_music
2026-08-02 21:43:45,844 - DEBUG - Paused: False, Music Playing: True
2026-08-02 21:43:45,857 - DEBUG - Tick
2026-08-02 21:43:45,858 - DEBUG - Updating ship...
2026-08-02 21:43:45,860 - DEBUG - Updating music
2026-08-02 21:43:45,860 - DEBUG - Entered _check_music
2026-08-02 21:43:45,860 - DEBUG - Paused: False, Music Playing: True
2026-08-02 21:43:45,873 - DEBUG - Tick
2026-08-02 21:43:45,873 - DEBUG - Updating ship...
2026-08-02 21:43:45,876 - DEBUG - Updating music
2026-08-02 21:43:45,876 - DEBUG - Entered _check_music
2026-08-02 21:43:45,876 - DEBUG - Paused: False, Music Playing: True
2026-08-02 21:43:45,889 - DEBUG - Tick
2026-08-02 21:43:45,890 - DEBUG - Updating ship...
2026-08-02 21:43:45,892 - DEBUG - Updating music
2026-08-02 21:43:45,892 - DEBUG - Entered _check_music
2026-08-02 21:43:45,892 - DEBUG - Paused: False, Music Playing: True
2026-08-02 21:43:45,905 - DEBUG - Tick
2026-08-02 21:43:45,905 - DEBUG - Updating ship...
2026-08-02 21:43:45,907 - DEBUG - Updating music
2026-08-02 21:43:45,908 - DEBUG - Entered _check_music
2026-08-02 21:43:45,908 - DEBUG - Paused: False, Music Playing: True
2026-08-02 21:43:45,921 - DEBUG - Tick
2026-08-02 21:43:45,921 - DEBUG - Updating ship...
2026-08-02 21:43:45,924 - DEBUG - Updating music
2026-08-02 21:43:45,924 - DEBUG - Entered _check_music
2026-08-02 21:43:45,924 - DEBUG - Paused: False, Music Playing: True
2026-08-02 21:43:45,936 - DEBUG - Tick
2026-08-02 21:43:45,937 - DEBUG - Updating ship...
2026-08-02 21:43:45,939 - DEBUG - Updating music
2026-08-02 21:43:45,939 - DEBUG - Entered _check_music
2026-08-02 21:43:45,939 - DEBUG - Paused: False, Music Playing: True
2026-08-02 21:43:45,952 - DEBUG - Tick
2026-08-02 21:43:45,953 - DEBUG - Updating ship...
2026-08-02 21:43:45,955 - DEBUG - Updating music
2026-08-02 21:43:45,955 - DEBUG - Entered _check_music
2026-08-02 21:43:45,955 - DEBUG - Paused: False, Music Playing: True
2026-08-02 21:43:45,968 - DEBUG - Tick
2026-08-02 21:43:45,969 - DEBUG - Updating ship...
2026-08-02 21:43:45,971 - DEBUG - Updating music
2026-08-02 21:43:45,971 - DEBUG - Entered _check_music
2026-08-02 21:43:45,971 - DEBUG - Paused: False, Music Playing: True
2026-08-02 21:43:45,984 - DEBUG - Tick
2026-08-02 21:43:45,985 - DEBUG - Updating ship...
2026-08-02 21:43:45,987 - DEBUG - Updating music
2026-08-02 21:43:45,987 - DEBUG - Entered _check_music
2026-08-02 21:43:45,987 - DEBUG - Paused: False, Music Playing: True
2026-08-02 21:43:46,000 - DEBUG - Tick
2026-08-02 21:43:46,001 - DEBUG - Updating ship...
2026-08-02 21:43:46,003 - DEBUG - Updating music
2026-08-02 21:43:46,003 - DEBUG - Entered _check_music
2026-08-02 21:43:46,003 - DEBUG - Paused: False, Music Playing: True
2026-08-02 21:43:46,017 - DEBUG - Tick
2026-08-02 21:43:46,017 - DEBUG - Updating ship...
2026-08-02 21:43:46,020 - DEBUG - Updating music
2026-08-02 21:43:46,020 - DEBUG - Entered _check_music
2026-08-02 21:43:46,020 - DEBUG - Paused: False, Music Playing: True
2026-08-02 21:43:46,033 - DEBUG - Tick
2026-08-02 21:43:46,033 - DEBUG - Updating ship...
2026-08-02 21:43:46,036 - DEBUG - Updating music
2026-08-02 21:43:46,036 - DEBUG - Entered _check_music
2026-08-02 21:43:46,036 - DEBUG - Paused: False, Music Playing: True
2026-08-02 21:43:46,049 - DEBUG - Tick
2026-08-02 21:43:46,049 - DEBUG - Updating ship...
2026-08-02 21:43:46,051 - DEBUG - Updating music
2026-08-02 21:43:46,051 - DEBUG - Entered _check_music
2026-08-02 21:43:46,052 - DEBUG - Paused: False, Music Playing: True
2026-08-02 21:43:46,065 - DEBUG - Tick
2026-08-02 21:43:46,065 - DEBUG - Updating ship...
2026-08-02 21:43:46,067 - DEBUG - Updating music
2026-08-02 21:43:46,067 - DEBUG - Entered _check_music
2026-08-02 21:43:46,067 - DEBUG - Paused: False, Music Playing: True
2026-08-02 21:43:46,080 - DEBUG - Tick
2026-08-02 21:43:46,081 - DEBUG - Updating ship...
2026-08-02 21:43:46,083 - DEBUG - Updating music
2026-08-02 21:43:46,083 - DEBUG - Entered _check_music
2026-08-02 21:43:46,083 - DEBUG - Paused: False, Music Playing: True
2026-08-02 21:43:46,096 - DEBUG - Tick
2026-08-02 21:43:46,097 - DEBUG - Updating ship...
2026-08-02 21:43:46,099 - DEBUG - Updating music
2026-08-02 21:43:46,099 - DEBUG - Entered _check_music
2026-08-02 21:43:46,099 - DEBUG - Paused: False, Music Playing: True
2026-08-02 21:43:46,113 - DEBUG - Tick
2026-08-02 21:43:46,113 - DEBUG - Updating ship...
2026-08-02 21:43:46,115 - DEBUG - Updating music
2026-08-02 21:43:46,116 - DEBUG - Entered _check_music
2026-08-02 21:43:46,116 - DEBUG - Paused: False, Music Playing: True
2026-08-02 21:43:46,129 - DEBUG - Tick
2026-08-02 21:43:46,129 - DEBUG - Updating ship...
2026-08-02 21:43:46,131 - DEBUG - Updating music
2026-08-02 21:43:46,131 - DEBUG - Entered _check_music
2026-08-02 21:43:46,131 - DEBUG - Paused: False, Music Playing: True
2026-08-02 21:43:46,145 - DEBUG - Tick
2026-08-02 21:43:46,145 - DEBUG - Updating ship...
2026-08-02 21:43:46,147 - DEBUG - Updating music
2026-08-02 21:43:46,147 - DEBUG - Entered _check_music
2026-08-02 21:43:46,147 - DEBUG - Paused: False, Music Playing: True
2026-08-02 21:43:46,161 - DEBUG - Tick
2026-08-02 21:43:46,161 - DEBUG - Updating ship...
2026-08-02 21:43:46,163 - DEBUG - Updating music
2026-08-02 21:43:46,163 - DEBUG - Entered _check_music
2026-08-02 21:43:46,164 - DEBUG - Paused: False, Music Playing: True
2026-08-02 21:43:46,177 - DEBUG - Tick
2026-08-02 21:43:46,177 - DEBUG - Updating ship...
2026-08-02 21:43:46,179 - DEBUG - Updating music
2026-08-02 21:43:46,180 - DEBUG - Entered _check_music
2026-08-02 21:43:46,180 - DEBUG - Paused: False, Music Playing: True
2026-08-02 21:43:46,193 - DEBUG - Tick
2026-08-02 21:43:46,193 - DEBUG - Updating ship...
2026-08-02 21:43:46,196 - DEBUG - Updating music
2026-08-02 21:43:46,196 - DEBUG - Entered _check_music
2026-08-02 21:43:46,196 - DEBUG - Paused: False, Music Playing: True
2026-08-02 21:43:46,209 - DEBUG - Tick
2026-08-02 21:43:46,209 - DEBUG - Updating ship...
2026-08-02 21:43:46,212 - DEBUG - Updating music
2026-08-02 21:43:46,212 - DEBUG - Entered _check_music
2026-08-02 21:43:46,212 - DEBUG - Paused: False, Music Playing: True
2026-08-02 21:43:46,225 - DEBUG - Tick
2026-08-02 21:43:46,225 - DEBUG - Updating ship...
2026-08-02 21:43:46,228 - DEBUG - Updating music
2026-08-02 21:43:46,228 - DEBUG - Entered _check_music
2026-08-02 21:43:46,228 - DEBUG - Paused: False, Music Playing: True
2026-08-02 21:43:46,241 - DEBUG - Tick
2026-08-02 21:43:46,241 - DEBUG - Updating ship...
2026-08-02 21:43:46,244 - DEBUG - Updating music
2026-08-02 21:43:46,244 - DEBUG - Entered _check_music
2026-08-02 21:43:46,244 - DEBUG - Paused: False, Music Playing: True
2026-08-02 21:43:46,257 - DEBUG - Tick
2026-08-02 21:43:46,257 - DEBUG - Updating ship...
2026-08-02 21:43:46,259 - DEBUG - Updating music
2026-08-02 21:43:46,260 - DEBUG - Entered _check_music
2026-08-02 21:43:46,260 - DEBUG - Paused: False, Music Playing: True
2026-08-02 21:43:46,273 - DEBUG - Tick
2026-08-02 21:43:46,273 - DEBUG - Updating ship...
2026-08-02 21:43:46,275 - DEBUG - Updating music
2026-08-02 21:43:46,276 - DEBUG - Entered _check_music
2026-08-02 21:43:46,276 - DEBUG - Paused: False, Music Playing: True
2026-08-02 21:43:46,289 - DEBUG - Tick
2026-08-02 21:43:46,289 - DEBUG - Updating ship...
2026-08-02 21:43:46,291 - DEBUG - Updating music
2026-08-02 21:43:46,292 - DEBUG - Entered _check_music
2026-08-02 21:43:46,292 - DEBUG - Paused: False, Music Playing: True
2026-08-02 21:43:46,305 - DEBUG - Tick
2026-08-02 21:43:46,305 - DEBUG - Updating ship...
2026-08-02 21:43:46,307 - DEBUG - Updating music
2026-08-02 21:43:46,308 - DEBUG - Entered _check_music
2026-08-02 21:43:46,308 - DEBUG - Paused: False, Music Playing: True
2026-08-02 21:43:46,321 - DEBUG - Tick
2026-08-02 21:43:46,321 - DEBUG - Updating ship...
2026-08-02 21:43:46,323 - DEBUG - Updating music
2026-08-02 21:43:46,323 - DEBUG - Entered _check_music
2026-08-02 21:43:46,324 - DEBUG - Paused: False, Music Playing: True
2026-08-02 21:43:46,337 - DEBUG - Tick
2026-08-02 21:43:46,337 - DEBUG - Updating ship...
2026-08-02 21:43:46,339 - DEBUG - Updating music
2026-08-02 21:43:46,339 - DEBUG - Entered _check_music
2026-08-02 21:43:46,339 - DEBUG - Paused: False, Music Playing: True
2026-08-02 21:43:46,353 - DEBUG - Tick
2026-08-02 21:43:46,353 - DEBUG - Updating ship...
2026-08-02 21:43:46,355 - DEBUG - Updating music
2026-08-02 21:43:46,355 - DEBUG - Entered _check_music
2026-08-02 21:43:46,355 - DEBUG - Paused: False, Music Playing: True
2026-08-02 21:43:46,369 - DEBUG - Tick
2026-08-02 21:43:46,369 - DEBUG - Updating ship...
2026-08-02 21:43:46,371 - DEBUG - Updating music
2026-08-02 21:43:46,371 - DEBUG - Entered _check_music
2026-08-02 21:43:46,371 - DEBUG - Paused: False, Music Playing: True
2026-08-02 21:43:46,385 - DEBUG - Tick
2026-08-02 21:43:46,385 - DEBUG - Updating ship...
2026-08-02 21:43:46,387 - DEBUG - Updating music
2026-08-02 21:43:46,387 - DEBUG - Entered _check_music
2026-08-02 21:43:46,387 - DEBUG - Paused: False, Music Playing: True
2026-08-02 21:43:46,400 - DEBUG - Tick
2026-08-02 21:43:46,400 - DEBUG - Updating ship...
2026-08-02 21:43:46,402 - DEBUG - Updating music
2026-08-02 21:43:46,402 - DEBUG - Entered _check_music
2026-08-02 21:43:46,402 - DEBUG - Paused: False, Music Playing: True
2026-08-02 21:43:46,416 - DEBUG - Tick
2026-08-02 21:43:46,416 - DEBUG - Updating ship...
2026-08-02 21:43:46,418 - DEBUG - Updating music
2026-08-02 21:43:46,418 - DEBUG - Entered _check_music
2026-08-02 21:43:46,418 - DEBUG - Paused: False, Music Playing: True
2026-08-02 21:43:46,432 - DEBUG - Tick
2026-08-02 21:43:46,432 - DEBUG - Updating ship...
2026-08-02 21:43:46,435 - DEBUG - Updating music
2026-08-02 21:43:46,435 - DEBUG - Entered _check_music
2026-08-02 21:43:46,435 - DEBUG - Paused: False, Music Playing: True
2026-08-02 21:43:46,448 - DEBUG - Tick
2026-08-02 21:43:46,448 - DEBUG - Updating ship...
2026-08-02 21:43:46,450 - DEBUG - Updating music
2026-08-02 21:43:46,451 - DEBUG - Entered _check_music
2026-08-02 21:43:46,451 - DEBUG - Paused: False, Music Playing: True
2026-08-02 21:43:46,464 - DEBUG - Tick
2026-08-02 21:43:46,464 - DEBUG - Updating ship...
2026-08-02 21:43:46,467 - DEBUG - Updating music
2026-08-02 21:43:46,467 - DEBUG - Entered _check_music
2026-08-02 21:43:46,467 - DEBUG - Paused: False, Music Playing: True
2026-08-02 21:43:46,480 - DEBUG - Tick
2026-08-02 21:43:46,480 - DEBUG - Updating ship...
2026-08-02 21:43:46,483 - DEBUG - Updating music
2026-08-02 21:43:46,483 - DEBUG - Entered _check_music
2026-08-02 21:43:46,483 - DEBUG - Paused: False, Music Playing: True
2026-08-02 21:43:46,496 - DEBUG - Tick
2026-08-02 21:43:46,496 - DEBUG - Updating ship...
2026-08-02 21:43:46,499 - DEBUG - Updating music
2026-08-02 21:43:46,499 - DEBUG - Entered _check_music
2026-08-02 21:43:46,499 - DEBUG - Paused: False, Music Playing: True
2026-08-02 21:43:46,511 - DEBUG - Tick
2026-08-02 21:43:46,512 - DEBUG - Updating ship...
2026-08-02 21:43:46,514 - DEBUG - Updating music
2026-08-02 21:43:46,514 - DEBUG - Entered _check_music
2026-08-02 21:43:46,514 - DEBUG - Paused: False, Music Playing: True
2026-08-02 21:43:46,528 - DEBUG - Tick
2026-08-02 21:43:46,528 - DEBUG - Updating ship...
2026-08-02 21:43:46,530 - DEBUG - Updating music
2026-08-02 21:43:46,531 - DEBUG - Entered _check_music
2026-08-02 21:43:46,531 - DEBUG - Paused: False, Music Playing: True
2026-08-02 21:43:46,544 - DEBUG - Tick
2026-08-02 21:43:46,544 - DEBUG - Updating ship...
2026-08-02 21:43:46,546 - DEBUG - Updating music
2026-08-02 21:43:46,548 - DEBUG - Entered _check_music
2026-08-02 21:43:46,548 - DEBUG - Paused: False, Music Playing: True
2026-08-02 21:43:46,560 - DEBUG - Tick
2026-08-02 21:43:46,560 - DEBUG - Updating ship...
2026-08-02 21:43:46,563 - DEBUG - Updating music
2026-08-02 21:43:46,563 - DEBUG - Entered _check_music
2026-08-02 21:43:46,563 - DEBUG - Paused: False, Music Playing: True
2026-08-02 21:43:46,576 - DEBUG - Tick
2026-08-02 21:43:46,576 - DEBUG - Updating ship...
2026-08-02 21:43:46,579 - DEBUG - Updating music
2026-08-02 21:43:46,579 - DEBUG - Entered _check_music
2026-08-02 21:43:46,579 - DEBUG - Paused: False, Music Playing: True
2026-08-02 21:43:46,592 - DEBUG - Tick
2026-08-02 21:43:46,592 - DEBUG - Updating ship...
2026-08-02 21:43:46,595 - DEBUG - Updating music
2026-08-02 21:43:46,595 - DEBUG - Entered _check_music
2026-08-02 21:43:46,595 - DEBUG - Paused: False, Music Playing: True
2026-08-02 21:43:46,608 - DEBUG - Tick
2026-08-02 21:43:46,608 - DEBUG - Updating ship...
2026-08-02 21:43:46,611 - DEBUG - Updating music
2026-08-02 21:43:46,611 - DEBUG - Entered _check_music
2026-08-02 21:43:46,611 - DEBUG - Paused: False, Music Playing: True
2026-08-02 21:43:46,624 - DEBUG - Tick
2026-08-02 21:43:46,624 - DEBUG - Updating ship...
2026-08-02 21:43:46,627 - DEBUG - Updating music
2026-08-02 21:43:46,627 - DEBUG - Entered _check_music
2026-08-02 21:43:46,627 - DEBUG - Paused: False, Music Playing: True
2026-08-02 21:43:46,640 - DEBUG - Tick
2026-08-02 21:43:46,640 - DEBUG - Updating ship...
2026-08-02 21:43:46,643 - DEBUG - Updating music
2026-08-02 21:43:46,643 - DEBUG - Entered _check_music
2026-08-02 21:43:46,643 - DEBUG - Paused: False, Music Playing: True
2026-08-02 21:43:46,656 - DEBUG - Tick
2026-08-02 21:43:46,656 - DEBUG - Updating ship...
2026-08-02 21:43:46,659 - DEBUG - Updating music
2026-08-02 21:43:46,659 - DEBUG - Entered _check_music
2026-08-02 21:43:46,659 - DEBUG - Paused: False, Music Playing: True
2026-08-02 21:43:46,672 - DEBUG - Tick
2026-08-02 21:43:46,672 - DEBUG - Updating ship...
2026-08-02 21:43:46,674 - DEBUG - Updating music
2026-08-02 21:43:46,674 - DEBUG - Entered _check_music
2026-08-02 21:43:46,674 - DEBUG - Paused: False, Music Playing: True
2026-08-02 21:43:46,689 - DEBUG - Tick
2026-08-02 21:43:46,689 - DEBUG - Updating ship...
2026-08-02 21:43:46,691 - DEBUG - Updating music
2026-08-02 21:43:46,691 - DEBUG - Entered _check_music
2026-08-02 21:43:46,691 - DEBUG - Paused: False, Music Playing: True
2026-08-02 21:43:46,705 - DEBUG - Tick
2026-08-02 21:43:46,705 - DEBUG - Updating ship...
2026-08-02 21:43:46,707 - DEBUG - Updating music
2026-08-02 21:43:46,707 - DEBUG - Entered _check_music
2026-08-02 21:43:46,707 - DEBUG - Paused: False, Music Playing: True
2026-08-02 21:43:46,720 - DEBUG - Tick
2026-08-02 21:43:46,720 - DEBUG - Updating ship...
2026-08-02 21:43:46,723 - DEBUG - Updating music
2026-08-02 21:43:46,723 - DEBUG - Entered _check_music
2026-08-02 21:43:46,723 - DEBUG - Paused: False, Music Playing: True
2026-08-02 21:43:46,736 - DEBUG - Tick
2026-08-02 21:43:46,737 - DEBUG - Updating ship...
2026-08-02 21:43:46,738 - DEBUG - Updating music
2026-08-02 21:43:46,739 - DEBUG - Entered _check_music
2026-08-02 21:43:46,739 - DEBUG - Paused: False, Music Playing: True
2026-08-02 21:43:46,753 - DEBUG - Tick
2026-08-02 21:43:46,753 - DEBUG - Updating ship...
2026-08-02 21:43:46,755 - DEBUG - Updating music
2026-08-02 21:43:46,755 - DEBUG - Entered _check_music
2026-08-02 21:43:46,755 - DEBUG - Paused: False, Music Playing: True
2026-08-02 21:43:46,768 - DEBUG - Tick
2026-08-02 21:43:46,769 - DEBUG - Updating ship...
2026-08-02 21:43:46,771 - DEBUG - Updating music
2026-08-02 21:43:46,771 - DEBUG - Entered _check_music
2026-08-02 21:43:46,771 - DEBUG - Paused: False, Music Playing: True
2026-08-02 21:43:46,785 - DEBUG - Tick
2026-08-02 21:43:46,785 - DEBUG - Updating ship...
2026-08-02 21:43:46,787 - DEBUG - Updating music
2026-08-02 21:43:46,788 - DEBUG - Entered _check_music
2026-08-02 21:43:46,788 - DEBUG - Paused: False, Music Playing: True
2026-08-02 21:43:46,802 - DEBUG - Tick
2026-08-02 21:43:46,802 - DEBUG - Updating ship...
2026-08-02 21:43:46,804 - DEBUG - Updating music
2026-08-02 21:43:46,804 - DEBUG - Entered _check_music
2026-08-02 21:43:46,804 - DEBUG - Paused: False, Music Playing: True
2026-08-02 21:43:46,817 - DEBUG - Tick
2026-08-02 21:43:46,818 - DEBUG - Updating ship...
2026-08-02 21:43:46,820 - DEBUG - Updating music
2026-08-02 21:43:46,820 - DEBUG - Entered _check_music
2026-08-02 21:43:46,820 - DEBUG - Paused: False, Music Playing: True
2026-08-02 21:43:46,834 - DEBUG - Tick
2026-08-02 21:43:46,834 - DEBUG - Updating ship...
2026-08-02 21:43:46,836 - DEBUG - Updating music
2026-08-02 21:43:46,836 - DEBUG - Entered _check_music
2026-08-02 21:43:46,836 - DEBUG - Paused: False, Music Playing: True
2026-08-02 21:43:46,850 - DEBUG - Tick
2026-08-02 21:43:46,850 - DEBUG - Updating ship...
2026-08-02 21:43:46,852 - DEBUG - Updating music
2026-08-02 21:43:46,852 - DEBUG - Entered _check_music
2026-08-02 21:43:46,852 - DEBUG - Paused: False, Music Playing: True
2026-08-02 21:43:46,866 - DEBUG - Tick
2026-08-02 21:43:46,866 - DEBUG - Updating ship...
2026-08-02 21:43:46,869 - DEBUG - Updating music
2026-08-02 21:43:46,869 - DEBUG - Entered _check_music
2026-08-02 21:43:46,870 - DEBUG - Paused: False, Music Playing: True
2026-08-02 21:43:46,882 - DEBUG - Tick
2026-08-02 21:43:46,882 - DEBUG - Updating ship...
2026-08-02 21:43:46,883 - DEBUG - Updating music
2026-08-02 21:43:46,883 - DEBUG - Entered _check_music
2026-08-02 21:43:46,883 - DEBUG - Paused: False, Music Playing: True
2026-08-02 21:43:46,897 - DEBUG - Tick
2026-08-02 21:43:46,898 - DEBUG - Updating ship...
2026-08-02 21:43:46,899 - DEBUG - Updating music
2026-08-02 21:43:46,899 - DEBUG - Entered _check_music
2026-08-02 21:43:46,899 - DEBUG - Paused: False, Music Playing: True
2026-08-02 21:43:46,913 - DEBUG - Tick
2026-08-02 21:43:46,914 - DEBUG - Updating ship...
2026-08-02 21:43:46,916 - DEBUG - Updating music
2026-08-02 21:43:46,916 - DEBUG - Entered _check_music
2026-08-02 21:43:46,916 - DEBUG - Paused: False, Music Playing: True
2026-08-02 21:43:46,930 - DEBUG - Tick
2026-08-02 21:43:46,930 - DEBUG - Updating ship...
2026-08-02 21:43:46,932 - DEBUG - Updating music
2026-08-02 21:43:46,932 - DEBUG - Entered _check_music
2026-08-02 21:43:46,932 - DEBUG - Paused: False, Music Playing: True
2026-08-02 21:43:46,946 - DEBUG - Tick
2026-08-02 21:43:46,946 - DEBUG - Updating ship...
2026-08-02 21:43:46,948 - DEBUG - Updating music
2026-08-02 21:43:46,948 - DEBUG - Entered _check_music
2026-08-02 21:43:46,948 - DEBUG - Paused: False, Music Playing: True
2026-08-02 21:43:46,962 - DEBUG - Tick
2026-08-02 21:43:46,962 - DEBUG - Updating ship...
2026-08-02 21:43:46,964 - DEBUG - Updating music
2026-08-02 21:43:46,964 - DEBUG - Entered _check_music
2026-08-02 21:43:46,964 - DEBUG - Paused: False, Music Playing: True
2026-08-02 21:43:46,978 - DEBUG - Tick
2026-08-02 21:43:46,978 - DEBUG - Updating ship...
2026-08-02 21:43:46,980 - DEBUG - Updating music
2026-08-02 21:43:46,981 - DEBUG - Entered _check_music
2026-08-02 21:43:46,981 - DEBUG - Paused: False, Music Playing: True
2026-08-02 21:43:46,994 - DEBUG - Tick
2026-08-02 21:43:46,994 - DEBUG - Updating ship...
2026-08-02 21:43:46,996 - DEBUG - Updating music
2026-08-02 21:43:46,997 - DEBUG - Entered _check_music
2026-08-02 21:43:46,997 - DEBUG - Paused: False, Music Playing: True
2026-08-02 21:43:47,010 - DEBUG - Tick
2026-08-02 21:43:47,010 - DEBUG - Updating ship...
2026-08-02 21:43:47,013 - DEBUG - Updating music
2026-08-02 21:43:47,013 - DEBUG - Entered _check_music
2026-08-02 21:43:47,013 - DEBUG - Paused: False, Music Playing: True
2026-08-02 21:43:47,026 - DEBUG - Tick
2026-08-02 21:43:47,026 - DEBUG - Updating ship...
2026-08-02 21:43:47,028 - DEBUG - Updating music
2026-08-02 21:43:47,028 - DEBUG - Entered _check_music
2026-08-02 21:43:47,029 - DEBUG - Paused: False, Music Playing: True
2026-08-02 21:43:47,042 - DEBUG - Tick
2026-08-02 21:43:47,042 - DEBUG - Updating ship...
2026-08-02 21:43:47,044 - DEBUG - Updating music
2026-08-02 21:43:47,044 - DEBUG - Entered _check_music
2026-08-02 21:43:47,044 - DEBUG - Paused: False, Music Playing: True
2026-08-02 21:43:47,058 - DEBUG - Tick
2026-08-02 21:43:47,058 - DEBUG - Updating ship...
2026-08-02 21:43:47,060 - DEBUG - Updating music
2026-08-02 21:43:47,060 - DEBUG - Entered _check_music
2026-08-02 21:43:47,060 - DEBUG - Paused: False, Music Playing: True
2026-08-02 21:43:47,074 - DEBUG - Tick
2026-08-02 21:43:47,074 - DEBUG - Updating ship...
2026-08-02 21:43:47,076 - DEBUG - Updating music
2026-08-02 21:43:47,076 - DEBUG - Entered _check_music
2026-08-02 21:43:47,076 - DEBUG - Paused: False, Music Playing: True
2026-08-02 21:43:47,090 - DEBUG - Tick
2026-08-02 21:43:47,090 - DEBUG - Updating ship...
2026-08-02 21:43:47,092 - DEBUG - Updating music
2026-08-02 21:43:47,093 - DEBUG - Entered _check_music
2026-08-02 21:43:47,093 - DEBUG - Paused: False, Music Playing: True
2026-08-02 21:43:47,106 - DEBUG - Tick
2026-08-02 21:43:47,106 - DEBUG - Updating ship...
2026-08-02 21:43:47,108 - DEBUG - Updating music
2026-08-02 21:43:47,109 - DEBUG - Entered _check_music
2026-08-02 21:43:47,109 - DEBUG - Paused: False, Music Playing: True
2026-08-02 21:43:47,122 - DEBUG - Tick
2026-08-02 21:43:47,122 - DEBUG - Updating ship...
2026-08-02 21:43:47,124 - DEBUG - Updating music
2026-08-02 21:43:47,125 - DEBUG - Entered _check_music
2026-08-02 21:43:47,125 - DEBUG - Paused: False, Music Playing: True
2026-08-02 21:43:47,138 - DEBUG - Tick
2026-08-02 21:43:47,138 - DEBUG - Updating ship...
2026-08-02 21:43:47,141 - DEBUG - Updating music
2026-08-02 21:43:47,141 - DEBUG - Entered _check_music
2026-08-02 21:43:47,141 - DEBUG - Paused: False, Music Playing: True
2026-08-02 21:43:47,154 - DEBUG - Tick
2026-08-02 21:43:47,154 - DEBUG - Updating ship...
2026-08-02 21:43:47,157 - DEBUG - Updating music
2026-08-02 21:43:47,157 - DEBUG - Entered _check_music
2026-08-02 21:43:47,157 - DEBUG - Paused: False, Music Playing: True
2026-08-02 21:43:47,169 - DEBUG - Tick
2026-08-02 21:43:47,170 - DEBUG - Updating ship...
2026-08-02 21:43:47,172 - DEBUG - Updating music
2026-08-02 21:43:47,172 - DEBUG - Entered _check_music
2026-08-02 21:43:47,172 - DEBUG - Paused: False, Music Playing: True
2026-08-02 21:43:47,186 - DEBUG - Tick
2026-08-02 21:43:47,186 - DEBUG - Updating ship...
2026-08-02 21:43:47,188 - DEBUG - Updating music
2026-08-02 21:43:47,188 - DEBUG - Entered _check_music
2026-08-02 21:43:47,189 - DEBUG - Paused: False, Music Playing: True
2026-08-02 21:43:47,202 - DEBUG - Tick
2026-08-02 21:43:47,202 - DEBUG - Updating ship...
2026-08-02 21:43:47,204 - DEBUG - Updating music
2026-08-02 21:43:47,204 - DEBUG - Entered _check_music
2026-08-02 21:43:47,204 - DEBUG - Paused: False, Music Playing: True
2026-08-02 21:43:47,218 - DEBUG - Tick
2026-08-02 21:43:47,219 - DEBUG - Updating ship...
2026-08-02 21:43:47,221 - DEBUG - Updating music
2026-08-02 21:43:47,221 - DEBUG - Entered _check_music
2026-08-02 21:43:47,221 - DEBUG - Paused: False, Music Playing: True
2026-08-02 21:43:47,233 - DEBUG - Tick
2026-08-02 21:43:47,233 - DEBUG - Updating ship...
2026-08-02 21:43:47,236 - DEBUG - Updating music
2026-08-02 21:43:47,236 - DEBUG - Entered _check_music
2026-08-02 21:43:47,236 - DEBUG - Paused: False, Music Playing: True
2026-08-02 21:43:47,250 - DEBUG - Tick
2026-08-02 21:43:47,250 - DEBUG - Updating ship...
2026-08-02 21:43:47,253 - DEBUG - Updating music
2026-08-02 21:43:47,253 - DEBUG - Entered _check_music
2026-08-02 21:43:47,253 - DEBUG - Paused: False, Music Playing: True
2026-08-02 21:43:47,266 - DEBUG - Tick
2026-08-02 21:43:47,266 - DEBUG - Updating ship...
2026-08-02 21:43:47,268 - DEBUG - Updating music
2026-08-02 21:43:47,269 - DEBUG - Entered _check_music
2026-08-02 21:43:47,269 - DEBUG - Paused: False, Music Playing: True
2026-08-02 21:43:47,282 - DEBUG - Tick
2026-08-02 21:43:47,282 - DEBUG - Updating ship...
2026-08-02 21:43:47,284 - DEBUG - Updating music
2026-08-02 21:43:47,284 - DEBUG - Entered _check_music
2026-08-02 21:43:47,284 - DEBUG - Paused: False, Music Playing: True
2026-08-02 21:43:47,297 - DEBUG - Tick
2026-08-02 21:43:47,298 - DEBUG - Updating ship...
2026-08-02 21:43:47,300 - DEBUG - Updating music
2026-08-02 21:43:47,300 - DEBUG - Entered _check_music
2026-08-02 21:43:47,300 - DEBUG - Paused: False, Music Playing: True
2026-08-02 21:43:47,314 - DEBUG - Tick
2026-08-02 21:43:47,314 - DEBUG - Updating ship...
2026-08-02 21:43:47,316 - DEBUG - Updating music
2026-08-02 21:43:47,316 - DEBUG - Entered _check_music
2026-08-02 21:43:47,316 - DEBUG - Paused: False, Music Playing: True
2026-08-02 21:43:47,330 - DEBUG - Tick
2026-08-02 21:43:47,330 - DEBUG - Updating ship...
2026-08-02 21:43:47,332 - DEBUG - Updating music
2026-08-02 21:43:47,332 - DEBUG - Entered _check_music
2026-08-02 21:43:47,332 - DEBUG - Paused: False, Music Playing: True
2026-08-02 21:43:47,345 - DEBUG - Tick
2026-08-02 21:43:47,345 - DEBUG - Updating ship...
2026-08-02 21:43:47,348 - DEBUG - Updating music
2026-08-02 21:43:47,348 - DEBUG - Entered _check_music
2026-08-02 21:43:47,348 - DEBUG - Paused: False, Music Playing: True
2026-08-02 21:43:47,362 - DEBUG - Tick
2026-08-02 21:43:47,362 - DEBUG - Updating ship...
2026-08-02 21:43:47,365 - DEBUG - Updating music
2026-08-02 21:43:47,365 - DEBUG - Entered _check_music
2026-08-02 21:43:47,365 - DEBUG - Paused: False, Music Playing: True
2026-08-02 21:43:47,379 - DEBUG - Tick
2026-08-02 21:43:47,379 - DEBUG - Updating ship...
2026-08-02 21:43:47,382 - DEBUG - Updating music
2026-08-02 21:43:47,382 - DEBUG - Entered _check_music
2026-08-02 21:43:47,382 - DEBUG - Paused: False, Music Playing: True
2026-08-02 21:43:47,396 - DEBUG - Tick
2026-08-02 21:43:47,396 - DEBUG - Updating ship...
2026-08-02 21:43:47,399 - DEBUG - Updating music
2026-08-02 21:43:47,399 - DEBUG - Entered _check_music
2026-08-02 21:43:47,399 - DEBUG - Paused: False, Music Playing: True
2026-08-02 21:43:47,412 - DEBUG - Tick
2026-08-02 21:43:47,412 - DEBUG - Updating ship...
2026-08-02 21:43:47,415 - DEBUG - Updating music
2026-08-02 21:43:47,415 - DEBUG - Entered _check_music
2026-08-02 21:43:47,415 - DEBUG - Paused: False, Music Playing: True
2026-08-02 21:43:47,427 - DEBUG - Tick
2026-08-02 21:43:47,427 - DEBUG - Updating ship...
2026-08-02 21:43:47,430 - DEBUG - Updating music
2026-08-02 21:43:47,430 - DEBUG - Entered _check_music
2026-08-02 21:43:47,430 - DEBUG - Paused: False, Music Playing: True
2026-08-02 21:43:47,443 - DEBUG - Tick
2026-08-02 21:43:47,444 - DEBUG - Updating ship...
2026-08-02 21:43:47,446 - DEBUG - Updating music
2026-08-02 21:43:47,446 - DEBUG - Entered _check_music
2026-08-02 21:43:47,446 - DEBUG - Paused: False, Music Playing: True
2026-08-02 21:43:47,460 - DEBUG - Tick
2026-08-02 21:43:47,460 - DEBUG - Updating ship...
2026-08-02 21:43:47,462 - DEBUG - Updating music
2026-08-02 21:43:47,462 - DEBUG - Entered _check_music
2026-08-02 21:43:47,462 - DEBUG - Paused: False, Music Playing: True
2026-08-02 21:43:47,476 - DEBUG - Tick
2026-08-02 21:43:47,476 - DEBUG - Updating ship...
2026-08-02 21:43:47,478 - DEBUG - Updating music
2026-08-02 21:43:47,479 - DEBUG - Entered _check_music
2026-08-02 21:43:47,479 - DEBUG - Paused: False, Music Playing: True
2026-08-02 21:43:47,492 - DEBUG - Tick
2026-08-02 21:43:47,492 - DEBUG - Updating ship...
2026-08-02 21:43:47,495 - DEBUG - Updating music
2026-08-02 21:43:47,495 - DEBUG - Entered _check_music
2026-08-02 21:43:47,495 - DEBUG - Paused: False, Music Playing: True
2026-08-02 21:43:47,508 - DEBUG - Tick
2026-08-02 21:43:47,508 - DEBUG - Updating ship...
2026-08-02 21:43:47,511 - DEBUG - Updating music
2026-08-02 21:43:47,512 - DEBUG - Entered _check_music
2026-08-02 21:43:47,512 - DEBUG - Paused: False, Music Playing: True
2026-08-02 21:43:47,524 - DEBUG - Tick
2026-08-02 21:43:47,524 - DEBUG - Updating ship...
2026-08-02 21:43:47,527 - DEBUG - Updating music
2026-08-02 21:43:47,527 - DEBUG - Entered _check_music
2026-08-02 21:43:47,527 - DEBUG - Paused: False, Music Playing: True
2026-08-02 21:43:47,540 - DEBUG - Tick
2026-08-02 21:43:47,540 - DEBUG - Updating ship...
2026-08-02 21:43:47,543 - DEBUG - Updating music
2026-08-02 21:43:47,543 - DEBUG - Entered _check_music
2026-08-02 21:43:47,543 - DEBUG - Paused: False, Music Playing: True
2026-08-02 21:43:47,556 - DEBUG - Tick
2026-08-02 21:43:47,557 - DEBUG - Updating ship...
2026-08-02 21:43:47,560 - DEBUG - Updating music
2026-08-02 21:43:47,560 - DEBUG - Entered _check_music
2026-08-02 21:43:47,560 - DEBUG - Paused: False, Music Playing: True
2026-08-02 21:43:47,572 - DEBUG - Tick
2026-08-02 21:43:47,572 - DEBUG - Updating ship...
2026-08-02 21:43:47,575 - DEBUG - Updating music
2026-08-02 21:43:47,575 - DEBUG - Entered _check_music
2026-08-02 21:43:47,575 - DEBUG - Paused: False, Music Playing: True
2026-08-02 21:43:47,587 - DEBUG - Tick
2026-08-02 21:43:47,588 - DEBUG - Updating ship...
2026-08-02 21:43:47,590 - DEBUG - Updating music
2026-08-02 21:43:47,590 - DEBUG - Entered _check_music
2026-08-02 21:43:47,591 - DEBUG - Paused: False, Music Playing: True
2026-08-02 21:43:47,604 - DEBUG - Tick
2026-08-02 21:43:47,604 - DEBUG - Updating ship...
2026-08-02 21:43:47,606 - DEBUG - Updating music
2026-08-02 21:43:47,606 - DEBUG - Entered _check_music
2026-08-02 21:43:47,606 - DEBUG - Paused: False, Music Playing: True
2026-08-02 21:43:47,620 - DEBUG - Tick
2026-08-02 21:43:47,620 - DEBUG - Updating ship...
2026-08-02 21:43:47,622 - DEBUG - Updating music
2026-08-02 21:43:47,622 - DEBUG - Entered _check_music
2026-08-02 21:43:47,622 - DEBUG - Paused: False, Music Playing: True
2026-08-02 21:43:47,636 - DEBUG - Tick
2026-08-02 21:43:47,636 - DEBUG - Updating ship...
2026-08-02 21:43:47,638 - DEBUG - Updating music
2026-08-02 21:43:47,638 - DEBUG - Entered _check_music
2026-08-02 21:43:47,638 - DEBUG - Paused: False, Music Playing: True
2026-08-02 21:43:47,652 - DEBUG - Tick
2026-08-02 21:43:47,652 - DEBUG - Updating ship...
2026-08-02 21:43:47,654 - DEBUG - Updating music
2026-08-02 21:43:47,654 - DEBUG - Entered _check_music
2026-08-02 21:43:47,654 - DEBUG - Paused: False, Music Playing: True
2026-08-02 21:43:47,667 - DEBUG - Tick
2026-08-02 21:43:47,668 - DEBUG - Updating ship...
2026-08-02 21:43:47,670 - DEBUG - Updating music
2026-08-02 21:43:47,670 - DEBUG - Entered _check_music
2026-08-02 21:43:47,670 - DEBUG - Paused: False, Music Playing: True
2026-08-02 21:43:47,683 - DEBUG - Tick
2026-08-02 21:43:47,684 - DEBUG - Updating ship...
2026-08-02 21:43:47,686 - DEBUG - Updating music
2026-08-02 21:43:47,686 - DEBUG - Entered _check_music
2026-08-02 21:43:47,686 - DEBUG - Paused: False, Music Playing: True
2026-08-02 21:43:47,700 - DEBUG - Tick
2026-08-02 21:43:47,700 - DEBUG - Updating ship...
2026-08-02 21:43:47,703 - DEBUG - Updating music
2026-08-02 21:43:47,703 - DEBUG - Entered _check_music
2026-08-02 21:43:47,703 - DEBUG - Paused: False, Music Playing: True
2026-08-02 21:43:47,716 - DEBUG - Tick
2026-08-02 21:43:47,717 - DEBUG - Updating ship...
2026-08-02 21:43:47,719 - DEBUG - Updating music
2026-08-02 21:43:47,719 - DEBUG - Entered _check_music
2026-08-02 21:43:47,719 - DEBUG - Paused: False, Music Playing: True
2026-08-02 21:43:47,733 - DEBUG - Tick
2026-08-02 21:43:47,733 - DEBUG - Updating ship...
2026-08-02 21:43:47,736 - DEBUG - Updating music
2026-08-02 21:43:47,736 - DEBUG - Entered _check_music
2026-08-02 21:43:47,736 - DEBUG - Paused: False, Music Playing: True
2026-08-02 21:43:47,750 - DEBUG - Tick
2026-08-02 21:43:47,750 - DEBUG - Updating ship...
2026-08-02 21:43:47,753 - DEBUG - Updating music
2026-08-02 21:43:47,753 - DEBUG - Entered _check_music
2026-08-02 21:43:47,753 - DEBUG - Paused: False, Music Playing: True
2026-08-02 21:43:47,766 - DEBUG - Tick
2026-08-02 21:43:47,766 - DEBUG - Updating ship...
2026-08-02 21:43:47,769 - DEBUG - Updating music
2026-08-02 21:43:47,769 - DEBUG - Entered _check_music
2026-08-02 21:43:47,769 - DEBUG - Paused: False, Music Playing: True
2026-08-02 21:43:47,783 - DEBUG - Tick
2026-08-02 21:43:47,783 - DEBUG - Updating ship...
2026-08-02 21:43:47,786 - DEBUG - Updating music
2026-08-02 21:43:47,786 - DEBUG - Entered _check_music
2026-08-02 21:43:47,786 - DEBUG - Paused: False, Music Playing: True
2026-08-02 21:43:47,799 - DEBUG - Tick
2026-08-02 21:43:47,799 - DEBUG - Updating ship...
2026-08-02 21:43:47,801 - DEBUG - Updating music
2026-08-02 21:43:47,802 - DEBUG - Entered _check_music
2026-08-02 21:43:47,802 - DEBUG - Paused: False, Music Playing: True
2026-08-02 21:43:47,815 - DEBUG - Tick
2026-08-02 21:43:47,815 - DEBUG - Updating ship...
2026-08-02 21:43:47,817 - DEBUG - Updating music
2026-08-02 21:43:47,817 - DEBUG - Entered _check_music
2026-08-02 21:43:47,817 - DEBUG - Paused: False, Music Playing: True
2026-08-02 21:43:47,831 - DEBUG - Tick
2026-08-02 21:43:47,831 - DEBUG - Updating ship...
2026-08-02 21:43:47,833 - DEBUG - Updating music
2026-08-02 21:43:47,833 - DEBUG - Entered _check_music
2026-08-02 21:43:47,833 - DEBUG - Paused: False, Music Playing: True
2026-08-02 21:43:47,846 - DEBUG - Tick
2026-08-02 21:43:47,847 - DEBUG - Updating ship...
2026-08-02 21:43:47,849 - DEBUG - Updating music
2026-08-02 21:43:47,849 - DEBUG - Entered _check_music
2026-08-02 21:43:47,849 - DEBUG - Paused: False, Music Playing: True
2026-08-02 21:43:47,863 - DEBUG - Tick
2026-08-02 21:43:47,864 - DEBUG - Updating ship...
2026-08-02 21:43:47,866 - DEBUG - Updating music
2026-08-02 21:43:47,866 - DEBUG - Entered _check_music
2026-08-02 21:43:47,866 - DEBUG - Paused: False, Music Playing: True
2026-08-02 21:43:47,880 - DEBUG - Tick
2026-08-02 21:43:47,880 - DEBUG - Updating ship...
2026-08-02 21:43:47,883 - DEBUG - Updating music
2026-08-02 21:43:47,883 - DEBUG - Entered _check_music
2026-08-02 21:43:47,883 - DEBUG - Paused: False, Music Playing: True
2026-08-02 21:43:47,896 - DEBUG - Tick
2026-08-02 21:43:47,896 - DEBUG - Updating ship...
2026-08-02 21:43:47,898 - DEBUG - Updating music
2026-08-02 21:43:47,898 - DEBUG - Entered _check_music
2026-08-02 21:43:47,899 - DEBUG - Paused: False, Music Playing: True
2026-08-02 21:43:47,912 - DEBUG - Tick
2026-08-02 21:43:47,912 - DEBUG - Updating ship...
2026-08-02 21:43:47,914 - DEBUG - Updating music
2026-08-02 21:43:47,914 - DEBUG - Entered _check_music
2026-08-02 21:43:47,914 - DEBUG - Paused: False, Music Playing: True
2026-08-02 21:43:47,928 - DEBUG - Tick
2026-08-02 21:43:47,928 - DEBUG - Updating ship...
2026-08-02 21:43:47,930 - DEBUG - Updating music
2026-08-02 21:43:47,930 - DEBUG - Entered _check_music
2026-08-02 21:43:47,930 - DEBUG - Paused: False, Music Playing: True
2026-08-02 21:43:47,944 - DEBUG - Tick
2026-08-02 21:43:47,944 - DEBUG - Updating ship...
2026-08-02 21:43:47,946 - DEBUG - Updating music
2026-08-02 21:43:47,946 - DEBUG - Entered _check_music
2026-08-02 21:43:47,946 - DEBUG - Paused: False, Music Playing: True
2026-08-02 21:43:47,960 - DEBUG - Tick
2026-08-02 21:43:47,960 - DEBUG - Updating ship...
2026-08-02 21:43:47,962 - DEBUG - Updating music
2026-08-02 21:43:47,962 - DEBUG - Entered _check_music
2026-08-02 21:43:47,962 - DEBUG - Paused: False, Music Playing: True
2026-08-02 21:43:47,975 - DEBUG - Tick
2026-08-02 21:43:47,976 - DEBUG - Updating ship...
2026-08-02 21:43:47,978 - DEBUG - Updating music
2026-08-02 21:43:47,978 - DEBUG - Entered _check_music
2026-08-02 21:43:47,978 - DEBUG - Paused: False, Music Playing: True
2026-08-02 21:43:47,992 - DEBUG - Tick
2026-08-02 21:43:47,992 - DEBUG - Updating ship...
2026-08-02 21:43:47,994 - DEBUG - Updating music
2026-08-02 21:43:47,994 - DEBUG - Entered _check_music
2026-08-02 21:43:47,994 - DEBUG - Paused: False, Music Playing: True
2026-08-02 21:43:48,008 - DEBUG - Tick
2026-08-02 21:43:48,008 - DEBUG - Updating ship...
2026-08-02 21:43:48,010 - DEBUG - Updating music
2026-08-02 21:43:48,011 - DEBUG - Entered _check_music
2026-08-02 21:43:48,011 - DEBUG - Paused: False, Music Playing: True
2026-08-02 21:43:48,024 - DEBUG - Tick
2026-08-02 21:43:48,024 - DEBUG - Updating ship...
2026-08-02 21:43:48,026 - DEBUG - Updating music
2026-08-02 21:43:48,027 - DEBUG - Entered _check_music
2026-08-02 21:43:48,027 - DEBUG - Paused: False, Music Playing: True
2026-08-02 21:43:48,040 - DEBUG - Tick
2026-08-02 21:43:48,040 - DEBUG - Updating ship...
2026-08-02 21:43:48,043 - DEBUG - Updating music
2026-08-02 21:43:48,043 - DEBUG - Entered _check_music
2026-08-02 21:43:48,043 - DEBUG - Paused: False, Music Playing: True
2026-08-02 21:43:48,056 - DEBUG - Tick
2026-08-02 21:43:48,056 - DEBUG - Updating ship...
2026-08-02 21:43:48,059 - DEBUG - Updating music
2026-08-02 21:43:48,059 - DEBUG - Entered _check_music
2026-08-02 21:43:48,059 - DEBUG - Paused: False, Music Playing: True
2026-08-02 21:43:48,072 - DEBUG - Tick
2026-08-02 21:43:48,072 - DEBUG - Updating ship...
2026-08-02 21:43:48,074 - DEBUG - Updating music
2026-08-02 21:43:48,075 - DEBUG - Entered _check_music
2026-08-02 21:43:48,075 - DEBUG - Paused: False, Music Playing: True
2026-08-02 21:43:48,088 - DEBUG - Tick
2026-08-02 21:43:48,088 - DEBUG - Updating ship...
2026-08-02 21:43:48,090 - DEBUG - Updating music
2026-08-02 21:43:48,090 - DEBUG - Entered _check_music
2026-08-02 21:43:48,091 - DEBUG - Paused: False, Music Playing: True
2026-08-02 21:43:48,104 - DEBUG - Tick
2026-08-02 21:43:48,104 - DEBUG - Updating ship...
2026-08-02 21:43:48,106 - DEBUG - Updating music
2026-08-02 21:43:48,106 - DEBUG - Entered _check_music
2026-08-02 21:43:48,106 - DEBUG - Paused: False, Music Playing: True
2026-08-02 21:43:48,120 - DEBUG - Tick
2026-08-02 21:43:48,120 - DEBUG - Updating ship...
2026-08-02 21:43:48,122 - DEBUG - Updating music
2026-08-02 21:43:48,122 - DEBUG - Entered _check_music
2026-08-02 21:43:48,122 - DEBUG - Paused: False, Music Playing: True
2026-08-02 21:43:48,135 - DEBUG - Tick
2026-08-02 21:43:48,136 - DEBUG - Updating ship...
2026-08-02 21:43:48,137 - DEBUG - Updating music
2026-08-02 21:43:48,137 - DEBUG - Entered _check_music
2026-08-02 21:43:48,138 - DEBUG - Paused: False, Music Playing: True
2026-08-02 21:43:48,152 - DEBUG - Tick
2026-08-02 21:43:48,152 - DEBUG - Updating ship...
2026-08-02 21:43:48,154 - DEBUG - Updating music
2026-08-02 21:43:48,154 - DEBUG - Entered _check_music
2026-08-02 21:43:48,154 - DEBUG - Paused: False, Music Playing: True
2026-08-02 21:43:48,167 - DEBUG - Tick
2026-08-02 21:43:48,168 - DEBUG - Updating ship...
2026-08-02 21:43:48,170 - DEBUG - Updating music
2026-08-02 21:43:48,170 - DEBUG - Entered _check_music
2026-08-02 21:43:48,170 - DEBUG - Paused: False, Music Playing: True
2026-08-02 21:43:48,183 - DEBUG - Tick
2026-08-02 21:43:48,184 - DEBUG - Updating ship...
2026-08-02 21:43:48,186 - DEBUG - Updating music
2026-08-02 21:43:48,186 - DEBUG - Entered _check_music
2026-08-02 21:43:48,186 - DEBUG - Paused: False, Music Playing: True
2026-08-02 21:43:48,199 - DEBUG - Tick
2026-08-02 21:43:48,200 - DEBUG - Updating ship...
2026-08-02 21:43:48,202 - DEBUG - Updating music
2026-08-02 21:43:48,202 - DEBUG - Entered _check_music
2026-08-02 21:43:48,202 - DEBUG - Paused: False, Music Playing: True
2026-08-02 21:43:48,216 - DEBUG - Tick
2026-08-02 21:43:48,216 - DEBUG - Updating ship...
2026-08-02 21:43:48,219 - DEBUG - Updating music
2026-08-02 21:43:48,219 - DEBUG - Entered _check_music
2026-08-02 21:43:48,219 - DEBUG - Paused: False, Music Playing: True
2026-08-02 21:43:48,233 - DEBUG - Tick
2026-08-02 21:43:48,233 - DEBUG - Updating ship...
2026-08-02 21:43:48,235 - DEBUG - Updating music
2026-08-02 21:43:48,236 - DEBUG - Entered _check_music
2026-08-02 21:43:48,236 - DEBUG - Paused: False, Music Playing: True
2026-08-02 21:43:48,249 - DEBUG - Tick
2026-08-02 21:43:48,249 - DEBUG - Updating ship...
2026-08-02 21:43:48,252 - DEBUG - Updating music
2026-08-02 21:43:48,252 - DEBUG - Entered _check_music
2026-08-02 21:43:48,252 - DEBUG - Paused: False, Music Playing: True
2026-08-02 21:43:48,265 - DEBUG - Tick
2026-08-02 21:43:48,265 - DEBUG - Updating ship...
2026-08-02 21:43:48,267 - DEBUG - Updating music
2026-08-02 21:43:48,267 - DEBUG - Entered _check_music
2026-08-02 21:43:48,267 - DEBUG - Paused: False, Music Playing: True
2026-08-02 21:43:48,280 - DEBUG - Tick
2026-08-02 21:43:48,281 - DEBUG - Updating ship...
2026-08-02 21:43:48,283 - DEBUG - Updating music
2026-08-02 21:43:48,283 - DEBUG - Entered _check_music
2026-08-02 21:43:48,283 - DEBUG - Paused: False, Music Playing: True
2026-08-02 21:43:48,297 - DEBUG - Tick
2026-08-02 21:43:48,297 - DEBUG - Updating ship...
2026-08-02 21:43:48,299 - DEBUG - Updating music
2026-08-02 21:43:48,299 - DEBUG - Entered _check_music
2026-08-02 21:43:48,299 - DEBUG - Paused: False, Music Playing: True
2026-08-02 21:43:48,313 - DEBUG - Tick
2026-08-02 21:43:48,313 - DEBUG - Updating ship...
2026-08-02 21:43:48,315 - DEBUG - Updating music
2026-08-02 21:43:48,315 - DEBUG - Entered _check_music
2026-08-02 21:43:48,315 - DEBUG - Paused: False, Music Playing: True
2026-08-02 21:43:48,328 - DEBUG - Tick
2026-08-02 21:43:48,329 - DEBUG - Updating ship...
2026-08-02 21:43:48,331 - DEBUG - Updating music
2026-08-02 21:43:48,331 - DEBUG - Entered _check_music
2026-08-02 21:43:48,331 - DEBUG - Paused: False, Music Playing: True
2026-08-02 21:43:48,344 - DEBUG - Tick
2026-08-02 21:43:48,345 - DEBUG - Updating ship...
2026-08-02 21:43:48,347 - DEBUG - Updating music
2026-08-02 21:43:48,347 - DEBUG - Entered _check_music
2026-08-02 21:43:48,347 - DEBUG - Paused: False, Music Playing: True
2026-08-02 21:43:48,361 - DEBUG - Tick
2026-08-02 21:43:48,361 - DEBUG - Updating ship...
2026-08-02 21:43:48,364 - DEBUG - Updating music
2026-08-02 21:43:48,364 - DEBUG - Entered _check_music
2026-08-02 21:43:48,364 - DEBUG - Paused: False, Music Playing: True
2026-08-02 21:43:48,377 - DEBUG - Tick
2026-08-02 21:43:48,377 - DEBUG - Updating ship...
2026-08-02 21:43:48,380 - DEBUG - Updating music
2026-08-02 21:43:48,380 - DEBUG - Entered _check_music
2026-08-02 21:43:48,380 - DEBUG - Paused: False, Music Playing: True
2026-08-02 21:43:48,393 - DEBUG - Tick
2026-08-02 21:43:48,394 - DEBUG - Updating ship...
2026-08-02 21:43:48,396 - DEBUG - Updating music
2026-08-02 21:43:48,396 - DEBUG - Entered _check_music
2026-08-02 21:43:48,396 - DEBUG - Paused: False, Music Playing: True
2026-08-02 21:43:48,409 - DEBUG - Tick
2026-08-02 21:43:48,409 - DEBUG - Updating ship...
2026-08-02 21:43:48,411 - DEBUG - Updating music
2026-08-02 21:43:48,411 - DEBUG - Entered _check_music
2026-08-02 21:43:48,412 - DEBUG - Paused: False, Music Playing: True
2026-08-02 21:43:48,425 - DEBUG - Tick
2026-08-02 21:43:48,425 - DEBUG - Updating ship...
2026-08-02 21:43:48,428 - DEBUG - Updating music
2026-08-02 21:43:48,428 - DEBUG - Entered _check_music
2026-08-02 21:43:48,428 - DEBUG - Paused: False, Music Playing: True
2026-08-02 21:43:48,441 - DEBUG - Tick
2026-08-02 21:43:48,441 - DEBUG - Updating ship...
2026-08-02 21:43:48,444 - DEBUG - Updating music
2026-08-02 21:43:48,444 - DEBUG - Entered _check_music
2026-08-02 21:43:48,444 - DEBUG - Paused: False, Music Playing: True
2026-08-02 21:43:48,457 - DEBUG - Tick
2026-08-02 21:43:48,457 - DEBUG - Updating ship...
2026-08-02 21:43:48,460 - DEBUG - Updating music
2026-08-02 21:43:48,460 - DEBUG - Entered _check_music
2026-08-02 21:43:48,460 - DEBUG - Paused: False, Music Playing: True
2026-08-02 21:43:48,473 - DEBUG - Tick
2026-08-02 21:43:48,473 - DEBUG - Updating ship...
2026-08-02 21:43:48,476 - DEBUG - Updating music
2026-08-02 21:43:48,476 - DEBUG - Entered _check_music
2026-08-02 21:43:48,476 - DEBUG - Paused: False, Music Playing: True
2026-08-02 21:43:48,489 - DEBUG - Tick
2026-08-02 21:43:48,489 - DEBUG - Updating ship...
2026-08-02 21:43:48,493 - DEBUG - Updating music
2026-08-02 21:43:48,493 - DEBUG - Entered _check_music
2026-08-02 21:43:48,493 - DEBUG - Paused: False, Music Playing: True
2026-08-02 21:43:48,505 - DEBUG - Tick
2026-08-02 21:43:48,505 - DEBUG - Updating ship...
2026-08-02 21:43:48,508 - DEBUG - Updating music
2026-08-02 21:43:48,508 - DEBUG - Entered _check_music
2026-08-02 21:43:48,508 - DEBUG - Paused: False, Music Playing: True
2026-08-02 21:43:48,521 - DEBUG - Tick
2026-08-02 21:43:48,522 - DEBUG - Updating ship...
2026-08-02 21:43:48,524 - DEBUG - Updating music
2026-08-02 21:43:48,524 - DEBUG - Entered _check_music
2026-08-02 21:43:48,524 - DEBUG - Paused: False, Music Playing: True
2026-08-02 21:43:48,538 - DEBUG - Tick
2026-08-02 21:43:48,539 - DEBUG - Updating ship...
2026-08-02 21:43:48,542 - DEBUG - Updating music
2026-08-02 21:43:48,542 - DEBUG - Entered _check_music
2026-08-02 21:43:48,542 - DEBUG - Paused: False, Music Playing: True
2026-08-02 21:43:48,553 - DEBUG - Tick
2026-08-02 21:43:48,554 - DEBUG - Updating ship...
2026-08-02 21:43:48,556 - DEBUG - Updating music
2026-08-02 21:43:48,557 - DEBUG - Entered _check_music
2026-08-02 21:43:48,557 - DEBUG - Paused: False, Music Playing: True
2026-08-02 21:43:48,570 - DEBUG - Tick
2026-08-02 21:43:48,570 - DEBUG - Updating ship...
2026-08-02 21:43:48,572 - DEBUG - Updating music
2026-08-02 21:43:48,572 - DEBUG - Entered _check_music
2026-08-02 21:43:48,572 - DEBUG - Paused: False, Music Playing: True
2026-08-02 21:43:48,586 - DEBUG - Tick
2026-08-02 21:43:48,586 - DEBUG - Updating ship...
2026-08-02 21:43:48,588 - DEBUG - Updating music
2026-08-02 21:43:48,588 - DEBUG - Entered _check_music
2026-08-02 21:43:48,588 - DEBUG - Paused: False, Music Playing: True
2026-08-02 21:43:48,602 - DEBUG - Tick
2026-08-02 21:43:48,602 - DEBUG - Updating ship...
2026-08-02 21:43:48,604 - DEBUG - Updating music
2026-08-02 21:43:48,604 - DEBUG - Entered _check_music
2026-08-02 21:43:48,604 - DEBUG - Paused: False, Music Playing: True
2026-08-02 21:43:48,618 - DEBUG - Tick
2026-08-02 21:43:48,618 - DEBUG - Updating ship...
2026-08-02 21:43:48,620 - DEBUG - Updating music
2026-08-02 21:43:48,620 - DEBUG - Entered _check_music
2026-08-02 21:43:48,620 - DEBUG - Paused: False, Music Playing: True
2026-08-02 21:43:48,634 - DEBUG - Tick
2026-08-02 21:43:48,634 - DEBUG - Updating ship...
2026-08-02 21:43:48,636 - DEBUG - Updating music
2026-08-02 21:43:48,637 - DEBUG - Entered _check_music
2026-08-02 21:43:48,637 - DEBUG - Paused: False, Music Playing: True
2026-08-02 21:43:48,651 - DEBUG - Tick
2026-08-02 21:43:48,651 - DEBUG - Updating ship...
2026-08-02 21:43:48,653 - DEBUG - Updating music
2026-08-02 21:43:48,653 - DEBUG - Entered _check_music
2026-08-02 21:43:48,653 - DEBUG - Paused: False, Music Playing: True
2026-08-02 21:43:48,666 - DEBUG - Tick
2026-08-02 21:43:48,666 - DEBUG - Updating ship...
2026-08-02 21:43:48,669 - DEBUG - Updating music
2026-08-02 21:43:48,669 - DEBUG - Entered _check_music
2026-08-02 21:43:48,669 - DEBUG - Paused: False, Music Playing: True
2026-08-02 21:43:48,683 - DEBUG - Tick
2026-08-02 21:43:48,683 - DEBUG - Updating ship...
2026-08-02 21:43:48,686 - DEBUG - Updating music
2026-08-02 21:43:48,686 - DEBUG - Entered _check_music
2026-08-02 21:43:48,686 - DEBUG - Paused: False, Music Playing: True
2026-08-02 21:43:48,699 - DEBUG - Tick
2026-08-02 21:43:48,699 - DEBUG - Updating ship...
2026-08-02 21:43:48,701 - DEBUG - Updating music
2026-08-02 21:43:48,701 - DEBUG - Entered _check_music
2026-08-02 21:43:48,701 - DEBUG - Paused: False, Music Playing: True
2026-08-02 21:43:48,714 - DEBUG - Tick
2026-08-02 21:43:48,715 - DEBUG - Updating ship...
2026-08-02 21:43:48,717 - DEBUG - Updating music
2026-08-02 21:43:48,717 - DEBUG - Entered _check_music
2026-08-02 21:43:48,717 - DEBUG - Paused: False, Music Playing: True
2026-08-02 21:43:48,731 - DEBUG - Tick
2026-08-02 21:43:48,731 - DEBUG - Updating ship...
2026-08-02 21:43:48,733 - DEBUG - Updating music
2026-08-02 21:43:48,733 - DEBUG - Entered _check_music
2026-08-02 21:43:48,733 - DEBUG - Paused: False, Music Playing: True
2026-08-02 21:43:48,747 - DEBUG - Tick
2026-08-02 21:43:48,747 - DEBUG - Updating ship...
2026-08-02 21:43:48,749 - DEBUG - Updating music
2026-08-02 21:43:48,749 - DEBUG - Entered _check_music
2026-08-02 21:43:48,749 - DEBUG - Paused: False, Music Playing: True
2026-08-02 21:43:48,763 - DEBUG - Tick
2026-08-02 21:43:48,763 - DEBUG - Updating ship...
2026-08-02 21:43:48,766 - DEBUG - Updating music
2026-08-02 21:43:48,766 - DEBUG - Entered _check_music
2026-08-02 21:43:48,766 - DEBUG - Paused: False, Music Playing: True
2026-08-02 21:43:48,779 - DEBUG - Tick
2026-08-02 21:43:48,779 - DEBUG - Updating ship...
2026-08-02 21:43:48,781 - DEBUG - Updating music
2026-08-02 21:43:48,781 - DEBUG - Entered _check_music
2026-08-02 21:43:48,781 - DEBUG - Paused: False, Music Playing: True
2026-08-02 21:43:48,795 - DEBUG - Tick
2026-08-02 21:43:48,795 - DEBUG - Updating ship...
2026-08-02 21:43:48,797 - DEBUG - Updating music
2026-08-02 21:43:48,797 - DEBUG - Entered _check_music
2026-08-02 21:43:48,797 - DEBUG - Paused: False, Music Playing: True
2026-08-02 21:43:48,810 - DEBUG - Tick
2026-08-02 21:43:48,811 - DEBUG - Updating ship...
2026-08-02 21:43:48,813 - DEBUG - Updating music
2026-08-02 21:43:48,813 - DEBUG - Entered _check_music
2026-08-02 21:43:48,813 - DEBUG - Paused: False, Music Playing: True
2026-08-02 21:43:48,826 - DEBUG - Tick
2026-08-02 21:43:48,827 - DEBUG - Updating ship...
2026-08-02 21:43:48,829 - DEBUG - Updating music
2026-08-02 21:43:48,829 - DEBUG - Entered _check_music
2026-08-02 21:43:48,829 - DEBUG - Paused: False, Music Playing: True
2026-08-02 21:43:48,843 - DEBUG - Tick
2026-08-02 21:43:48,843 - DEBUG - Updating ship...
2026-08-02 21:43:48,845 - DEBUG - Updating music
2026-08-02 21:43:48,845 - DEBUG - Entered _check_music
2026-08-02 21:43:48,845 - DEBUG - Paused: False, Music Playing: True
2026-08-02 21:43:48,859 - DEBUG - Tick
2026-08-02 21:43:48,859 - DEBUG - Updating ship...
2026-08-02 21:43:48,862 - DEBUG - Updating music
2026-08-02 21:43:48,862 - DEBUG - Entered _check_music
2026-08-02 21:43:48,862 - DEBUG - Paused: False, Music Playing: True
2026-08-02 21:43:48,875 - DEBUG - Tick
2026-08-02 21:43:48,876 - DEBUG - Updating ship...
2026-08-02 21:43:48,878 - DEBUG - Updating music
2026-08-02 21:43:48,879 - DEBUG - Entered _check_music
2026-08-02 21:43:48,879 - DEBUG - Paused: False, Music Playing: True
2026-08-02 21:43:48,892 - DEBUG - Tick
2026-08-02 21:43:48,892 - DEBUG - Updating ship...
2026-08-02 21:43:48,895 - DEBUG - Updating music
2026-08-02 21:43:48,895 - DEBUG - Entered _check_music
2026-08-02 21:43:48,895 - DEBUG - Paused: False, Music Playing: True
2026-08-02 21:43:48,907 - DEBUG - Tick
2026-08-02 21:43:48,908 - DEBUG - Updating ship...
2026-08-02 21:43:48,910 - DEBUG - Updating music
2026-08-02 21:43:48,910 - DEBUG - Entered _check_music
2026-08-02 21:43:48,911 - DEBUG - Paused: False, Music Playing: True
2026-08-02 21:43:48,924 - DEBUG - Tick
2026-08-02 21:43:48,924 - DEBUG - Updating ship...
2026-08-02 21:43:48,928 - DEBUG - Updating music
2026-08-02 21:43:48,928 - DEBUG - Entered _check_music
2026-08-02 21:43:48,928 - DEBUG - Paused: False, Music Playing: True
2026-08-02 21:43:48,940 - DEBUG - Tick
2026-08-02 21:43:48,940 - DEBUG - Updating ship...
2026-08-02 21:43:48,943 - DEBUG - Updating music
2026-08-02 21:43:48,943 - DEBUG - Entered _check_music
2026-08-02 21:43:48,943 - DEBUG - Paused: False, Music Playing: True
2026-08-02 21:43:48,955 - DEBUG - Tick
2026-08-02 21:43:48,956 - DEBUG - Updating ship...
2026-08-02 21:43:48,959 - DEBUG - Updating music
2026-08-02 21:43:48,959 - DEBUG - Entered _check_music
2026-08-02 21:43:48,959 - DEBUG - Paused: False, Music Playing: True
2026-08-02 21:43:48,972 - DEBUG - Tick
2026-08-02 21:43:48,973 - DEBUG - Updating ship...
2026-08-02 21:43:48,975 - DEBUG - Updating music
2026-08-02 21:43:48,975 - DEBUG - Entered _check_music
2026-08-02 21:43:48,975 - DEBUG - Paused: False, Music Playing: True
2026-08-02 21:43:48,989 - DEBUG - Tick
2026-08-02 21:43:48,989 - DEBUG - Updating ship...
2026-08-02 21:43:48,992 - DEBUG - Updating music
2026-08-02 21:43:48,992 - DEBUG - Entered _check_music
2026-08-02 21:43:48,992 - DEBUG - Paused: False, Music Playing: True
2026-08-02 21:43:49,005 - DEBUG - Tick
2026-08-02 21:43:49,005 - DEBUG - Updating ship...
2026-08-02 21:43:49,008 - DEBUG - Updating music
2026-08-02 21:43:49,008 - DEBUG - Entered _check_music
2026-08-02 21:43:49,008 - DEBUG - Paused: False, Music Playing: True
2026-08-02 21:43:49,021 - DEBUG - Tick
2026-08-02 21:43:49,022 - DEBUG - Updating ship...
2026-08-02 21:43:49,024 - DEBUG - Updating music
2026-08-02 21:43:49,024 - DEBUG - Entered _check_music
2026-08-02 21:43:49,024 - DEBUG - Paused: False, Music Playing: True
2026-08-02 21:43:49,038 - DEBUG - Tick
2026-08-02 21:43:49,038 - DEBUG - Updating ship...
2026-08-02 21:43:49,040 - DEBUG - Updating music
2026-08-02 21:43:49,041 - DEBUG - Entered _check_music
2026-08-02 21:43:49,041 - DEBUG - Paused: False, Music Playing: True
2026-08-02 21:43:49,054 - DEBUG - Tick
2026-08-02 21:43:49,054 - DEBUG - Updating ship...
2026-08-02 21:43:49,057 - DEBUG - Updating music
2026-08-02 21:43:49,057 - DEBUG - Entered _check_music
2026-08-02 21:43:49,057 - DEBUG - Paused: False, Music Playing: True
2026-08-02 21:43:49,070 - DEBUG - Tick
2026-08-02 21:43:49,071 - DEBUG - Updating ship...
2026-08-02 21:43:49,073 - DEBUG - Updating music
2026-08-02 21:43:49,073 - DEBUG - Entered _check_music
2026-08-02 21:43:49,073 - DEBUG - Paused: False, Music Playing: True
2026-08-02 21:43:49,087 - DEBUG - Tick
2026-08-02 21:43:49,087 - DEBUG - Updating ship...
2026-08-02 21:43:49,089 - DEBUG - Updating music
2026-08-02 21:43:49,089 - DEBUG - Entered _check_music
2026-08-02 21:43:49,090 - DEBUG - Paused: False, Music Playing: True
2026-08-02 21:43:49,103 - DEBUG - Tick
2026-08-02 21:43:49,103 - DEBUG - Updating ship...
2026-08-02 21:43:49,105 - DEBUG - Updating music
2026-08-02 21:43:49,106 - DEBUG - Entered _check_music
2026-08-02 21:43:49,106 - DEBUG - Paused: False, Music Playing: True
2026-08-02 21:43:49,119 - DEBUG - Tick
2026-08-02 21:43:49,119 - DEBUG - Updating ship...
2026-08-02 21:43:49,122 - DEBUG - Updating music
2026-08-02 21:43:49,122 - DEBUG - Entered _check_music
2026-08-02 21:43:49,122 - DEBUG - Paused: False, Music Playing: True
2026-08-02 21:43:49,135 - DEBUG - Tick
2026-08-02 21:43:49,135 - DEBUG - Updating ship...
2026-08-02 21:43:49,138 - DEBUG - Updating music
2026-08-02 21:43:49,138 - DEBUG - Entered _check_music
2026-08-02 21:43:49,138 - DEBUG - Paused: False, Music Playing: True
2026-08-02 21:43:49,151 - DEBUG - Tick
2026-08-02 21:43:49,152 - DEBUG - Updating ship...
2026-08-02 21:43:49,154 - DEBUG - Updating music
2026-08-02 21:43:49,154 - DEBUG - Entered _check_music
2026-08-02 21:43:49,154 - DEBUG - Paused: False, Music Playing: True
2026-08-02 21:43:49,167 - DEBUG - Tick
2026-08-02 21:43:49,168 - DEBUG - Updating ship...
2026-08-02 21:43:49,170 - DEBUG - Updating music
2026-08-02 21:43:49,170 - DEBUG - Entered _check_music
2026-08-02 21:43:49,170 - DEBUG - Paused: False, Music Playing: True
2026-08-02 21:43:49,184 - DEBUG - Tick
2026-08-02 21:43:49,185 - DEBUG - Updating ship...
2026-08-02 21:43:49,187 - DEBUG - Updating music
2026-08-02 21:43:49,187 - DEBUG - Entered _check_music
2026-08-02 21:43:49,187 - DEBUG - Paused: False, Music Playing: True
2026-08-02 21:43:49,201 - DEBUG - Tick
2026-08-02 21:43:49,202 - DEBUG - Updating ship...
2026-08-02 21:43:49,204 - DEBUG - Updating music
2026-08-02 21:43:49,204 - DEBUG - Entered _check_music
2026-08-02 21:43:49,204 - DEBUG - Paused: False, Music Playing: True
2026-08-02 21:43:49,218 - DEBUG - Tick
2026-08-02 21:43:49,219 - DEBUG - Updating ship...
2026-08-02 21:43:49,221 - DEBUG - Updating music
2026-08-02 21:43:49,221 - DEBUG - Entered _check_music
2026-08-02 21:43:49,221 - DEBUG - Paused: False, Music Playing: True
2026-08-02 21:43:49,234 - DEBUG - Tick
2026-08-02 21:43:49,235 - DEBUG - Updating ship...
2026-08-02 21:43:49,237 - DEBUG - Updating music
2026-08-02 21:43:49,237 - DEBUG - Entered _check_music
2026-08-02 21:43:49,237 - DEBUG - Paused: False, Music Playing: True
2026-08-02 21:43:49,251 - DEBUG - Tick
2026-08-02 21:43:49,251 - DEBUG - Updating ship...
2026-08-02 21:43:49,253 - DEBUG - Updating music
2026-08-02 21:43:49,254 - DEBUG - Entered _check_music
2026-08-02 21:43:49,254 - DEBUG - Paused: False, Music Playing: True
2026-08-02 21:43:49,267 - DEBUG - Tick
2026-08-02 21:43:49,267 - DEBUG - Updating ship...
2026-08-02 21:43:49,270 - DEBUG - Updating music
2026-08-02 21:43:49,270 - DEBUG - Entered _check_music
2026-08-02 21:43:49,270 - DEBUG - Paused: False, Music Playing: True
2026-08-02 21:43:49,283 - DEBUG - Tick
2026-08-02 21:43:49,283 - DEBUG - Updating ship...
2026-08-02 21:43:49,286 - DEBUG - Updating music
2026-08-02 21:43:49,286 - DEBUG - Entered _check_music
2026-08-02 21:43:49,286 - DEBUG - Paused: False, Music Playing: True
2026-08-02 21:43:49,299 - DEBUG - Tick
2026-08-02 21:43:49,299 - DEBUG - Updating ship...
2026-08-02 21:43:49,302 - DEBUG - Updating music
2026-08-02 21:43:49,302 - DEBUG - Entered _check_music
2026-08-02 21:43:49,302 - DEBUG - Paused: False, Music Playing: True
2026-08-02 21:43:49,315 - DEBUG - Tick
2026-08-02 21:43:49,315 - DEBUG - Updating ship...
2026-08-02 21:43:49,318 - DEBUG - Updating music
2026-08-02 21:43:49,318 - DEBUG - Entered _check_music
2026-08-02 21:43:49,318 - DEBUG - Paused: False, Music Playing: True
2026-08-02 21:43:49,331 - DEBUG - Tick
2026-08-02 21:43:49,331 - DEBUG - Updating ship...
2026-08-02 21:43:49,334 - DEBUG - Updating music
2026-08-02 21:43:49,334 - DEBUG - Entered _check_music
2026-08-02 21:43:49,334 - DEBUG - Paused: False, Music Playing: True
2026-08-02 21:43:49,347 - DEBUG - Tick
2026-08-02 21:43:49,347 - DEBUG - Updating ship...
2026-08-02 21:43:49,350 - DEBUG - Updating music
2026-08-02 21:43:49,350 - DEBUG - Entered _check_music
2026-08-02 21:43:49,350 - DEBUG - Paused: False, Music Playing: True
2026-08-02 21:43:49,363 - DEBUG - Tick
2026-08-02 21:43:49,363 - DEBUG - Updating ship...
2026-08-02 21:43:49,366 - DEBUG - Updating music
2026-08-02 21:43:49,366 - DEBUG - Entered _check_music
2026-08-02 21:43:49,366 - DEBUG - Paused: False, Music Playing: True
2026-08-02 21:43:49,380 - DEBUG - Tick
2026-08-02 21:43:49,380 - DEBUG - Updating ship...
2026-08-02 21:43:49,383 - DEBUG - Updating music
2026-08-02 21:43:49,383 - DEBUG - Entered _check_music
2026-08-02 21:43:49,383 - DEBUG - Paused: False, Music Playing: True
2026-08-02 21:43:49,396 - DEBUG - Tick
2026-08-02 21:43:49,396 - DEBUG - Updating ship...
2026-08-02 21:43:49,399 - DEBUG - Updating music
2026-08-02 21:43:49,399 - DEBUG - Entered _check_music
2026-08-02 21:43:49,399 - DEBUG - Paused: False, Music Playing: True
2026-08-02 21:43:49,412 - DEBUG - Tick
2026-08-02 21:43:49,413 - DEBUG - Updating ship...
2026-08-02 21:43:49,415 - DEBUG - Updating music
2026-08-02 21:43:49,415 - DEBUG - Entered _check_music
2026-08-02 21:43:49,415 - DEBUG - Paused: False, Music Playing: True
2026-08-02 21:43:49,428 - DEBUG - Tick
2026-08-02 21:43:49,429 - DEBUG - Updating ship...
2026-08-02 21:43:49,431 - DEBUG - Updating music
2026-08-02 21:43:49,431 - DEBUG - Entered _check_music
2026-08-02 21:43:49,431 - DEBUG - Paused: False, Music Playing: True
2026-08-02 21:43:49,445 - DEBUG - Tick
2026-08-02 21:43:49,445 - DEBUG - Updating ship...
2026-08-02 21:43:49,448 - DEBUG - Updating music
2026-08-02 21:43:49,448 - DEBUG - Entered _check_music
2026-08-02 21:43:49,448 - DEBUG - Paused: False, Music Playing: True
2026-08-02 21:43:49,461 - DEBUG - Tick
2026-08-02 21:43:49,461 - DEBUG - Updating ship...
2026-08-02 21:43:49,464 - DEBUG - Updating music
2026-08-02 21:43:49,464 - DEBUG - Entered _check_music
2026-08-02 21:43:49,464 - DEBUG - Paused: False, Music Playing: True
2026-08-02 21:43:49,477 - DEBUG - Tick
2026-08-02 21:43:49,477 - DEBUG - Updating ship...
2026-08-02 21:43:49,480 - DEBUG - Updating music
2026-08-02 21:43:49,480 - DEBUG - Entered _check_music
2026-08-02 21:43:49,480 - DEBUG - Paused: False, Music Playing: True
2026-08-02 21:43:49,494 - DEBUG - Tick
2026-08-02 21:43:49,494 - DEBUG - Updating ship...
2026-08-02 21:43:49,497 - DEBUG - Updating music
2026-08-02 21:43:49,497 - DEBUG - Entered _check_music
2026-08-02 21:43:49,497 - DEBUG - Paused: False, Music Playing: True
2026-08-02 21:43:49,510 - DEBUG - Tick
2026-08-02 21:43:49,511 - DEBUG - Updating ship...
2026-08-02 21:43:49,513 - DEBUG - Updating music
2026-08-02 21:43:49,513 - DEBUG - Entered _check_music
2026-08-02 21:43:49,513 - DEBUG - Paused: False, Music Playing: True
2026-08-02 21:43:49,526 - DEBUG - Tick
2026-08-02 21:43:49,527 - DEBUG - Updating ship...
2026-08-02 21:43:49,529 - DEBUG - Updating music
2026-08-02 21:43:49,529 - DEBUG - Entered _check_music
2026-08-02 21:43:49,529 - DEBUG - Paused: False, Music Playing: True
2026-08-02 21:43:49,543 - DEBUG - Tick
2026-08-02 21:43:49,544 - DEBUG - Updating ship...
2026-08-02 21:43:49,546 - DEBUG - Updating music
2026-08-02 21:43:49,546 - DEBUG - Entered _check_music
2026-08-02 21:43:49,546 - DEBUG - Paused: False, Music Playing: True
2026-08-02 21:43:49,559 - DEBUG - Tick
2026-08-02 21:43:49,560 - DEBUG - Updating ship...
2026-08-02 21:43:49,562 - DEBUG - Updating music
2026-08-02 21:43:49,562 - DEBUG - Entered _check_music
2026-08-02 21:43:49,562 - DEBUG - Paused: False, Music Playing: True
2026-08-02 21:43:49,576 - DEBUG - Tick
2026-08-02 21:43:49,577 - DEBUG - Updating ship...
2026-08-02 21:43:49,579 - DEBUG - Updating music
2026-08-02 21:43:49,579 - DEBUG - Entered _check_music
2026-08-02 21:43:49,579 - DEBUG - Paused: False, Music Playing: True
2026-08-02 21:43:49,592 - DEBUG - Tick
2026-08-02 21:43:49,593 - DEBUG - Updating ship...
2026-08-02 21:43:49,595 - DEBUG - Updating music
2026-08-02 21:43:49,595 - DEBUG - Entered _check_music
2026-08-02 21:43:49,595 - DEBUG - Paused: False, Music Playing: True
2026-08-02 21:43:49,609 - DEBUG - Tick
2026-08-02 21:43:49,609 - DEBUG - Updating ship...
2026-08-02 21:43:49,612 - DEBUG - Updating music
2026-08-02 21:43:49,612 - DEBUG - Entered _check_music
2026-08-02 21:43:49,612 - DEBUG - Paused: False, Music Playing: True
2026-08-02 21:43:49,625 - DEBUG - Tick
2026-08-02 21:43:49,625 - DEBUG - Updating ship...
2026-08-02 21:43:49,628 - DEBUG - Updating music
2026-08-02 21:43:49,628 - DEBUG - Entered _check_music
2026-08-02 21:43:49,628 - DEBUG - Paused: False, Music Playing: True
2026-08-02 21:43:49,641 - DEBUG - Tick
2026-08-02 21:43:49,642 - DEBUG - Updating ship...
2026-08-02 21:43:49,644 - DEBUG - Updating music
2026-08-02 21:43:49,644 - DEBUG - Entered _check_music
2026-08-02 21:43:49,644 - DEBUG - Paused: False, Music Playing: True
2026-08-02 21:43:49,658 - DEBUG - Tick
2026-08-02 21:43:49,658 - DEBUG - Updating ship...
2026-08-02 21:43:49,660 - DEBUG - Updating music
2026-08-02 21:43:49,660 - DEBUG - Entered _check_music
2026-08-02 21:43:49,661 - DEBUG - Paused: False, Music Playing: True
2026-08-02 21:43:49,674 - DEBUG - Tick
2026-08-02 21:43:49,674 - DEBUG - Updating ship...
2026-08-02 21:43:49,677 - DEBUG - Updating music
2026-08-02 21:43:49,677 - DEBUG - Entered _check_music
2026-08-02 21:43:49,677 - DEBUG - Paused: False, Music Playing: True
2026-08-02 21:43:49,690 - DEBUG - Tick
2026-08-02 21:43:49,690 - DEBUG - Updating ship...
2026-08-02 21:43:49,692 - DEBUG - Updating music
2026-08-02 21:43:49,692 - DEBUG - Entered _check_music
2026-08-02 21:43:49,692 - DEBUG - Paused: False, Music Playing: True
2026-08-02 21:43:49,706 - DEBUG - Tick
2026-08-02 21:43:49,706 - DEBUG - Updating ship...
2026-08-02 21:43:49,708 - DEBUG - Updating music
2026-08-02 21:43:49,708 - DEBUG - Entered _check_music
2026-08-02 21:43:49,708 - DEBUG - Paused: False, Music Playing: True
2026-08-02 21:43:49,721 - DEBUG - Tick
2026-08-02 21:43:49,722 - DEBUG - Updating ship...
2026-08-02 21:43:49,724 - DEBUG - Updating music
2026-08-02 21:43:49,724 - DEBUG - Entered _check_music
2026-08-02 21:43:49,725 - DEBUG - Paused: False, Music Playing: True
2026-08-02 21:43:49,738 - DEBUG - Tick
2026-08-02 21:43:49,738 - DEBUG - Updating ship...
2026-08-02 21:43:49,740 - DEBUG - Updating music
2026-08-02 21:43:49,740 - DEBUG - Entered _check_music
2026-08-02 21:43:49,740 - DEBUG - Paused: False, Music Playing: True
2026-08-02 21:43:49,754 - DEBUG - Tick
2026-08-02 21:43:49,754 - DEBUG - Updating ship...
2026-08-02 21:43:49,756 - DEBUG - Updating music
2026-08-02 21:43:49,756 - DEBUG - Entered _check_music
2026-08-02 21:43:49,756 - DEBUG - Paused: False, Music Playing: True
2026-08-02 21:43:49,770 - DEBUG - Tick
2026-08-02 21:43:49,770 - DEBUG - Updating ship...
2026-08-02 21:43:49,772 - DEBUG - Updating music
2026-08-02 21:43:49,772 - DEBUG - Entered _check_music
2026-08-02 21:43:49,772 - DEBUG - Paused: False, Music Playing: True
2026-08-02 21:43:49,786 - DEBUG - Tick
2026-08-02 21:43:49,786 - DEBUG - Updating ship...
2026-08-02 21:43:49,788 - DEBUG - Updating music
2026-08-02 21:43:49,789 - DEBUG - Entered _check_music
2026-08-02 21:43:49,789 - DEBUG - Paused: False, Music Playing: True
2026-08-02 21:43:49,803 - DEBUG - Tick
2026-08-02 21:43:49,803 - DEBUG - Updating ship...
2026-08-02 21:43:49,805 - DEBUG - Updating music
2026-08-02 21:43:49,805 - DEBUG - Entered _check_music
2026-08-02 21:43:49,805 - DEBUG - Paused: False, Music Playing: True
2026-08-02 21:43:49,818 - DEBUG - Tick
2026-08-02 21:43:49,819 - DEBUG - Updating ship...
2026-08-02 21:43:49,820 - DEBUG - Updating music
2026-08-02 21:43:49,821 - DEBUG - Entered _check_music
2026-08-02 21:43:49,821 - DEBUG - Paused: False, Music Playing: True
2026-08-02 21:43:49,835 - DEBUG - Tick
2026-08-02 21:43:49,835 - DEBUG - Updating ship...
2026-08-02 21:43:49,837 - DEBUG - Updating music
2026-08-02 21:43:49,837 - DEBUG - Entered _check_music
2026-08-02 21:43:49,838 - DEBUG - Paused: False, Music Playing: True
2026-08-02 21:43:49,851 - DEBUG - Tick
2026-08-02 21:43:49,851 - DEBUG - Updating ship...
2026-08-02 21:43:49,853 - DEBUG - Updating music
2026-08-02 21:43:49,854 - DEBUG - Entered _check_music
2026-08-02 21:43:49,854 - DEBUG - Paused: False, Music Playing: True
2026-08-02 21:43:49,867 - DEBUG - Tick
2026-08-02 21:43:49,867 - DEBUG - Updating ship...
2026-08-02 21:43:49,869 - DEBUG - Updating music
2026-08-02 21:43:49,869 - DEBUG - Entered _check_music
2026-08-02 21:43:49,869 - DEBUG - Paused: False, Music Playing: True
2026-08-02 21:43:49,882 - DEBUG - Tick
2026-08-02 21:43:49,882 - DEBUG - Updating ship...
2026-08-02 21:43:49,884 - DEBUG - Updating music
2026-08-02 21:43:49,884 - DEBUG - Entered _check_music
2026-08-02 21:43:49,884 - DEBUG - Paused: False, Music Playing: True
2026-08-02 21:43:49,898 - DEBUG - Tick
2026-08-02 21:43:49,899 - DEBUG - Updating ship...
2026-08-02 21:43:49,900 - DEBUG - Updating music
2026-08-02 21:43:49,900 - DEBUG - Entered _check_music
2026-08-02 21:43:49,900 - DEBUG - Paused: False, Music Playing: True
2026-08-02 21:43:49,914 - DEBUG - Tick
2026-08-02 21:43:49,914 - DEBUG - Updating ship...
2026-08-02 21:43:49,916 - DEBUG - Updating music
2026-08-02 21:43:49,916 - DEBUG - Entered _check_music
2026-08-02 21:43:49,916 - DEBUG - Paused: False, Music Playing: True
2026-08-02 21:43:49,931 - DEBUG - Tick
2026-08-02 21:43:49,931 - DEBUG - Updating ship...
2026-08-02 21:43:49,933 - DEBUG - Updating music
2026-08-02 21:43:49,933 - DEBUG - Entered _check_music
2026-08-02 21:43:49,933 - DEBUG - Paused: False, Music Playing: True
2026-08-02 21:43:49,947 - DEBUG - Tick
2026-08-02 21:43:49,947 - DEBUG - Updating ship...
2026-08-02 21:43:49,948 - DEBUG - Updating music
2026-08-02 21:43:49,948 - DEBUG - Entered _check_music
2026-08-02 21:43:49,948 - DEBUG - Paused: False, Music Playing: True
2026-08-02 21:43:49,962 - DEBUG - Tick
2026-08-02 21:43:49,963 - DEBUG - Updating ship...
2026-08-02 21:43:49,964 - DEBUG - Updating music
2026-08-02 21:43:49,964 - DEBUG - Entered _check_music
2026-08-02 21:43:49,964 - DEBUG - Paused: False, Music Playing: True
2026-08-02 21:43:49,979 - DEBUG - Tick
2026-08-02 21:43:49,979 - DEBUG - Updating ship...
2026-08-02 21:43:49,980 - DEBUG - Updating music
2026-08-02 21:43:49,980 - DEBUG - Entered _check_music
2026-08-02 21:43:49,981 - DEBUG - Paused: False, Music Playing: True
2026-08-02 21:43:49,995 - DEBUG - Tick
2026-08-02 21:43:49,995 - DEBUG - Updating ship...
2026-08-02 21:43:49,996 - DEBUG - Updating music
2026-08-02 21:43:49,996 - DEBUG - Entered _check_music
2026-08-02 21:43:49,996 - DEBUG - Paused: False, Music Playing: True
2026-08-02 21:43:50,011 - DEBUG - Tick
2026-08-02 21:43:50,011 - DEBUG - Updating ship...
2026-08-02 21:43:50,014 - DEBUG - Updating music
2026-08-02 21:43:50,014 - DEBUG - Entered _check_music
2026-08-02 21:43:50,014 - DEBUG - Paused: False, Music Playing: True
2026-08-02 21:43:50,027 - DEBUG - Tick
2026-08-02 21:43:50,027 - DEBUG - Updating ship...
2026-08-02 21:43:50,029 - DEBUG - Updating music
2026-08-02 21:43:50,029 - DEBUG - Entered _check_music
2026-08-02 21:43:50,030 - DEBUG - Paused: False, Music Playing: True
2026-08-02 21:43:50,043 - DEBUG - Tick
2026-08-02 21:43:50,043 - DEBUG - Updating ship...
2026-08-02 21:43:50,045 - DEBUG - Updating music
2026-08-02 21:43:50,045 - DEBUG - Entered _check_music
2026-08-02 21:43:50,045 - DEBUG - Paused: False, Music Playing: True
2026-08-02 21:43:50,059 - DEBUG - Tick
2026-08-02 21:43:50,059 - DEBUG - Updating ship...
2026-08-02 21:43:50,061 - DEBUG - Updating music
2026-08-02 21:43:50,061 - DEBUG - Entered _check_music
2026-08-02 21:43:50,061 - DEBUG - Paused: False, Music Playing: True
2026-08-02 21:43:50,074 - DEBUG - Tick
2026-08-02 21:43:50,075 - DEBUG - Updating ship...
2026-08-02 21:43:50,077 - DEBUG - Updating music
2026-08-02 21:43:50,077 - DEBUG - Entered _check_music
2026-08-02 21:43:50,077 - DEBUG - Paused: False, Music Playing: True
2026-08-02 21:43:50,091 - DEBUG - Tick
2026-08-02 21:43:50,091 - DEBUG - Updating ship...
2026-08-02 21:43:50,094 - DEBUG - Updating music
2026-08-02 21:43:50,094 - DEBUG - Entered _check_music
2026-08-02 21:43:50,094 - DEBUG - Paused: False, Music Playing: True
2026-08-02 21:43:50,108 - DEBUG - Tick
2026-08-02 21:43:50,108 - DEBUG - Updating ship...
2026-08-02 21:43:50,111 - DEBUG - Updating music
2026-08-02 21:43:50,111 - DEBUG - Entered _check_music
2026-08-02 21:43:50,111 - DEBUG - Paused: False, Music Playing: True
2026-08-02 21:43:50,124 - DEBUG - Tick
2026-08-02 21:43:50,124 - DEBUG - Updating ship...
2026-08-02 21:43:50,127 - DEBUG - Updating music
2026-08-02 21:43:50,127 - DEBUG - Entered _check_music
2026-08-02 21:43:50,127 - DEBUG - Paused: False, Music Playing: True
2026-08-02 21:43:50,139 - DEBUG - Tick
2026-08-02 21:43:50,140 - DEBUG - Updating ship...
2026-08-02 21:43:50,142 - DEBUG - Updating music
2026-08-02 21:43:50,142 - DEBUG - Entered _check_music
2026-08-02 21:43:50,142 - DEBUG - Paused: False, Music Playing: True
2026-08-02 21:43:50,156 - DEBUG - Tick
2026-08-02 21:43:50,156 - DEBUG - Updating ship...
2026-08-02 21:43:50,158 - DEBUG - Updating music
2026-08-02 21:43:50,158 - DEBUG - Entered _check_music
2026-08-02 21:43:50,159 - DEBUG - Paused: False, Music Playing: True
2026-08-02 21:43:50,172 - DEBUG - Tick
2026-08-02 21:43:50,172 - DEBUG - Updating ship...
2026-08-02 21:43:50,174 - DEBUG - Updating music
2026-08-02 21:43:50,175 - DEBUG - Entered _check_music
2026-08-02 21:43:50,175 - DEBUG - Paused: False, Music Playing: True
2026-08-02 21:43:50,188 - DEBUG - Tick
2026-08-02 21:43:50,188 - DEBUG - Updating ship...
2026-08-02 21:43:50,190 - DEBUG - Updating music
2026-08-02 21:43:50,190 - DEBUG - Entered _check_music
2026-08-02 21:43:50,190 - DEBUG - Paused: False, Music Playing: True
2026-08-02 21:43:50,203 - DEBUG - Tick
2026-08-02 21:43:50,204 - DEBUG - Updating ship...
2026-08-02 21:43:50,206 - DEBUG - Updating music
2026-08-02 21:43:50,206 - DEBUG - Entered _check_music
2026-08-02 21:43:50,206 - DEBUG - Paused: False, Music Playing: True
2026-08-02 21:43:50,220 - DEBUG - Tick
2026-08-02 21:43:50,220 - DEBUG - Updating ship...
2026-08-02 21:43:50,222 - DEBUG - Updating music
2026-08-02 21:43:50,222 - DEBUG - Entered _check_music
2026-08-02 21:43:50,222 - DEBUG - Paused: False, Music Playing: True
2026-08-02 21:43:50,235 - DEBUG - Tick
2026-08-02 21:43:50,235 - DEBUG - Updating ship...
2026-08-02 21:43:50,238 - DEBUG - Updating music
2026-08-02 21:43:50,238 - DEBUG - Entered _check_music
2026-08-02 21:43:50,238 - DEBUG - Paused: False, Music Playing: True
2026-08-02 21:43:50,252 - DEBUG - Tick
2026-08-02 21:43:50,252 - DEBUG - Updating ship...
2026-08-02 21:43:50,254 - DEBUG - Updating music
2026-08-02 21:43:50,254 - DEBUG - Entered _check_music
2026-08-02 21:43:50,254 - DEBUG - Paused: False, Music Playing: True
2026-08-02 21:43:50,267 - DEBUG - Tick
2026-08-02 21:43:50,268 - DEBUG - Updating ship...
2026-08-02 21:43:50,270 - DEBUG - Updating music
2026-08-02 21:43:50,270 - DEBUG - Entered _check_music
2026-08-02 21:43:50,270 - DEBUG - Paused: False, Music Playing: True
2026-08-02 21:43:50,284 - DEBUG - Tick
2026-08-02 21:43:50,284 - DEBUG - Updating ship...
2026-08-02 21:43:50,286 - DEBUG - Updating music
2026-08-02 21:43:50,286 - DEBUG - Entered _check_music
2026-08-02 21:43:50,287 - DEBUG - Paused: False, Music Playing: True
2026-08-02 21:43:50,300 - DEBUG - Tick
2026-08-02 21:43:50,300 - DEBUG - Updating ship...
2026-08-02 21:43:50,302 - DEBUG - Updating music
2026-08-02 21:43:50,302 - DEBUG - Entered _check_music
2026-08-02 21:43:50,302 - DEBUG - Paused: False, Music Playing: True
2026-08-02 21:43:50,316 - DEBUG - Tick
2026-08-02 21:43:50,316 - DEBUG - Updating ship...
2026-08-02 21:43:50,319 - DEBUG - Updating music
2026-08-02 21:43:50,319 - DEBUG - Entered _check_music
2026-08-02 21:43:50,319 - DEBUG - Paused: False, Music Playing: True
2026-08-02 21:43:50,333 - DEBUG - Tick
2026-08-02 21:43:50,333 - DEBUG - Updating ship...
2026-08-02 21:43:50,335 - DEBUG - Updating music
2026-08-02 21:43:50,336 - DEBUG - Entered _check_music
2026-08-02 21:43:50,336 - DEBUG - Paused: False, Music Playing: True
2026-08-02 21:43:50,349 - DEBUG - Tick
2026-08-02 21:43:50,349 - DEBUG - Updating ship...
2026-08-02 21:43:50,351 - DEBUG - Updating music
2026-08-02 21:43:50,352 - DEBUG - Entered _check_music
2026-08-02 21:43:50,352 - DEBUG - Paused: False, Music Playing: True
2026-08-02 21:43:50,365 - DEBUG - Tick
2026-08-02 21:43:50,365 - DEBUG - Updating ship...
2026-08-02 21:43:50,367 - DEBUG - Updating music
2026-08-02 21:43:50,367 - DEBUG - Entered _check_music
2026-08-02 21:43:50,367 - DEBUG - Paused: False, Music Playing: True
2026-08-02 21:43:50,380 - DEBUG - Tick
2026-08-02 21:43:50,381 - DEBUG - Updating ship...
2026-08-02 21:43:50,383 - DEBUG - Updating music
2026-08-02 21:43:50,383 - DEBUG - Entered _check_music
2026-08-02 21:43:50,383 - DEBUG - Paused: False, Music Playing: True
2026-08-02 21:43:50,397 - DEBUG - Tick
2026-08-02 21:43:50,397 - DEBUG - Updating ship...
2026-08-02 21:43:50,400 - DEBUG - Updating music
2026-08-02 21:43:50,400 - DEBUG - Entered _check_music
2026-08-02 21:43:50,400 - DEBUG - Paused: False, Music Playing: True
2026-08-02 21:43:50,413 - DEBUG - Tick
2026-08-02 21:43:50,413 - DEBUG - Updating ship...
2026-08-02 21:43:50,415 - DEBUG - Updating music
2026-08-02 21:43:50,415 - DEBUG - Entered _check_music
2026-08-02 21:43:50,416 - DEBUG - Paused: False, Music Playing: True
2026-08-02 21:43:50,429 - DEBUG - Tick
2026-08-02 21:43:50,429 - DEBUG - Updating ship...
2026-08-02 21:43:50,431 - DEBUG - Updating music
2026-08-02 21:43:50,431 - DEBUG - Entered _check_music
2026-08-02 21:43:50,431 - DEBUG - Paused: False, Music Playing: True
2026-08-02 21:43:50,444 - DEBUG - Tick
2026-08-02 21:43:50,444 - DEBUG - Updating ship...
2026-08-02 21:43:50,447 - DEBUG - Updating music
2026-08-02 21:43:50,447 - DEBUG - Entered _check_music
2026-08-02 21:43:50,447 - DEBUG - Paused: False, Music Playing: True
2026-08-02 21:43:50,461 - DEBUG - Tick
2026-08-02 21:43:50,461 - DEBUG - Updating ship...
2026-08-02 21:43:50,464 - DEBUG - Updating music
2026-08-02 21:43:50,464 - DEBUG - Entered _check_music
2026-08-02 21:43:50,464 - DEBUG - Paused: False, Music Playing: True
2026-08-02 21:43:50,477 - DEBUG - Tick
2026-08-02 21:43:50,477 - DEBUG - Updating ship...
2026-08-02 21:43:50,479 - DEBUG - Updating music
2026-08-02 21:43:50,479 - DEBUG - Entered _check_music
2026-08-02 21:43:50,480 - DEBUG - Paused: False, Music Playing: True
2026-08-02 21:43:50,493 - DEBUG - Tick
2026-08-02 21:43:50,493 - DEBUG - Updating ship...
2026-08-02 21:43:50,495 - DEBUG - Updating music
2026-08-02 21:43:50,496 - DEBUG - Entered _check_music
2026-08-02 21:43:50,496 - DEBUG - Paused: False, Music Playing: True
2026-08-02 21:43:50,509 - DEBUG - Tick
2026-08-02 21:43:50,509 - DEBUG - Updating ship...
2026-08-02 21:43:50,512 - DEBUG - Updating music
2026-08-02 21:43:50,512 - DEBUG - Entered _check_music
2026-08-02 21:43:50,512 - DEBUG - Paused: False, Music Playing: True
2026-08-02 21:43:50,525 - DEBUG - Tick
2026-08-02 21:43:50,526 - DEBUG - Updating ship...
2026-08-02 21:43:50,528 - DEBUG - Updating music
2026-08-02 21:43:50,528 - DEBUG - Entered _check_music
2026-08-02 21:43:50,528 - DEBUG - Paused: False, Music Playing: True
2026-08-02 21:43:50,541 - DEBUG - Tick
2026-08-02 21:43:50,541 - DEBUG - Updating ship...
2026-08-02 21:43:50,543 - DEBUG - Updating music
2026-08-02 21:43:50,544 - DEBUG - Entered _check_music
2026-08-02 21:43:50,544 - DEBUG - Paused: False, Music Playing: True
2026-08-02 21:43:50,557 - DEBUG - Tick
2026-08-02 21:43:50,557 - DEBUG - Updating ship...
2026-08-02 21:43:50,560 - DEBUG - Updating music
2026-08-02 21:43:50,560 - DEBUG - Entered _check_music
2026-08-02 21:43:50,560 - DEBUG - Paused: False, Music Playing: True
2026-08-02 21:43:50,572 - DEBUG - Tick
2026-08-02 21:43:50,573 - DEBUG - Updating ship...
2026-08-02 21:43:50,575 - DEBUG - Updating music
2026-08-02 21:43:50,575 - DEBUG - Entered _check_music
2026-08-02 21:43:50,576 - DEBUG - Paused: False, Music Playing: True
2026-08-02 21:43:50,589 - DEBUG - Tick
2026-08-02 21:43:50,589 - DEBUG - Updating ship...
2026-08-02 21:43:50,592 - DEBUG - Updating music
2026-08-02 21:43:50,592 - DEBUG - Entered _check_music
2026-08-02 21:43:50,592 - DEBUG - Paused: False, Music Playing: True
2026-08-02 21:43:50,605 - DEBUG - Tick
2026-08-02 21:43:50,606 - DEBUG - Updating ship...
2026-08-02 21:43:50,608 - DEBUG - Updating music
2026-08-02 21:43:50,608 - DEBUG - Entered _check_music
2026-08-02 21:43:50,608 - DEBUG - Paused: False, Music Playing: True
2026-08-02 21:43:50,622 - DEBUG - Tick
2026-08-02 21:43:50,622 - DEBUG - Updating ship...
2026-08-02 21:43:50,625 - DEBUG - Updating music
2026-08-02 21:43:50,625 - DEBUG - Entered _check_music
2026-08-02 21:43:50,625 - DEBUG - Paused: False, Music Playing: True
2026-08-02 21:43:50,638 - DEBUG - Tick
2026-08-02 21:43:50,639 - DEBUG - Updating ship...
2026-08-02 21:43:50,641 - DEBUG - Updating music
2026-08-02 21:43:50,641 - DEBUG - Entered _check_music
2026-08-02 21:43:50,641 - DEBUG - Paused: False, Music Playing: True
2026-08-02 21:43:50,654 - DEBUG - Tick
2026-08-02 21:43:50,654 - DEBUG - Updating ship...
2026-08-02 21:43:50,656 - DEBUG - Updating music
2026-08-02 21:43:50,656 - DEBUG - Entered _check_music
2026-08-02 21:43:50,656 - DEBUG - Paused: False, Music Playing: True
2026-08-02 21:43:50,670 - DEBUG - Tick
2026-08-02 21:43:50,670 - DEBUG - Updating ship...
2026-08-02 21:43:50,672 - DEBUG - Updating music
2026-08-02 21:43:50,672 - DEBUG - Entered _check_music
2026-08-02 21:43:50,672 - DEBUG - Paused: False, Music Playing: True
2026-08-02 21:43:50,685 - DEBUG - Tick
2026-08-02 21:43:50,686 - DEBUG - Updating ship...
2026-08-02 21:43:50,688 - DEBUG - Updating music
2026-08-02 21:43:50,688 - DEBUG - Entered _check_music
2026-08-02 21:43:50,688 - DEBUG - Paused: False, Music Playing: True
2026-08-02 21:43:50,702 - DEBUG - Tick
2026-08-02 21:43:50,702 - DEBUG - Updating ship...
2026-08-02 21:43:50,704 - DEBUG - Updating music
2026-08-02 21:43:50,704 - DEBUG - Entered _check_music
2026-08-02 21:43:50,704 - DEBUG - Paused: False, Music Playing: True
2026-08-02 21:43:50,718 - DEBUG - Tick
2026-08-02 21:43:50,718 - DEBUG - Updating ship...
2026-08-02 21:43:50,720 - DEBUG - Updating music
2026-08-02 21:43:50,720 - DEBUG - Entered _check_music
2026-08-02 21:43:50,720 - DEBUG - Paused: False, Music Playing: True
2026-08-02 21:43:50,733 - DEBUG - Tick
2026-08-02 21:43:50,734 - DEBUG - Updating ship...
2026-08-02 21:43:50,736 - DEBUG - Updating music
2026-08-02 21:43:50,736 - DEBUG - Entered _check_music
2026-08-02 21:43:50,736 - DEBUG - Paused: False, Music Playing: True
2026-08-02 21:43:50,750 - DEBUG - Tick
2026-08-02 21:43:50,750 - DEBUG - Updating ship...
2026-08-02 21:43:50,753 - DEBUG - Updating music
2026-08-02 21:43:50,753 - DEBUG - Entered _check_music
2026-08-02 21:43:50,753 - DEBUG - Paused: False, Music Playing: True
2026-08-02 21:43:50,767 - DEBUG - Tick
2026-08-02 21:43:50,767 - DEBUG - Updating ship...
2026-08-02 21:43:50,770 - DEBUG - Updating music
2026-08-02 21:43:50,770 - DEBUG - Entered _check_music
2026-08-02 21:43:50,770 - DEBUG - Paused: False, Music Playing: True
2026-08-02 21:43:50,783 - DEBUG - Tick
2026-08-02 21:43:50,783 - DEBUG - Updating ship...
2026-08-02 21:43:50,785 - DEBUG - Updating music
2026-08-02 21:43:50,786 - DEBUG - Entered _check_music
2026-08-02 21:43:50,786 - DEBUG - Paused: False, Music Playing: True
2026-08-02 21:43:50,799 - DEBUG - Tick
2026-08-02 21:43:50,799 - DEBUG - Updating ship...
2026-08-02 21:43:50,801 - DEBUG - Updating music
2026-08-02 21:43:50,801 - DEBUG - Entered _check_music
2026-08-02 21:43:50,801 - DEBUG - Paused: False, Music Playing: True
2026-08-02 21:43:50,814 - DEBUG - Tick
2026-08-02 21:43:50,815 - DEBUG - Updating ship...
2026-08-02 21:43:50,817 - DEBUG - Updating music
2026-08-02 21:43:50,817 - DEBUG - Entered _check_music
2026-08-02 21:43:50,817 - DEBUG - Paused: False, Music Playing: True
2026-08-02 21:43:50,831 - DEBUG - Tick
2026-08-02 21:43:50,831 - DEBUG - Updating ship...
2026-08-02 21:43:50,833 - DEBUG - Updating music
2026-08-02 21:43:50,833 - DEBUG - Entered _check_music
2026-08-02 21:43:50,833 - DEBUG - Paused: False, Music Playing: True
2026-08-02 21:43:50,847 - DEBUG - Tick
2026-08-02 21:43:50,847 - DEBUG - Updating ship...
2026-08-02 21:43:50,849 - DEBUG - Updating music
2026-08-02 21:43:50,849 - DEBUG - Entered _check_music
2026-08-02 21:43:50,849 - DEBUG - Paused: False, Music Playing: True
2026-08-02 21:43:50,863 - DEBUG - Tick
2026-08-02 21:43:50,863 - DEBUG - Updating ship...
2026-08-02 21:43:50,866 - DEBUG - Updating music
2026-08-02 21:43:50,867 - DEBUG - Entered _check_music
2026-08-02 21:43:50,867 - DEBUG - Paused: False, Music Playing: True
2026-08-02 21:43:50,879 - DEBUG - Tick
2026-08-02 21:43:50,879 - DEBUG - Updating ship...
2026-08-02 21:43:50,882 - DEBUG - Updating music
2026-08-02 21:43:50,882 - DEBUG - Entered _check_music
2026-08-02 21:43:50,882 - DEBUG - Paused: False, Music Playing: True
2026-08-02 21:43:50,895 - DEBUG - Tick
2026-08-02 21:43:50,896 - DEBUG - Updating ship...
2026-08-02 21:43:50,898 - DEBUG - Updating music
2026-08-02 21:43:50,898 - DEBUG - Entered _check_music
2026-08-02 21:43:50,898 - DEBUG - Paused: False, Music Playing: True
2026-08-02 21:43:50,911 - DEBUG - Tick
2026-08-02 21:43:50,912 - DEBUG - Updating ship...
2026-08-02 21:43:50,914 - DEBUG - Updating music
2026-08-02 21:43:50,914 - DEBUG - Entered _check_music
2026-08-02 21:43:50,914 - DEBUG - Paused: False, Music Playing: True
2026-08-02 21:43:50,928 - DEBUG - Tick
2026-08-02 21:43:50,929 - DEBUG - Updating ship...
2026-08-02 21:43:50,931 - DEBUG - Updating music
2026-08-02 21:43:50,931 - DEBUG - Entered _check_music
2026-08-02 21:43:50,931 - DEBUG - Paused: False, Music Playing: True
2026-08-02 21:43:50,943 - DEBUG - Tick
2026-08-02 21:43:50,944 - DEBUG - Updating ship...
2026-08-02 21:43:50,946 - DEBUG - Updating music
2026-08-02 21:43:50,947 - DEBUG - Entered _check_music
2026-08-02 21:43:50,947 - DEBUG - Paused: False, Music Playing: True
2026-08-02 21:43:50,960 - DEBUG - Tick
2026-08-02 21:43:50,960 - DEBUG - Updating ship...
2026-08-02 21:43:50,963 - DEBUG - Updating music
2026-08-02 21:43:50,963 - DEBUG - Entered _check_music
2026-08-02 21:43:50,963 - DEBUG - Paused: False, Music Playing: True
2026-08-02 21:43:50,976 - DEBUG - Tick
2026-08-02 21:43:50,977 - DEBUG - Updating ship...
2026-08-02 21:43:50,979 - DEBUG - Updating music
2026-08-02 21:43:50,979 - DEBUG - Entered _check_music
2026-08-02 21:43:50,979 - DEBUG - Paused: False, Music Playing: True
2026-08-02 21:43:50,993 - DEBUG - Tick
2026-08-02 21:43:50,994 - DEBUG - Updating ship...
2026-08-02 21:43:50,996 - DEBUG - Updating music
2026-08-02 21:43:50,996 - DEBUG - Entered _check_music
2026-08-02 21:43:50,996 - DEBUG - Paused: False, Music Playing: True
2026-08-02 21:43:51,008 - DEBUG - Tick
2026-08-02 21:43:51,009 - DEBUG - Updating ship...
2026-08-02 21:43:51,010 - DEBUG - Updating music
2026-08-02 21:43:51,011 - DEBUG - Entered _check_music
2026-08-02 21:43:51,011 - DEBUG - Paused: False, Music Playing: True
2026-08-02 21:43:51,025 - DEBUG - Tick
2026-08-02 21:43:51,025 - DEBUG - Updating ship...
2026-08-02 21:43:51,028 - DEBUG - Updating music
2026-08-02 21:43:51,028 - DEBUG - Entered _check_music
2026-08-02 21:43:51,028 - DEBUG - Paused: False, Music Playing: True
2026-08-02 21:43:51,041 - DEBUG - Tick
2026-08-02 21:43:51,041 - DEBUG - Updating ship...
2026-08-02 21:43:51,043 - DEBUG - Updating music
2026-08-02 21:43:51,044 - DEBUG - Entered _check_music
2026-08-02 21:43:51,044 - DEBUG - Paused: False, Music Playing: True
2026-08-02 21:43:51,057 - DEBUG - Tick
2026-08-02 21:43:51,057 - DEBUG - Updating ship...
2026-08-02 21:43:51,060 - DEBUG - Updating music
2026-08-02 21:43:51,060 - DEBUG - Entered _check_music
2026-08-02 21:43:51,060 - DEBUG - Paused: False, Music Playing: True
2026-08-02 21:43:51,073 - DEBUG - Tick
2026-08-02 21:43:51,074 - DEBUG - Updating ship...
2026-08-02 21:43:51,076 - DEBUG - Updating music
2026-08-02 21:43:51,076 - DEBUG - Entered _check_music
2026-08-02 21:43:51,076 - DEBUG - Paused: False, Music Playing: True
2026-08-02 21:43:51,088 - DEBUG - Tick
2026-08-02 21:43:51,089 - DEBUG - Updating ship...
2026-08-02 21:43:51,091 - DEBUG - Updating music
2026-08-02 21:43:51,091 - DEBUG - Entered _check_music
2026-08-02 21:43:51,091 - DEBUG - Paused: False, Music Playing: True
2026-08-02 21:43:51,105 - DEBUG - Tick
2026-08-02 21:43:51,105 - DEBUG - Updating ship...
2026-08-02 21:43:51,107 - DEBUG - Updating music
2026-08-02 21:43:51,108 - DEBUG - Entered _check_music
2026-08-02 21:43:51,108 - DEBUG - Paused: False, Music Playing: True
2026-08-02 21:43:51,121 - DEBUG - Tick
2026-08-02 21:43:51,121 - DEBUG - Updating ship...
2026-08-02 21:43:51,123 - DEBUG - Updating music
2026-08-02 21:43:51,123 - DEBUG - Entered _check_music
2026-08-02 21:43:51,124 - DEBUG - Paused: False, Music Playing: True
2026-08-02 21:43:51,137 - DEBUG - Tick
2026-08-02 21:43:51,137 - DEBUG - Updating ship...
2026-08-02 21:43:51,139 - DEBUG - Updating music
2026-08-02 21:43:51,139 - DEBUG - Entered _check_music
2026-08-02 21:43:51,139 - DEBUG - Paused: False, Music Playing: True
2026-08-02 21:43:51,153 - DEBUG - Tick
2026-08-02 21:43:51,153 - DEBUG - Updating ship...
2026-08-02 21:43:51,155 - DEBUG - Updating music
2026-08-02 21:43:51,155 - DEBUG - Entered _check_music
2026-08-02 21:43:51,155 - DEBUG - Paused: False, Music Playing: True
2026-08-02 21:43:51,168 - DEBUG - Tick
2026-08-02 21:43:51,168 - DEBUG - Updating ship...
2026-08-02 21:43:51,170 - DEBUG - Updating music
2026-08-02 21:43:51,171 - DEBUG - Entered _check_music
2026-08-02 21:43:51,171 - DEBUG - Paused: False, Music Playing: True
2026-08-02 21:43:51,185 - DEBUG - Tick
2026-08-02 21:43:51,185 - DEBUG - Updating ship...
2026-08-02 21:43:51,187 - DEBUG - Updating music
2026-08-02 21:43:51,187 - DEBUG - Entered _check_music
2026-08-02 21:43:51,187 - DEBUG - Paused: False, Music Playing: True
2026-08-02 21:43:51,201 - DEBUG - Tick
2026-08-02 21:43:51,201 - DEBUG - Updating ship...
2026-08-02 21:43:51,203 - DEBUG - Updating music
2026-08-02 21:43:51,203 - DEBUG - Entered _check_music
2026-08-02 21:43:51,203 - DEBUG - Paused: False, Music Playing: True
2026-08-02 21:43:51,216 - DEBUG - Tick
2026-08-02 21:43:51,216 - DEBUG - Updating ship...
2026-08-02 21:43:51,218 - DEBUG - Updating music
2026-08-02 21:43:51,219 - DEBUG - Entered _check_music
2026-08-02 21:43:51,219 - DEBUG - Paused: False, Music Playing: True
2026-08-02 21:43:51,233 - DEBUG - Tick
2026-08-02 21:43:51,233 - DEBUG - Updating ship...
2026-08-02 21:43:51,235 - DEBUG - Updating music
2026-08-02 21:43:51,235 - DEBUG - Entered _check_music
2026-08-02 21:43:51,235 - DEBUG - Paused: False, Music Playing: True
2026-08-02 21:43:51,249 - DEBUG - Tick
2026-08-02 21:43:51,249 - DEBUG - Updating ship...
2026-08-02 21:43:51,251 - DEBUG - Updating music
2026-08-02 21:43:51,251 - DEBUG - Entered _check_music
2026-08-02 21:43:51,251 - DEBUG - Paused: False, Music Playing: True
2026-08-02 21:43:51,266 - DEBUG - Tick
2026-08-02 21:43:51,266 - DEBUG - Updating ship...
2026-08-02 21:43:51,267 - DEBUG - Updating music
2026-08-02 21:43:51,268 - DEBUG - Entered _check_music
2026-08-02 21:43:51,268 - DEBUG - Paused: False, Music Playing: True
2026-08-02 21:43:51,282 - DEBUG - Tick
2026-08-02 21:43:51,282 - DEBUG - Updating ship...
2026-08-02 21:43:51,284 - DEBUG - Updating music
2026-08-02 21:43:51,284 - DEBUG - Entered _check_music
2026-08-02 21:43:51,284 - DEBUG - Paused: False, Music Playing: True
2026-08-02 21:43:51,298 - DEBUG - Tick
2026-08-02 21:43:51,298 - DEBUG - Updating ship...
2026-08-02 21:43:51,300 - DEBUG - Updating music
2026-08-02 21:43:51,300 - DEBUG - Entered _check_music
2026-08-02 21:43:51,300 - DEBUG - Paused: False, Music Playing: True
2026-08-02 21:43:51,314 - DEBUG - Tick
2026-08-02 21:43:51,314 - DEBUG - Updating ship...
2026-08-02 21:43:51,316 - DEBUG - Updating music
2026-08-02 21:43:51,316 - DEBUG - Entered _check_music
2026-08-02 21:43:51,316 - DEBUG - Paused: False, Music Playing: True
2026-08-02 21:43:51,329 - DEBUG - Tick
2026-08-02 21:43:51,330 - DEBUG - Updating ship...
2026-08-02 21:43:51,332 - DEBUG - Updating music
2026-08-02 21:43:51,332 - DEBUG - Entered _check_music
2026-08-02 21:43:51,332 - DEBUG - Paused: False, Music Playing: True
2026-08-02 21:43:51,346 - DEBUG - Tick
2026-08-02 21:43:51,347 - DEBUG - Updating ship...
2026-08-02 21:43:51,349 - DEBUG - Updating music
2026-08-02 21:43:51,349 - DEBUG - Entered _check_music
2026-08-02 21:43:51,349 - DEBUG - Paused: False, Music Playing: True
2026-08-02 21:43:51,363 - DEBUG - Tick
2026-08-02 21:43:51,363 - DEBUG - Updating ship...
2026-08-02 21:43:51,365 - DEBUG - Updating music
2026-08-02 21:43:51,365 - DEBUG - Entered _check_music
2026-08-02 21:43:51,365 - DEBUG - Paused: False, Music Playing: True
2026-08-02 21:43:51,380 - DEBUG - Tick
2026-08-02 21:43:51,380 - DEBUG - Updating ship...
2026-08-02 21:43:51,382 - DEBUG - Updating music
2026-08-02 21:43:51,382 - DEBUG - Entered _check_music
2026-08-02 21:43:51,382 - DEBUG - Paused: False, Music Playing: True
2026-08-02 21:43:51,396 - DEBUG - Tick
2026-08-02 21:43:51,396 - DEBUG - Updating ship...
2026-08-02 21:43:51,399 - DEBUG - Updating music
2026-08-02 21:43:51,399 - DEBUG - Entered _check_music
2026-08-02 21:43:51,399 - DEBUG - Paused: False, Music Playing: True
2026-08-02 21:43:51,412 - DEBUG - Tick
2026-08-02 21:43:51,412 - DEBUG - Updating ship...
2026-08-02 21:43:51,414 - DEBUG - Updating music
2026-08-02 21:43:51,415 - DEBUG - Entered _check_music
2026-08-02 21:43:51,415 - DEBUG - Paused: False, Music Playing: True
2026-08-02 21:43:51,428 - DEBUG - Tick
2026-08-02 21:43:51,428 - DEBUG - Updating ship...
2026-08-02 21:43:51,430 - DEBUG - Updating music
2026-08-02 21:43:51,431 - DEBUG - Entered _check_music
2026-08-02 21:43:51,431 - DEBUG - Paused: False, Music Playing: True
2026-08-02 21:43:51,444 - DEBUG - Tick
2026-08-02 21:43:51,444 - DEBUG - Updating ship...
2026-08-02 21:43:51,446 - DEBUG - Updating music
2026-08-02 21:43:51,446 - DEBUG - Entered _check_music
2026-08-02 21:43:51,447 - DEBUG - Paused: False, Music Playing: True
2026-08-02 21:43:51,460 - DEBUG - Tick
2026-08-02 21:43:51,460 - DEBUG - Updating ship...
2026-08-02 21:43:51,462 - DEBUG - Updating music
2026-08-02 21:43:51,463 - DEBUG - Entered _check_music
2026-08-02 21:43:51,463 - DEBUG - Paused: False, Music Playing: True
2026-08-02 21:43:51,476 - DEBUG - Tick
2026-08-02 21:43:51,476 - DEBUG - Updating ship...
2026-08-02 21:43:51,478 - DEBUG - Updating music
2026-08-02 21:43:51,478 - DEBUG - Entered _check_music
2026-08-02 21:43:51,478 - DEBUG - Paused: False, Music Playing: True
2026-08-02 21:43:51,491 - DEBUG - Tick
2026-08-02 21:43:51,492 - DEBUG - Updating ship...
2026-08-02 21:43:51,494 - DEBUG - Updating music
2026-08-02 21:43:51,494 - DEBUG - Entered _check_music
2026-08-02 21:43:51,494 - DEBUG - Paused: False, Music Playing: True
2026-08-02 21:43:51,508 - DEBUG - Tick
2026-08-02 21:43:51,508 - DEBUG - Updating ship...
2026-08-02 21:43:51,510 - DEBUG - Updating music
2026-08-02 21:43:51,511 - DEBUG - Entered _check_music
2026-08-02 21:43:51,511 - DEBUG - Paused: False, Music Playing: True
2026-08-02 21:43:51,525 - DEBUG - Tick
2026-08-02 21:43:51,525 - DEBUG - Updating ship...
2026-08-02 21:43:51,527 - DEBUG - Updating music
2026-08-02 21:43:51,527 - DEBUG - Entered _check_music
2026-08-02 21:43:51,527 - DEBUG - Paused: False, Music Playing: True
2026-08-02 21:43:51,541 - DEBUG - Tick
2026-08-02 21:43:51,541 - DEBUG - Updating ship...
2026-08-02 21:43:51,544 - DEBUG - Updating music
2026-08-02 21:43:51,544 - DEBUG - Entered _check_music
2026-08-02 21:43:51,544 - DEBUG - Paused: False, Music Playing: True
2026-08-02 21:43:51,557 - DEBUG - Tick
2026-08-02 21:43:51,557 - DEBUG - Updating ship...
2026-08-02 21:43:51,560 - DEBUG - Updating music
2026-08-02 21:43:51,560 - DEBUG - Entered _check_music
2026-08-02 21:43:51,560 - DEBUG - Paused: False, Music Playing: True
2026-08-02 21:43:51,573 - DEBUG - Tick
2026-08-02 21:43:51,573 - DEBUG - Updating ship...
2026-08-02 21:43:51,576 - DEBUG - Updating music
2026-08-02 21:43:51,576 - DEBUG - Entered _check_music
2026-08-02 21:43:51,576 - DEBUG - Paused: False, Music Playing: True
2026-08-02 21:43:51,589 - DEBUG - Tick
2026-08-02 21:43:51,589 - DEBUG - Updating ship...
2026-08-02 21:43:51,592 - DEBUG - Updating music
2026-08-02 21:43:51,592 - DEBUG - Entered _check_music
2026-08-02 21:43:51,592 - DEBUG - Paused: False, Music Playing: True
2026-08-02 21:43:51,605 - DEBUG - Tick
2026-08-02 21:43:51,605 - DEBUG - Updating ship...
2026-08-02 21:43:51,608 - DEBUG - Updating music
2026-08-02 21:43:51,608 - DEBUG - Entered _check_music
2026-08-02 21:43:51,608 - DEBUG - Paused: False, Music Playing: True
2026-08-02 21:43:51,621 - DEBUG - Tick
2026-08-02 21:43:51,621 - DEBUG - Updating ship...
2026-08-02 21:43:51,624 - DEBUG - Updating music
2026-08-02 21:43:51,624 - DEBUG - Entered _check_music
2026-08-02 21:43:51,624 - DEBUG - Paused: False, Music Playing: True
2026-08-02 21:43:51,638 - DEBUG - Tick
2026-08-02 21:43:51,638 - DEBUG - Updating ship...
2026-08-02 21:43:51,641 - DEBUG - Updating music
2026-08-02 21:43:51,641 - DEBUG - Entered _check_music
2026-08-02 21:43:51,641 - DEBUG - Paused: False, Music Playing: True
2026-08-02 21:43:51,654 - DEBUG - Tick
2026-08-02 21:43:51,654 - DEBUG - Updating ship...
2026-08-02 21:43:51,657 - DEBUG - Updating music
2026-08-02 21:43:51,657 - DEBUG - Entered _check_music
2026-08-02 21:43:51,657 - DEBUG - Paused: False, Music Playing: True
2026-08-02 21:43:51,670 - DEBUG - Tick
2026-08-02 21:43:51,670 - DEBUG - Updating ship...
2026-08-02 21:43:51,672 - DEBUG - Updating music
2026-08-02 21:43:51,672 - DEBUG - Entered _check_music
2026-08-02 21:43:51,672 - DEBUG - Paused: False, Music Playing: True
2026-08-02 21:43:51,686 - DEBUG - Tick
2026-08-02 21:43:51,686 - DEBUG - Updating ship...
2026-08-02 21:43:51,688 - DEBUG - Updating music
2026-08-02 21:43:51,688 - DEBUG - Entered _check_music
2026-08-02 21:43:51,688 - DEBUG - Paused: False, Music Playing: True
2026-08-02 21:43:51,702 - DEBUG - Tick
2026-08-02 21:43:51,702 - DEBUG - Updating ship...
2026-08-02 21:43:51,704 - DEBUG - Updating music
2026-08-02 21:43:51,704 - DEBUG - Entered _check_music
2026-08-02 21:43:51,704 - DEBUG - Paused: False, Music Playing: True
2026-08-02 21:43:51,718 - DEBUG - Tick
2026-08-02 21:43:51,718 - DEBUG - Updating ship...
2026-08-02 21:43:51,720 - DEBUG - Updating music
2026-08-02 21:43:51,720 - DEBUG - Entered _check_music
2026-08-02 21:43:51,720 - DEBUG - Paused: False, Music Playing: True
2026-08-02 21:43:51,734 - DEBUG - Tick
2026-08-02 21:43:51,734 - DEBUG - Updating ship...
2026-08-02 21:43:51,736 - DEBUG - Updating music
2026-08-02 21:43:51,736 - DEBUG - Entered _check_music
2026-08-02 21:43:51,736 - DEBUG - Paused: False, Music Playing: True
2026-08-02 21:43:51,749 - DEBUG - Tick
2026-08-02 21:43:51,750 - DEBUG - Updating ship...
2026-08-02 21:43:51,752 - DEBUG - Updating music
2026-08-02 21:43:51,752 - DEBUG - Entered _check_music
2026-08-02 21:43:51,752 - DEBUG - Paused: False, Music Playing: True
2026-08-02 21:43:51,766 - DEBUG - Tick
2026-08-02 21:43:51,766 - DEBUG - Updating ship...
2026-08-02 21:43:51,768 - DEBUG - Updating music
2026-08-02 21:43:51,768 - DEBUG - Entered _check_music
2026-08-02 21:43:51,768 - DEBUG - Paused: False, Music Playing: True
2026-08-02 21:43:51,782 - DEBUG - Tick
2026-08-02 21:43:51,782 - DEBUG - Updating ship...
2026-08-02 21:43:51,784 - DEBUG - Updating music
2026-08-02 21:43:51,784 - DEBUG - Entered _check_music
2026-08-02 21:43:51,784 - DEBUG - Paused: False, Music Playing: True
2026-08-02 21:43:51,797 - DEBUG - Tick
2026-08-02 21:43:51,797 - DEBUG - Updating ship...
2026-08-02 21:43:51,800 - DEBUG - Updating music
2026-08-02 21:43:51,800 - DEBUG - Entered _check_music
2026-08-02 21:43:51,800 - DEBUG - Paused: False, Music Playing: True
2026-08-02 21:43:51,814 - DEBUG - Tick
2026-08-02 21:43:51,814 - DEBUG - Updating ship...
2026-08-02 21:43:51,816 - DEBUG - Updating music
2026-08-02 21:43:51,816 - DEBUG - Entered _check_music
2026-08-02 21:43:51,816 - DEBUG - Paused: False, Music Playing: True
2026-08-02 21:43:51,830 - DEBUG - Tick
2026-08-02 21:43:51,830 - DEBUG - Updating ship...
2026-08-02 21:43:51,831 - DEBUG - Updating music
2026-08-02 21:43:51,831 - DEBUG - Entered _check_music
2026-08-02 21:43:51,831 - DEBUG - Paused: False, Music Playing: True
2026-08-02 21:43:51,846 - DEBUG - Tick
2026-08-02 21:43:51,846 - DEBUG - Updating ship...
2026-08-02 21:43:51,848 - DEBUG - Updating music
2026-08-02 21:43:51,848 - DEBUG - Entered _check_music
2026-08-02 21:43:51,848 - DEBUG - Paused: False, Music Playing: True
2026-08-02 21:43:51,862 - DEBUG - Tick
2026-08-02 21:43:51,862 - DEBUG - Updating ship...
2026-08-02 21:43:51,864 - DEBUG - Updating music
2026-08-02 21:43:51,865 - DEBUG - Entered _check_music
2026-08-02 21:43:51,865 - DEBUG - Paused: False, Music Playing: True
2026-08-02 21:43:51,878 - DEBUG - Tick
2026-08-02 21:43:51,878 - DEBUG - Updating ship...
2026-08-02 21:43:51,880 - DEBUG - Updating music
2026-08-02 21:43:51,880 - DEBUG - Entered _check_music
2026-08-02 21:43:51,880 - DEBUG - Paused: False, Music Playing: True
2026-08-02 21:43:51,893 - DEBUG - Tick
2026-08-02 21:43:51,894 - DEBUG - Updating ship...
2026-08-02 21:43:51,896 - DEBUG - Updating music
2026-08-02 21:43:51,896 - DEBUG - Entered _check_music
2026-08-02 21:43:51,897 - DEBUG - Paused: False, Music Playing: True
2026-08-02 21:43:51,910 - DEBUG - Tick
2026-08-02 21:43:51,910 - DEBUG - Updating ship...
2026-08-02 21:43:51,912 - DEBUG - Updating music
2026-08-02 21:43:51,913 - DEBUG - Entered _check_music
2026-08-02 21:43:51,913 - DEBUG - Paused: False, Music Playing: True
2026-08-02 21:43:51,926 - DEBUG - Tick
2026-08-02 21:43:51,926 - DEBUG - Updating ship...
2026-08-02 21:43:51,928 - DEBUG - Updating music
2026-08-02 21:43:51,929 - DEBUG - Entered _check_music
2026-08-02 21:43:51,929 - DEBUG - Paused: False, Music Playing: True
2026-08-02 21:43:51,942 - DEBUG - Tick
2026-08-02 21:43:51,942 - DEBUG - Updating ship...
2026-08-02 21:43:51,944 - DEBUG - Updating music
2026-08-02 21:43:51,944 - DEBUG - Entered _check_music
2026-08-02 21:43:51,944 - DEBUG - Paused: False, Music Playing: True
2026-08-02 21:43:51,958 - DEBUG - Tick
2026-08-02 21:43:51,958 - DEBUG - Updating ship...
2026-08-02 21:43:51,960 - DEBUG - Updating music
2026-08-02 21:43:51,960 - DEBUG - Entered _check_music
2026-08-02 21:43:51,960 - DEBUG - Paused: False, Music Playing: True
2026-08-02 21:43:51,974 - DEBUG - Tick
2026-08-02 21:43:51,974 - DEBUG - Updating ship...
2026-08-02 21:43:51,976 - DEBUG - Updating music
2026-08-02 21:43:51,976 - DEBUG - Entered _check_music
2026-08-02 21:43:51,976 - DEBUG - Paused: False, Music Playing: True
2026-08-02 21:43:51,989 - DEBUG - Tick
2026-08-02 21:43:51,990 - DEBUG - Updating ship...
2026-08-02 21:43:51,992 - DEBUG - Updating music
2026-08-02 21:43:51,992 - DEBUG - Entered _check_music
2026-08-02 21:43:51,992 - DEBUG - Paused: False, Music Playing: True
2026-08-02 21:43:52,005 - DEBUG - Tick
2026-08-02 21:43:52,005 - DEBUG - Updating ship...
2026-08-02 21:43:52,008 - DEBUG - Updating music
2026-08-02 21:43:52,008 - DEBUG - Entered _check_music
2026-08-02 21:43:52,008 - DEBUG - Paused: False, Music Playing: True
2026-08-02 21:43:52,022 - DEBUG - Tick
2026-08-02 21:43:52,022 - DEBUG - Updating ship...
2026-08-02 21:43:52,024 - DEBUG - Updating music
2026-08-02 21:43:52,024 - DEBUG - Entered _check_music
2026-08-02 21:43:52,025 - DEBUG - Paused: False, Music Playing: True
2026-08-02 21:43:52,038 - DEBUG - Tick
2026-08-02 21:43:52,038 - DEBUG - Updating ship...
2026-08-02 21:43:52,041 - DEBUG - Updating music
2026-08-02 21:43:52,041 - DEBUG - Entered _check_music
2026-08-02 21:43:52,041 - DEBUG - Paused: False, Music Playing: True
2026-08-02 21:43:52,054 - DEBUG - Tick
2026-08-02 21:43:52,055 - DEBUG - Updating ship...
2026-08-02 21:43:52,057 - DEBUG - Updating music
2026-08-02 21:43:52,057 - DEBUG - Entered _check_music
2026-08-02 21:43:52,057 - DEBUG - Paused: False, Music Playing: True
2026-08-02 21:43:52,071 - DEBUG - Tick
2026-08-02 21:43:52,071 - DEBUG - Updating ship...
2026-08-02 21:43:52,074 - DEBUG - Updating music
2026-08-02 21:43:52,074 - DEBUG - Entered _check_music
2026-08-02 21:43:52,074 - DEBUG - Paused: False, Music Playing: True
2026-08-02 21:43:52,087 - DEBUG - Tick
2026-08-02 21:43:52,087 - DEBUG - Updating ship...
2026-08-02 21:43:52,090 - DEBUG - Updating music
2026-08-02 21:43:52,090 - DEBUG - Entered _check_music
2026-08-02 21:43:52,090 - DEBUG - Paused: False, Music Playing: True
2026-08-02 21:43:52,103 - DEBUG - Tick
2026-08-02 21:43:52,103 - DEBUG - Updating ship...
2026-08-02 21:43:52,106 - DEBUG - Updating music
2026-08-02 21:43:52,106 - DEBUG - Entered _check_music
2026-08-02 21:43:52,106 - DEBUG - Paused: False, Music Playing: True
2026-08-02 21:43:52,118 - DEBUG - Tick
2026-08-02 21:43:52,119 - DEBUG - Updating ship...
2026-08-02 21:43:52,121 - DEBUG - Updating music
2026-08-02 21:43:52,121 - DEBUG - Entered _check_music
2026-08-02 21:43:52,121 - DEBUG - Paused: False, Music Playing: True
2026-08-02 21:43:52,135 - DEBUG - Tick
2026-08-02 21:43:52,135 - DEBUG - Updating ship...
2026-08-02 21:43:52,137 - DEBUG - Updating music
2026-08-02 21:43:52,137 - DEBUG - Entered _check_music
2026-08-02 21:43:52,137 - DEBUG - Paused: False, Music Playing: True
2026-08-02 21:43:52,151 - DEBUG - Tick
2026-08-02 21:43:52,151 - DEBUG - Updating ship...
2026-08-02 21:43:52,153 - DEBUG - Updating music
2026-08-02 21:43:52,153 - DEBUG - Entered _check_music
2026-08-02 21:43:52,154 - DEBUG - Paused: False, Music Playing: True
2026-08-02 21:43:52,167 - DEBUG - Tick
2026-08-02 21:43:52,167 - DEBUG - Updating ship...
2026-08-02 21:43:52,169 - DEBUG - Updating music
2026-08-02 21:43:52,169 - DEBUG - Entered _check_music
2026-08-02 21:43:52,170 - DEBUG - Paused: False, Music Playing: True
2026-08-02 21:43:52,183 - DEBUG - Tick
2026-08-02 21:43:52,183 - DEBUG - Updating ship...
2026-08-02 21:43:52,185 - DEBUG - Updating music
2026-08-02 21:43:52,185 - DEBUG - Entered _check_music
2026-08-02 21:43:52,185 - DEBUG - Paused: False, Music Playing: True
2026-08-02 21:43:52,199 - DEBUG - Tick
2026-08-02 21:43:52,199 - DEBUG - Updating ship...
2026-08-02 21:43:52,201 - DEBUG - Updating music
2026-08-02 21:43:52,201 - DEBUG - Entered _check_music
2026-08-02 21:43:52,201 - DEBUG - Paused: False, Music Playing: True
2026-08-02 21:43:52,215 - DEBUG - Tick
2026-08-02 21:43:52,215 - DEBUG - Updating ship...
2026-08-02 21:43:52,217 - DEBUG - Updating music
2026-08-02 21:43:52,217 - DEBUG - Entered _check_music
2026-08-02 21:43:52,218 - DEBUG - Paused: False, Music Playing: True
2026-08-02 21:43:52,231 - DEBUG - Tick
2026-08-02 21:43:52,231 - DEBUG - Updating ship...
2026-08-02 21:43:52,247 - DEBUG - Updating music
2026-08-02 21:43:52,247 - DEBUG - Entered _check_music
2026-08-02 21:43:52,248 - DEBUG - Paused: False, Music Playing: True
2026-08-02 21:43:52,248 - DEBUG - Tick
2026-08-02 21:43:52,248 - DEBUG - Updating ship...
2026-08-02 21:43:52,249 - DEBUG - Updating music
2026-08-02 21:43:52,249 - DEBUG - Entered _check_music
2026-08-02 21:43:52,249 - DEBUG - Paused: False, Music Playing: True
2026-08-02 21:43:52,264 - DEBUG - Tick
2026-08-02 21:43:52,265 - DEBUG - Updating ship...
2026-08-02 21:43:52,267 - DEBUG - Updating music
2026-08-02 21:43:52,268 - DEBUG - Entered _check_music
2026-08-02 21:43:52,268 - DEBUG - Paused: False, Music Playing: True
2026-08-02 21:43:52,281 - DEBUG - Tick
2026-08-02 21:43:52,281 - DEBUG - Updating ship...
2026-08-02 21:43:52,284 - DEBUG - Updating music
2026-08-02 21:43:52,284 - DEBUG - Entered _check_music
2026-08-02 21:43:52,285 - DEBUG - Paused: False, Music Playing: True
2026-08-02 21:43:52,297 - DEBUG - Tick
2026-08-02 21:43:52,297 - DEBUG - Updating ship...
2026-08-02 21:43:52,301 - DEBUG - Updating music
2026-08-02 21:43:52,301 - DEBUG - Entered _check_music
2026-08-02 21:43:52,301 - DEBUG - Paused: False, Music Playing: True
2026-08-02 21:43:52,313 - DEBUG - Tick
2026-08-02 21:43:52,313 - DEBUG - Updating ship...
2026-08-02 21:43:52,316 - DEBUG - Updating music
2026-08-02 21:43:52,316 - DEBUG - Entered _check_music
2026-08-02 21:43:52,316 - DEBUG - Paused: False, Music Playing: True
2026-08-02 21:43:52,329 - DEBUG - Tick
2026-08-02 21:43:52,329 - DEBUG - Updating ship...
2026-08-02 21:43:52,332 - DEBUG - Updating music
2026-08-02 21:43:52,332 - DEBUG - Entered _check_music
2026-08-02 21:43:52,332 - DEBUG - Paused: False, Music Playing: True
2026-08-02 21:43:52,345 - DEBUG - Tick
2026-08-02 21:43:52,345 - DEBUG - Updating ship...
2026-08-02 21:43:52,349 - DEBUG - Updating music
2026-08-02 21:43:52,349 - DEBUG - Entered _check_music
2026-08-02 21:43:52,349 - DEBUG - Paused: False, Music Playing: True
2026-08-02 21:43:52,362 - DEBUG - Tick
2026-08-02 21:43:52,362 - DEBUG - Updating ship...
2026-08-02 21:43:52,365 - DEBUG - Updating music
2026-08-02 21:43:52,365 - DEBUG - Entered _check_music
2026-08-02 21:43:52,365 - DEBUG - Paused: False, Music Playing: True
2026-08-02 21:43:52,379 - DEBUG - Tick
2026-08-02 21:43:52,379 - DEBUG - Updating ship...
2026-08-02 21:43:52,382 - DEBUG - Updating music
2026-08-02 21:43:52,383 - DEBUG - Entered _check_music
2026-08-02 21:43:52,383 - DEBUG - Paused: False, Music Playing: True
2026-08-02 21:43:52,395 - DEBUG - Tick
2026-08-02 21:43:52,395 - DEBUG - Updating ship...
2026-08-02 21:43:52,398 - DEBUG - Updating music
2026-08-02 21:43:52,398 - DEBUG - Entered _check_music
2026-08-02 21:43:52,398 - DEBUG - Paused: False, Music Playing: True
2026-08-02 21:43:52,411 - DEBUG - Tick
2026-08-02 21:43:52,411 - DEBUG - Updating ship...
2026-08-02 21:43:52,414 - DEBUG - Updating music
2026-08-02 21:43:52,414 - DEBUG - Entered _check_music
2026-08-02 21:43:52,414 - DEBUG - Paused: False, Music Playing: True
2026-08-02 21:43:52,426 - DEBUG - Tick
2026-08-02 21:43:52,427 - DEBUG - Updating ship...
2026-08-02 21:43:52,430 - DEBUG - Updating music
2026-08-02 21:43:52,430 - DEBUG - Entered _check_music
2026-08-02 21:43:52,430 - DEBUG - Paused: False, Music Playing: True
2026-08-02 21:43:52,443 - DEBUG - Tick
2026-08-02 21:43:52,443 - DEBUG - Updating ship...
2026-08-02 21:43:52,446 - DEBUG - Updating music
2026-08-02 21:43:52,446 - DEBUG - Entered _check_music
2026-08-02 21:43:52,446 - DEBUG - Paused: False, Music Playing: True
2026-08-02 21:43:52,458 - DEBUG - Tick
2026-08-02 21:43:52,459 - DEBUG - Updating ship...
2026-08-02 21:43:52,462 - DEBUG - Updating music
2026-08-02 21:43:52,462 - DEBUG - Entered _check_music
2026-08-02 21:43:52,462 - DEBUG - Paused: False, Music Playing: True
2026-08-02 21:43:52,475 - DEBUG - Tick
2026-08-02 21:43:52,475 - DEBUG - Updating ship...
2026-08-02 21:43:52,478 - DEBUG - Updating music
2026-08-02 21:43:52,479 - DEBUG - Entered _check_music
2026-08-02 21:43:52,479 - DEBUG - Paused: False, Music Playing: True
2026-08-02 21:43:52,491 - DEBUG - Tick
2026-08-02 21:43:52,491 - DEBUG - Updating ship...
2026-08-02 21:43:52,494 - DEBUG - Updating music
2026-08-02 21:43:52,494 - DEBUG - Entered _check_music
2026-08-02 21:43:52,494 - DEBUG - Paused: False, Music Playing: True
2026-08-02 21:43:52,507 - DEBUG - Tick
2026-08-02 21:43:52,508 - DEBUG - Updating ship...
2026-08-02 21:43:52,510 - DEBUG - Updating music
2026-08-02 21:43:52,510 - DEBUG - Entered _check_music
2026-08-02 21:43:52,511 - DEBUG - Paused: False, Music Playing: True
2026-08-02 21:43:52,524 - DEBUG - Tick
2026-08-02 21:43:52,524 - DEBUG - Updating ship...
2026-08-02 21:43:52,527 - DEBUG - Updating music
2026-08-02 21:43:52,527 - DEBUG - Entered _check_music
2026-08-02 21:43:52,527 - DEBUG - Paused: False, Music Playing: True
2026-08-02 21:43:52,540 - DEBUG - Tick
2026-08-02 21:43:52,540 - DEBUG - Updating ship...
2026-08-02 21:43:52,543 - DEBUG - Updating music
2026-08-02 21:43:52,544 - DEBUG - Entered _check_music
2026-08-02 21:43:52,544 - DEBUG - Paused: False, Music Playing: True
2026-08-02 21:43:52,556 - DEBUG - Tick
2026-08-02 21:43:52,556 - DEBUG - Updating ship...
2026-08-02 21:43:52,559 - DEBUG - Updating music
2026-08-02 21:43:52,559 - DEBUG - Entered _check_music
2026-08-02 21:43:52,559 - DEBUG - Paused: False, Music Playing: True
2026-08-02 21:43:52,572 - DEBUG - Tick
2026-08-02 21:43:52,572 - DEBUG - Updating ship...
2026-08-02 21:43:52,575 - DEBUG - Updating music
2026-08-02 21:43:52,575 - DEBUG - Entered _check_music
2026-08-02 21:43:52,575 - DEBUG - Paused: False, Music Playing: True
2026-08-02 21:43:52,588 - DEBUG - Tick
2026-08-02 21:43:52,589 - DEBUG - Updating ship...
2026-08-02 21:43:52,592 - DEBUG - Updating music
2026-08-02 21:43:52,592 - DEBUG - Entered _check_music
2026-08-02 21:43:52,592 - DEBUG - Paused: False, Music Playing: True
2026-08-02 21:43:52,604 - DEBUG - Tick
2026-08-02 21:43:52,605 - DEBUG - Updating ship...
2026-08-02 21:43:52,608 - DEBUG - Updating music
2026-08-02 21:43:52,608 - DEBUG - Entered _check_music
2026-08-02 21:43:52,608 - DEBUG - Paused: False, Music Playing: True
2026-08-02 21:43:52,621 - DEBUG - Tick
2026-08-02 21:43:52,621 - DEBUG - Updating ship...
2026-08-02 21:43:52,625 - DEBUG - Updating music
2026-08-02 21:43:52,625 - DEBUG - Entered _check_music
2026-08-02 21:43:52,625 - DEBUG - Paused: False, Music Playing: True
2026-08-02 21:43:52,637 - DEBUG - Tick
2026-08-02 21:43:52,637 - DEBUG - Updating ship...
2026-08-02 21:43:52,640 - DEBUG - Updating music
2026-08-02 21:43:52,640 - DEBUG - Entered _check_music
2026-08-02 21:43:52,640 - DEBUG - Paused: False, Music Playing: True
2026-08-02 21:43:52,653 - DEBUG - Tick
2026-08-02 21:43:52,654 - DEBUG - Updating ship...
2026-08-02 21:43:52,657 - DEBUG - Updating music
2026-08-02 21:43:52,657 - DEBUG - Entered _check_music
2026-08-02 21:43:52,657 - DEBUG - Paused: False, Music Playing: True
2026-08-02 21:43:52,670 - DEBUG - Tick
2026-08-02 21:43:52,670 - DEBUG - Updating ship...
2026-08-02 21:43:52,674 - DEBUG - Updating music
2026-08-02 21:43:52,674 - DEBUG - Entered _check_music
2026-08-02 21:43:52,674 - DEBUG - Paused: False, Music Playing: True
2026-08-02 21:43:52,686 - DEBUG - Tick
2026-08-02 21:43:52,686 - DEBUG - Updating ship...
2026-08-02 21:43:52,689 - DEBUG - Updating music
2026-08-02 21:43:52,689 - DEBUG - Entered _check_music
2026-08-02 21:43:52,689 - DEBUG - Paused: False, Music Playing: True
2026-08-02 21:43:52,701 - DEBUG - Tick
2026-08-02 21:43:52,702 - DEBUG - Updating ship...
2026-08-02 21:43:52,704 - DEBUG - Updating music
2026-08-02 21:43:52,704 - DEBUG - Entered _check_music
2026-08-02 21:43:52,704 - DEBUG - Paused: False, Music Playing: True
2026-08-02 21:43:52,717 - DEBUG - Tick
2026-08-02 21:43:52,718 - DEBUG - Updating ship...
2026-08-02 21:43:52,720 - DEBUG - Updating music
2026-08-02 21:43:52,720 - DEBUG - Entered _check_music
2026-08-02 21:43:52,720 - DEBUG - Paused: False, Music Playing: True
2026-08-02 21:43:52,733 - DEBUG - Tick
2026-08-02 21:43:52,733 - DEBUG - Updating ship...
2026-08-02 21:43:52,736 - DEBUG - Updating music
2026-08-02 21:43:52,736 - DEBUG - Entered _check_music
2026-08-02 21:43:52,736 - DEBUG - Paused: False, Music Playing: True
2026-08-02 21:43:52,749 - DEBUG - Tick
2026-08-02 21:43:52,749 - DEBUG - Updating ship...
2026-08-02 21:43:52,752 - DEBUG - Updating music
2026-08-02 21:43:52,752 - DEBUG - Entered _check_music
2026-08-02 21:43:52,752 - DEBUG - Paused: False, Music Playing: True
2026-08-02 21:43:52,766 - DEBUG - Tick
2026-08-02 21:43:52,766 - DEBUG - Updating ship...
2026-08-02 21:43:52,769 - DEBUG - Updating music
2026-08-02 21:43:52,769 - DEBUG - Entered _check_music
2026-08-02 21:43:52,769 - DEBUG - Paused: False, Music Playing: True
2026-08-02 21:43:52,782 - DEBUG - Tick
2026-08-02 21:43:52,782 - DEBUG - Updating ship...
2026-08-02 21:43:52,785 - DEBUG - Updating music
2026-08-02 21:43:52,785 - DEBUG - Entered _check_music
2026-08-02 21:43:52,785 - DEBUG - Paused: False, Music Playing: True
2026-08-02 21:43:52,798 - DEBUG - Tick
2026-08-02 21:43:52,798 - DEBUG - Updating ship...
2026-08-02 21:43:52,801 - DEBUG - Updating music
2026-08-02 21:43:52,801 - DEBUG - Entered _check_music
2026-08-02 21:43:52,801 - DEBUG - Paused: False, Music Playing: True
2026-08-02 21:43:52,814 - DEBUG - Tick
2026-08-02 21:43:52,814 - DEBUG - Updating ship...
2026-08-02 21:43:52,817 - DEBUG - Updating music
2026-08-02 21:43:52,817 - DEBUG - Entered _check_music
2026-08-02 21:43:52,817 - DEBUG - Paused: False, Music Playing: True
2026-08-02 21:43:52,830 - DEBUG - Tick
2026-08-02 21:43:52,830 - DEBUG - Updating ship...
2026-08-02 21:43:52,833 - DEBUG - Updating music
2026-08-02 21:43:52,833 - DEBUG - Entered _check_music
2026-08-02 21:43:52,833 - DEBUG - Paused: False, Music Playing: True
2026-08-02 21:43:52,847 - DEBUG - Tick
2026-08-02 21:43:52,847 - DEBUG - Updating ship...
2026-08-02 21:43:52,850 - DEBUG - Updating music
2026-08-02 21:43:52,850 - DEBUG - Entered _check_music
2026-08-02 21:43:52,850 - DEBUG - Paused: False, Music Playing: True
2026-08-02 21:43:52,863 - DEBUG - Tick
2026-08-02 21:43:52,864 - DEBUG - Updating ship...
2026-08-02 21:43:52,866 - DEBUG - Updating music
2026-08-02 21:43:52,867 - DEBUG - Entered _check_music
2026-08-02 21:43:52,867 - DEBUG - Paused: False, Music Playing: True
2026-08-02 21:43:52,880 - DEBUG - Tick
2026-08-02 21:43:52,880 - DEBUG - Updating ship...
2026-08-02 21:43:52,883 - DEBUG - Updating music
2026-08-02 21:43:52,884 - DEBUG - Entered _check_music
2026-08-02 21:43:52,884 - DEBUG - Paused: False, Music Playing: True
2026-08-02 21:43:52,896 - DEBUG - Tick
2026-08-02 21:43:52,896 - DEBUG - Updating ship...
2026-08-02 21:43:52,899 - DEBUG - Updating music
2026-08-02 21:43:52,900 - DEBUG - Entered _check_music
2026-08-02 21:43:52,900 - DEBUG - Paused: False, Music Playing: True
2026-08-02 21:43:52,912 - DEBUG - Tick
2026-08-02 21:43:52,912 - DEBUG - Updating ship...
2026-08-02 21:43:52,915 - DEBUG - Updating music
2026-08-02 21:43:52,916 - DEBUG - Entered _check_music
2026-08-02 21:43:52,916 - DEBUG - Paused: False, Music Playing: True
2026-08-02 21:43:52,928 - DEBUG - Tick
2026-08-02 21:43:52,928 - DEBUG - Updating ship...
2026-08-02 21:43:52,931 - DEBUG - Updating music
2026-08-02 21:43:52,932 - DEBUG - Entered _check_music
2026-08-02 21:43:52,932 - DEBUG - Paused: False, Music Playing: True
2026-08-02 21:43:52,944 - DEBUG - Tick
2026-08-02 21:43:52,944 - DEBUG - Updating ship...
2026-08-02 21:43:52,948 - DEBUG - Updating music
2026-08-02 21:43:52,948 - DEBUG - Entered _check_music
2026-08-02 21:43:52,948 - DEBUG - Paused: False, Music Playing: True
2026-08-02 21:43:52,960 - DEBUG - Tick
2026-08-02 21:43:52,960 - DEBUG - Updating ship...
2026-08-02 21:43:52,964 - DEBUG - Updating music
2026-08-02 21:43:52,964 - DEBUG - Entered _check_music
2026-08-02 21:43:52,964 - DEBUG - Paused: False, Music Playing: True
2026-08-02 21:43:52,976 - DEBUG - Tick
2026-08-02 21:43:52,976 - DEBUG - Updating ship...
2026-08-02 21:43:52,980 - DEBUG - Updating music
2026-08-02 21:43:52,980 - DEBUG - Entered _check_music
2026-08-02 21:43:52,980 - DEBUG - Paused: False, Music Playing: True
2026-08-02 21:43:52,992 - DEBUG - Tick
2026-08-02 21:43:52,992 - DEBUG - Updating ship...
2026-08-02 21:43:52,995 - DEBUG - Updating music
2026-08-02 21:43:52,995 - DEBUG - Entered _check_music
2026-08-02 21:43:52,995 - DEBUG - Paused: False, Music Playing: True
2026-08-02 21:43:53,008 - DEBUG - Tick
2026-08-02 21:43:53,008 - DEBUG - Updating ship...
2026-08-02 21:43:53,011 - DEBUG - Updating music
2026-08-02 21:43:53,011 - DEBUG - Entered _check_music
2026-08-02 21:43:53,011 - DEBUG - Paused: False, Music Playing: True
2026-08-02 21:43:53,024 - DEBUG - Tick
2026-08-02 21:43:53,024 - DEBUG - Updating ship...
2026-08-02 21:43:53,027 - DEBUG - Updating music
2026-08-02 21:43:53,027 - DEBUG - Entered _check_music
2026-08-02 21:43:53,027 - DEBUG - Paused: False, Music Playing: True
2026-08-02 21:43:53,040 - DEBUG - Tick
2026-08-02 21:43:53,040 - DEBUG - Updating ship...
2026-08-02 21:43:53,043 - DEBUG - Updating music
2026-08-02 21:43:53,044 - DEBUG - Entered _check_music
2026-08-02 21:43:53,044 - DEBUG - Paused: False, Music Playing: True
2026-08-02 21:43:53,056 - DEBUG - Tick
2026-08-02 21:43:53,056 - DEBUG - Updating ship...
2026-08-02 21:43:53,059 - DEBUG - Updating music
2026-08-02 21:43:53,059 - DEBUG - Entered _check_music
2026-08-02 21:43:53,059 - DEBUG - Paused: False, Music Playing: True
2026-08-02 21:43:53,072 - DEBUG - Tick
2026-08-02 21:43:53,072 - DEBUG - Updating ship...
2026-08-02 21:43:53,075 - DEBUG - Updating music
2026-08-02 21:43:53,075 - DEBUG - Entered _check_music
2026-08-02 21:43:53,075 - DEBUG - Paused: False, Music Playing: True
2026-08-02 21:43:53,088 - DEBUG - Tick
2026-08-02 21:43:53,088 - DEBUG - Updating ship...
2026-08-02 21:43:53,092 - DEBUG - Updating music
2026-08-02 21:43:53,092 - DEBUG - Entered _check_music
2026-08-02 21:43:53,092 - DEBUG - Paused: False, Music Playing: True
2026-08-02 21:43:53,104 - DEBUG - Tick
2026-08-02 21:43:53,104 - DEBUG - Updating ship...
2026-08-02 21:43:53,107 - DEBUG - Updating music
2026-08-02 21:43:53,107 - DEBUG - Entered _check_music
2026-08-02 21:43:53,107 - DEBUG - Paused: False, Music Playing: True
2026-08-02 21:43:53,120 - DEBUG - Tick
2026-08-02 21:43:53,120 - DEBUG - Updating ship...
2026-08-02 21:43:53,123 - DEBUG - Updating music
2026-08-02 21:43:53,123 - DEBUG - Entered _check_music
2026-08-02 21:43:53,123 - DEBUG - Paused: False, Music Playing: True
2026-08-02 21:43:53,136 - DEBUG - Tick
2026-08-02 21:43:53,137 - DEBUG - Updating ship...
2026-08-02 21:43:53,139 - DEBUG - Updating music
2026-08-02 21:43:53,140 - DEBUG - Entered _check_music
2026-08-02 21:43:53,140 - DEBUG - Paused: False, Music Playing: True
2026-08-02 21:43:53,153 - DEBUG - Tick
2026-08-02 21:43:53,156 - DEBUG - Updating music
2026-08-02 21:43:53,156 - DEBUG - Entered _check_music
2026-08-02 21:43:53,156 - DEBUG - Paused: True, Music Playing: True
2026-08-02 21:43:53,156 - DEBUG - Music paused.
2026-08-02 21:43:53,169 - DEBUG - Tick
2026-08-02 21:43:53,172 - DEBUG - Updating music
2026-08-02 21:43:53,172 - DEBUG - Entered _check_music
2026-08-02 21:43:53,172 - DEBUG - Paused: True, Music Playing: False
2026-08-02 21:43:53,185 - DEBUG - Tick
2026-08-02 21:43:53,188 - DEBUG - Updating music
2026-08-02 21:43:53,188 - DEBUG - Entered _check_music
2026-08-02 21:43:53,188 - DEBUG - Paused: True, Music Playing: False
2026-08-02 21:43:53,201 - DEBUG - Tick
2026-08-02 21:43:53,204 - DEBUG - Updating music
2026-08-02 21:43:53,204 - DEBUG - Entered _check_music
2026-08-02 21:43:53,204 - DEBUG - Paused: True, Music Playing: False
2026-08-02 21:43:53,217 - DEBUG - Tick
2026-08-02 21:43:53,220 - DEBUG - Updating music
2026-08-02 21:43:53,220 - DEBUG - Entered _check_music
2026-08-02 21:43:53,220 - DEBUG - Paused: True, Music Playing: False
2026-08-02 21:43:53,233 - DEBUG - Tick
2026-08-02 21:43:53,236 - DEBUG - Updating music
2026-08-02 21:43:53,236 - DEBUG - Entered _check_music
2026-08-02 21:43:53,236 - DEBUG - Paused: True, Music Playing: False
2026-08-02 21:43:53,249 - DEBUG - Tick
2026-08-02 21:43:53,252 - DEBUG - Updating music
2026-08-02 21:43:53,252 - DEBUG - Entered _check_music
2026-08-02 21:43:53,252 - DEBUG - Paused: True, Music Playing: False
2026-08-02 21:43:53,264 - DEBUG - Tick
2026-08-02 21:43:53,267 - DEBUG - Updating music
2026-08-02 21:43:53,267 - DEBUG - Entered _check_music
2026-08-02 21:43:53,267 - DEBUG - Paused: True, Music Playing: False
2026-08-02 21:43:53,280 - DEBUG - Tick
2026-08-02 21:43:53,283 - DEBUG - Updating music
2026-08-02 21:43:53,283 - DEBUG - Entered _check_music
2026-08-02 21:43:53,283 - DEBUG - Paused: True, Music Playing: False
2026-08-02 21:43:53,296 - DEBUG - Tick
2026-08-02 21:43:53,300 - DEBUG - Updating music
2026-08-02 21:43:53,300 - DEBUG - Entered _check_music
2026-08-02 21:43:53,300 - DEBUG - Paused: True, Music Playing: False
2026-08-02 21:43:53,313 - DEBUG - Tick
2026-08-02 21:43:53,316 - DEBUG - Updating music
2026-08-02 21:43:53,317 - DEBUG - Entered _check_music
2026-08-02 21:43:53,317 - DEBUG - Paused: True, Music Playing: False
2026-08-02 21:43:53,329 - DEBUG - Tick
2026-08-02 21:43:53,332 - DEBUG - Updating music
2026-08-02 21:43:53,332 - DEBUG - Entered _check_music
2026-08-02 21:43:53,332 - DEBUG - Paused: True, Music Playing: False
2026-08-02 21:43:53,345 - DEBUG - Tick
2026-08-02 21:43:53,348 - DEBUG - Updating music
2026-08-02 21:43:53,348 - DEBUG - Entered _check_music
2026-08-02 21:43:53,348 - DEBUG - Paused: True, Music Playing: False
2026-08-02 21:43:53,361 - DEBUG - Tick
2026-08-02 21:43:53,364 - DEBUG - Updating music
2026-08-02 21:43:53,364 - DEBUG - Entered _check_music
2026-08-02 21:43:53,364 - DEBUG - Paused: True, Music Playing: False
2026-08-02 21:43:53,377 - DEBUG - Tick
2026-08-02 21:43:53,381 - DEBUG - Updating music
2026-08-02 21:43:53,381 - DEBUG - Entered _check_music
2026-08-02 21:43:53,381 - DEBUG - Paused: True, Music Playing: False
2026-08-02 21:43:53,393 - DEBUG - Tick
2026-08-02 21:43:53,397 - DEBUG - Updating music
2026-08-02 21:43:53,397 - DEBUG - Entered _check_music
2026-08-02 21:43:53,397 - DEBUG - Paused: True, Music Playing: False
2026-08-02 21:43:53,410 - DEBUG - Tick
2026-08-02 21:43:53,414 - DEBUG - Updating music
2026-08-02 21:43:53,414 - DEBUG - Entered _check_music
2026-08-02 21:43:53,414 - DEBUG - Paused: True, Music Playing: False
2026-08-02 21:43:53,427 - DEBUG - Tick
2026-08-02 21:43:53,430 - DEBUG - Updating music
2026-08-02 21:43:53,431 - DEBUG - Entered _check_music
2026-08-02 21:43:53,431 - DEBUG - Paused: True, Music Playing: False
2026-08-02 21:43:53,443 - DEBUG - Tick
2026-08-02 21:43:53,446 - DEBUG - Updating music
2026-08-02 21:43:53,446 - DEBUG - Entered _check_music
2026-08-02 21:43:53,446 - DEBUG - Paused: True, Music Playing: False
2026-08-02 21:43:53,459 - DEBUG - Tick
2026-08-02 21:43:53,461 - DEBUG - Updating music
2026-08-02 21:43:53,462 - DEBUG - Entered _check_music
2026-08-02 21:43:53,462 - DEBUG - Paused: True, Music Playing: False
2026-08-02 21:43:53,475 - DEBUG - Tick
2026-08-02 21:43:53,478 - DEBUG - Updating music
2026-08-02 21:43:53,478 - DEBUG - Entered _check_music
2026-08-02 21:43:53,478 - DEBUG - Paused: True, Music Playing: False
2026-08-02 21:43:53,490 - DEBUG - Tick
2026-08-02 21:43:53,493 - DEBUG - Updating music
2026-08-02 21:43:53,494 - DEBUG - Entered _check_music
2026-08-02 21:43:53,494 - DEBUG - Paused: True, Music Playing: False
2026-08-02 21:43:53,507 - DEBUG - Tick
2026-08-02 21:43:53,510 - DEBUG - Updating music
2026-08-02 21:43:53,510 - DEBUG - Entered _check_music
2026-08-02 21:43:53,510 - DEBUG - Paused: True, Music Playing: False
2026-08-02 21:43:53,522 - DEBUG - Tick
2026-08-02 21:43:53,526 - DEBUG - Updating music
2026-08-02 21:43:53,526 - DEBUG - Entered _check_music
2026-08-02 21:43:53,526 - DEBUG - Paused: True, Music Playing: False
2026-08-02 21:43:53,539 - DEBUG - Tick
2026-08-02 21:43:53,543 - DEBUG - Updating music
2026-08-02 21:43:53,543 - DEBUG - Entered _check_music
2026-08-02 21:43:53,543 - DEBUG - Paused: True, Music Playing: False
2026-08-02 21:43:53,556 - DEBUG - Tick
2026-08-02 21:43:53,559 - DEBUG - Updating music
2026-08-02 21:43:53,559 - DEBUG - Entered _check_music
2026-08-02 21:43:53,559 - DEBUG - Paused: True, Music Playing: False
2026-08-02 21:43:53,572 - DEBUG - Tick
2026-08-02 21:43:53,575 - DEBUG - Updating music
2026-08-02 21:43:53,575 - DEBUG - Entered _check_music
2026-08-02 21:43:53,575 - DEBUG - Paused: True, Music Playing: False
2026-08-02 21:43:53,587 - DEBUG - Tick
2026-08-02 21:43:53,591 - DEBUG - Updating music
2026-08-02 21:43:53,591 - DEBUG - Entered _check_music
2026-08-02 21:43:53,591 - DEBUG - Paused: True, Music Playing: False
2026-08-02 21:43:53,604 - DEBUG - Tick
2026-08-02 21:43:53,608 - DEBUG - Updating music
2026-08-02 21:43:53,608 - DEBUG - Entered _check_music
2026-08-02 21:43:53,608 - DEBUG - Paused: True, Music Playing: False
2026-08-02 21:43:53,621 - DEBUG - Tick
2026-08-02 21:43:53,624 - DEBUG - Updating music
2026-08-02 21:43:53,625 - DEBUG - Entered _check_music
2026-08-02 21:43:53,625 - DEBUG - Paused: True, Music Playing: False
2026-08-02 21:43:53,637 - DEBUG - Tick
2026-08-02 21:43:53,640 - DEBUG - Updating music
2026-08-02 21:43:53,640 - DEBUG - Entered _check_music
2026-08-02 21:43:53,640 - DEBUG - Paused: True, Music Playing: False
2026-08-02 21:43:53,653 - DEBUG - Tick
2026-08-02 21:43:53,655 - DEBUG - Updating music
2026-08-02 21:43:53,655 - DEBUG - Entered _check_music
2026-08-02 21:43:53,655 - DEBUG - Paused: True, Music Playing: False
2026-08-02 21:43:53,668 - DEBUG - Tick
2026-08-02 21:43:53,671 - DEBUG - Updating music
2026-08-02 21:43:53,671 - DEBUG - Entered _check_music
2026-08-02 21:43:53,671 - DEBUG - Paused: True, Music Playing: False
2026-08-02 21:43:53,685 - DEBUG - Tick
2026-08-02 21:43:53,688 - DEBUG - Updating music
2026-08-02 21:43:53,689 - DEBUG - Entered _check_music
2026-08-02 21:43:53,689 - DEBUG - Paused: True, Music Playing: False
2026-08-02 21:43:53,701 - DEBUG - Tick
2026-08-02 21:43:53,704 - DEBUG - Updating music
2026-08-02 21:43:53,704 - DEBUG - Entered _check_music
2026-08-02 21:43:53,704 - DEBUG - Paused: True, Music Playing: False
2026-08-02 21:43:53,717 - DEBUG - Tick
2026-08-02 21:43:53,720 - DEBUG - Updating music
2026-08-02 21:43:53,720 - DEBUG - Entered _check_music
2026-08-02 21:43:53,720 - DEBUG - Paused: True, Music Playing: False
2026-08-02 21:43:53,733 - DEBUG - Tick
2026-08-02 21:43:53,736 - DEBUG - Updating music
2026-08-02 21:43:53,736 - DEBUG - Entered _check_music
2026-08-02 21:43:53,736 - DEBUG - Paused: True, Music Playing: False
2026-08-02 21:43:53,750 - DEBUG - Tick
2026-08-02 21:43:53,753 - DEBUG - Updating music
2026-08-02 21:43:53,753 - DEBUG - Entered _check_music
2026-08-02 21:43:53,753 - DEBUG - Paused: True, Music Playing: False
2026-08-02 21:43:53,766 - DEBUG - Tick
2026-08-02 21:43:53,769 - DEBUG - Updating music
2026-08-02 21:43:53,770 - DEBUG - Entered _check_music
2026-08-02 21:43:53,770 - DEBUG - Paused: True, Music Playing: False
2026-08-02 21:43:53,783 - DEBUG - Tick
2026-08-02 21:43:53,786 - DEBUG - Updating music
2026-08-02 21:43:53,786 - DEBUG - Entered _check_music
2026-08-02 21:43:53,786 - DEBUG - Paused: True, Music Playing: False
2026-08-02 21:43:53,799 - DEBUG - Tick
2026-08-02 21:43:53,802 - DEBUG - Updating music
2026-08-02 21:43:53,802 - DEBUG - Entered _check_music
2026-08-02 21:43:53,802 - DEBUG - Paused: True, Music Playing: False
2026-08-02 21:43:53,816 - DEBUG - Tick
2026-08-02 21:43:53,818 - DEBUG - Updating music
2026-08-02 21:43:53,819 - DEBUG - Entered _check_music
2026-08-02 21:43:53,819 - DEBUG - Paused: True, Music Playing: False
2026-08-02 21:43:53,832 - DEBUG - Tick
2026-08-02 21:43:53,835 - DEBUG - Updating music
2026-08-02 21:43:53,835 - DEBUG - Entered _check_music
2026-08-02 21:43:53,835 - DEBUG - Paused: True, Music Playing: False
2026-08-02 21:43:53,848 - DEBUG - Tick
2026-08-02 21:43:53,850 - DEBUG - Updating music
2026-08-02 21:43:53,851 - DEBUG - Entered _check_music
2026-08-02 21:43:53,851 - DEBUG - Paused: True, Music Playing: False
2026-08-02 21:43:53,864 - DEBUG - Tick
2026-08-02 21:43:53,866 - DEBUG - Updating music
2026-08-02 21:43:53,867 - DEBUG - Entered _check_music
2026-08-02 21:43:53,867 - DEBUG - Paused: True, Music Playing: False
2026-08-02 21:43:53,880 - DEBUG - Tick
2026-08-02 21:43:53,883 - DEBUG - Updating music
2026-08-02 21:43:53,883 - DEBUG - Entered _check_music
2026-08-02 21:43:53,883 - DEBUG - Paused: True, Music Playing: False
2026-08-02 21:43:53,896 - DEBUG - Tick
2026-08-02 21:43:53,899 - DEBUG - Updating music
2026-08-02 21:43:53,900 - DEBUG - Entered _check_music
2026-08-02 21:43:53,900 - DEBUG - Paused: True, Music Playing: False
2026-08-02 21:43:53,913 - DEBUG - Tick
2026-08-02 21:43:53,916 - DEBUG - Updating music
2026-08-02 21:43:53,916 - DEBUG - Entered _check_music
2026-08-02 21:43:53,916 - DEBUG - Paused: True, Music Playing: False
2026-08-02 21:43:53,929 - DEBUG - Tick
2026-08-02 21:43:53,932 - DEBUG - Updating music
2026-08-02 21:43:53,932 - DEBUG - Entered _check_music
2026-08-02 21:43:53,932 - DEBUG - Paused: True, Music Playing: False
2026-08-02 21:43:53,945 - DEBUG - Tick
2026-08-02 21:43:53,948 - DEBUG - Updating music
2026-08-02 21:43:53,948 - DEBUG - Entered _check_music
2026-08-02 21:43:53,949 - DEBUG - Paused: True, Music Playing: False
2026-08-02 21:43:53,962 - DEBUG - Tick
2026-08-02 21:43:53,965 - DEBUG - Updating music
2026-08-02 21:43:53,965 - DEBUG - Entered _check_music
2026-08-02 21:43:53,965 - DEBUG - Paused: True, Music Playing: False
2026-08-02 21:43:53,977 - DEBUG - Tick
2026-08-02 21:43:53,981 - DEBUG - Updating music
2026-08-02 21:43:53,981 - DEBUG - Entered _check_music
2026-08-02 21:43:53,981 - DEBUG - Paused: True, Music Playing: False
2026-08-02 21:43:53,994 - DEBUG - Tick
2026-08-02 21:43:53,998 - DEBUG - Updating music
2026-08-02 21:43:53,998 - DEBUG - Entered _check_music
2026-08-02 21:43:53,998 - DEBUG - Paused: True, Music Playing: False
2026-08-02 21:43:54,011 - DEBUG - Tick
2026-08-02 21:43:54,014 - DEBUG - Updating music
2026-08-02 21:43:54,014 - DEBUG - Entered _check_music
2026-08-02 21:43:54,014 - DEBUG - Paused: True, Music Playing: False
2026-08-02 21:43:54,027 - DEBUG - Tick
2026-08-02 21:43:54,031 - DEBUG - Updating music
2026-08-02 21:43:54,031 - DEBUG - Entered _check_music
2026-08-02 21:43:54,031 - DEBUG - Paused: True, Music Playing: False
2026-08-02 21:43:54,044 - DEBUG - Tick
2026-08-02 21:43:54,048 - DEBUG - Updating music
2026-08-02 21:43:54,048 - DEBUG - Entered _check_music
2026-08-02 21:43:54,048 - DEBUG - Paused: True, Music Playing: False
2026-08-02 21:43:54,061 - DEBUG - Tick
2026-08-02 21:43:54,065 - DEBUG - Updating music
2026-08-02 21:43:54,065 - DEBUG - Entered _check_music
2026-08-02 21:43:54,065 - DEBUG - Paused: True, Music Playing: False
2026-08-02 21:43:54,077 - DEBUG - Tick
2026-08-02 21:43:54,081 - DEBUG - Updating music
2026-08-02 21:43:54,081 - DEBUG - Entered _check_music
2026-08-02 21:43:54,081 - DEBUG - Paused: True, Music Playing: False
2026-08-02 21:43:54,093 - DEBUG - Tick
2026-08-02 21:43:54,097 - DEBUG - Updating music
2026-08-02 21:43:54,097 - DEBUG - Entered _check_music
2026-08-02 21:43:54,097 - DEBUG - Paused: True, Music Playing: False
2026-08-02 21:43:54,109 - DEBUG - Tick
2026-08-02 21:43:54,113 - DEBUG - Updating music
2026-08-02 21:43:54,113 - DEBUG - Entered _check_music
2026-08-02 21:43:54,113 - DEBUG - Paused: True, Music Playing: False
2026-08-02 21:43:54,125 - DEBUG - Tick
2026-08-02 21:43:54,128 - DEBUG - Updating music
2026-08-02 21:43:54,128 - DEBUG - Entered _check_music
2026-08-02 21:43:54,128 - DEBUG - Paused: True, Music Playing: False
2026-08-02 21:43:54,141 - DEBUG - Tick
2026-08-02 21:43:54,145 - DEBUG - Updating music
2026-08-02 21:43:54,145 - DEBUG - Entered _check_music
2026-08-02 21:43:54,145 - DEBUG - Paused: True, Music Playing: False
2026-08-02 21:43:54,157 - DEBUG - Tick
2026-08-02 21:43:54,161 - DEBUG - Updating music
2026-08-02 21:43:54,161 - DEBUG - Entered _check_music
2026-08-02 21:43:54,161 - DEBUG - Paused: True, Music Playing: False
2026-08-02 21:43:54,173 - DEBUG - Tick
2026-08-02 21:43:54,176 - DEBUG - Updating music
2026-08-02 21:43:54,176 - DEBUG - Entered _check_music
2026-08-02 21:43:54,176 - DEBUG - Paused: True, Music Playing: False
2026-08-02 21:43:54,189 - DEBUG - Tick
2026-08-02 21:43:54,192 - DEBUG - Updating music
2026-08-02 21:43:54,192 - DEBUG - Entered _check_music
2026-08-02 21:43:54,192 - DEBUG - Paused: True, Music Playing: False
2026-08-02 21:43:54,205 - DEBUG - Tick
2026-08-02 21:43:54,208 - DEBUG - Updating music
2026-08-02 21:43:54,208 - DEBUG - Entered _check_music
2026-08-02 21:43:54,208 - DEBUG - Paused: True, Music Playing: False
2026-08-02 21:43:54,221 - DEBUG - Tick
2026-08-02 21:43:54,224 - DEBUG - Updating music
2026-08-02 21:43:54,225 - DEBUG - Entered _check_music
2026-08-02 21:43:54,225 - DEBUG - Paused: True, Music Playing: False
2026-08-02 21:43:54,237 - DEBUG - Tick
2026-08-02 21:43:54,240 - DEBUG - Updating music
2026-08-02 21:43:54,240 - DEBUG - Entered _check_music
2026-08-02 21:43:54,240 - DEBUG - Paused: True, Music Playing: False
2026-08-02 21:43:54,253 - DEBUG - Tick
2026-08-02 21:43:54,256 - DEBUG - Updating music
2026-08-02 21:43:54,256 - DEBUG - Entered _check_music
2026-08-02 21:43:54,256 - DEBUG - Paused: True, Music Playing: False
2026-08-02 21:43:54,269 - DEBUG - Tick
2026-08-02 21:43:54,272 - DEBUG - Updating music
2026-08-02 21:43:54,272 - DEBUG - Entered _check_music
2026-08-02 21:43:54,272 - DEBUG - Paused: True, Music Playing: False
2026-08-02 21:43:54,284 - DEBUG - Tick
2026-08-02 21:43:54,287 - DEBUG - Updating music
2026-08-02 21:43:54,287 - DEBUG - Entered _check_music
2026-08-02 21:43:54,287 - DEBUG - Paused: True, Music Playing: False
2026-08-02 21:43:54,301 - DEBUG - Tick
2026-08-02 21:43:54,304 - DEBUG - Updating music
2026-08-02 21:43:54,304 - DEBUG - Entered _check_music
2026-08-02 21:43:54,304 - DEBUG - Paused: True, Music Playing: False
2026-08-02 21:43:54,317 - DEBUG - Tick
2026-08-02 21:43:54,320 - DEBUG - Updating music
2026-08-02 21:43:54,320 - DEBUG - Entered _check_music
2026-08-02 21:43:54,320 - DEBUG - Paused: True, Music Playing: False
2026-08-02 21:43:54,332 - DEBUG - Tick
2026-08-02 21:43:54,335 - DEBUG - Updating music
2026-08-02 21:43:54,335 - DEBUG - Entered _check_music
2026-08-02 21:43:54,335 - DEBUG - Paused: True, Music Playing: False
2026-08-02 21:43:54,349 - DEBUG - Tick
2026-08-02 21:43:54,352 - DEBUG - Updating music
2026-08-02 21:43:54,352 - DEBUG - Entered _check_music
2026-08-02 21:43:54,352 - DEBUG - Paused: True, Music Playing: False
2026-08-02 21:43:54,365 - DEBUG - Tick
2026-08-02 21:43:54,368 - DEBUG - Updating music
2026-08-02 21:43:54,368 - DEBUG - Entered _check_music
2026-08-02 21:43:54,368 - DEBUG - Paused: True, Music Playing: False
2026-08-02 21:43:54,381 - DEBUG - Tick
2026-08-02 21:43:54,384 - DEBUG - Updating music
2026-08-02 21:43:54,384 - DEBUG - Entered _check_music
2026-08-02 21:43:54,384 - DEBUG - Paused: True, Music Playing: False
2026-08-02 21:43:54,397 - DEBUG - Tick
2026-08-02 21:43:54,400 - DEBUG - Updating music
2026-08-02 21:43:54,401 - DEBUG - Entered _check_music
2026-08-02 21:43:54,401 - DEBUG - Paused: True, Music Playing: False
2026-08-02 21:43:54,414 - DEBUG - Tick
2026-08-02 21:43:54,416 - DEBUG - Updating music
2026-08-02 21:43:54,417 - DEBUG - Entered _check_music
2026-08-02 21:43:54,417 - DEBUG - Paused: True, Music Playing: False
2026-08-02 21:43:54,430 - DEBUG - Tick
2026-08-02 21:43:54,433 - DEBUG - Updating music
2026-08-02 21:43:54,433 - DEBUG - Entered _check_music
2026-08-02 21:43:54,433 - DEBUG - Paused: True, Music Playing: False
2026-08-02 21:43:54,446 - DEBUG - Tick
2026-08-02 21:43:54,449 - DEBUG - Updating music
2026-08-02 21:43:54,449 - DEBUG - Entered _check_music
2026-08-02 21:43:54,449 - DEBUG - Paused: True, Music Playing: False
2026-08-02 21:43:54,461 - DEBUG - Tick
2026-08-02 21:43:54,465 - DEBUG - Updating music
2026-08-02 21:43:54,465 - DEBUG - Entered _check_music
2026-08-02 21:43:54,465 - DEBUG - Paused: True, Music Playing: False
2026-08-02 21:43:54,478 - DEBUG - Tick
2026-08-02 21:43:54,481 - DEBUG - Updating music
2026-08-02 21:43:54,481 - DEBUG - Entered _check_music
2026-08-02 21:43:54,481 - DEBUG - Paused: True, Music Playing: False
2026-08-02 21:43:54,494 - DEBUG - Tick
2026-08-02 21:43:54,496 - DEBUG - Updating music
2026-08-02 21:43:54,497 - DEBUG - Entered _check_music
2026-08-02 21:43:54,497 - DEBUG - Paused: True, Music Playing: False
2026-08-02 21:43:54,510 - DEBUG - Tick
2026-08-02 21:43:54,513 - DEBUG - Updating music
2026-08-02 21:43:54,513 - DEBUG - Entered _check_music
2026-08-02 21:43:54,513 - DEBUG - Paused: True, Music Playing: False
2026-08-02 21:43:54,525 - DEBUG - Tick
2026-08-02 21:43:54,528 - DEBUG - Updating music
2026-08-02 21:43:54,528 - DEBUG - Entered _check_music
2026-08-02 21:43:54,528 - DEBUG - Paused: True, Music Playing: False
2026-08-02 21:43:54,542 - DEBUG - Tick
2026-08-02 21:43:54,545 - DEBUG - Updating music
2026-08-02 21:43:54,545 - DEBUG - Entered _check_music
2026-08-02 21:43:54,545 - DEBUG - Paused: True, Music Playing: False
2026-08-02 21:43:54,558 - DEBUG - Tick
2026-08-02 21:43:54,561 - DEBUG - Updating music
2026-08-02 21:43:54,561 - DEBUG - Entered _check_music
2026-08-02 21:43:54,561 - DEBUG - Paused: True, Music Playing: False
2026-08-02 21:43:54,573 - DEBUG - Tick
2026-08-02 21:43:54,577 - DEBUG - Updating music
2026-08-02 21:43:54,577 - DEBUG - Entered _check_music
2026-08-02 21:43:54,577 - DEBUG - Paused: True, Music Playing: False
2026-08-02 21:43:54,590 - DEBUG - Tick
2026-08-02 21:43:54,593 - DEBUG - Updating music
2026-08-02 21:43:54,593 - DEBUG - Entered _check_music
2026-08-02 21:43:54,593 - DEBUG - Paused: True, Music Playing: False
2026-08-02 21:43:54,606 - DEBUG - Tick
2026-08-02 21:43:54,609 - DEBUG - Updating music
2026-08-02 21:43:54,609 - DEBUG - Entered _check_music
2026-08-02 21:43:54,609 - DEBUG - Paused: True, Music Playing: False
2026-08-02 21:43:54,622 - DEBUG - Tick
2026-08-02 21:43:54,625 - DEBUG - Updating music
2026-08-02 21:43:54,625 - DEBUG - Entered _check_music
2026-08-02 21:43:54,625 - DEBUG - Paused: True, Music Playing: False
2026-08-02 21:43:54,637 - DEBUG - Tick
2026-08-02 21:43:54,640 - DEBUG - Updating music
2026-08-02 21:43:54,641 - DEBUG - Entered _check_music
2026-08-02 21:43:54,641 - DEBUG - Paused: True, Music Playing: False
2026-08-02 21:43:54,654 - DEBUG - Tick
2026-08-02 21:43:54,657 - DEBUG - Updating music
2026-08-02 21:43:54,657 - DEBUG - Entered _check_music
2026-08-02 21:43:54,657 - DEBUG - Paused: True, Music Playing: False
2026-08-02 21:43:54,670 - DEBUG - Tick
2026-08-02 21:43:54,673 - DEBUG - Updating music
2026-08-02 21:43:54,673 - DEBUG - Entered _check_music
2026-08-02 21:43:54,674 - DEBUG - Paused: True, Music Playing: False
2026-08-02 21:43:54,686 - DEBUG - Tick
2026-08-02 21:43:54,689 - DEBUG - Updating music
2026-08-02 21:43:54,689 - DEBUG - Entered _check_music
2026-08-02 21:43:54,689 - DEBUG - Paused: True, Music Playing: False
2026-08-02 21:43:54,702 - DEBUG - Tick
2026-08-02 21:43:54,705 - DEBUG - Updating music
2026-08-02 21:43:54,705 - DEBUG - Entered _check_music
2026-08-02 21:43:54,705 - DEBUG - Paused: True, Music Playing: False
2026-08-02 21:43:54,718 - DEBUG - Tick
2026-08-02 21:43:54,720 - DEBUG - Updating music
2026-08-02 21:43:54,721 - DEBUG - Entered _check_music
2026-08-02 21:43:54,721 - DEBUG - Paused: True, Music Playing: False
2026-08-02 21:43:54,734 - DEBUG - Tick
2026-08-02 21:43:54,737 - DEBUG - Updating music
2026-08-02 21:43:54,737 - DEBUG - Entered _check_music
2026-08-02 21:43:54,737 - DEBUG - Paused: True, Music Playing: False
2026-08-02 21:43:54,750 - DEBUG - Tick
2026-08-02 21:43:54,752 - DEBUG - Updating music
2026-08-02 21:43:54,753 - DEBUG - Entered _check_music
2026-08-02 21:43:54,753 - DEBUG - Paused: True, Music Playing: False
2026-08-02 21:43:54,766 - DEBUG - Tick
2026-08-02 21:43:54,768 - DEBUG - Updating music
2026-08-02 21:43:54,768 - DEBUG - Entered _check_music
2026-08-02 21:43:54,768 - DEBUG - Paused: True, Music Playing: False
2026-08-02 21:43:54,782 - DEBUG - Tick
2026-08-02 21:43:54,784 - DEBUG - Updating music
2026-08-02 21:43:54,784 - DEBUG - Entered _check_music
2026-08-02 21:43:54,784 - DEBUG - Paused: True, Music Playing: False
2026-08-02 21:43:54,798 - DEBUG - Tick
2026-08-02 21:43:54,800 - DEBUG - Updating music
2026-08-02 21:43:54,800 - DEBUG - Entered _check_music
2026-08-02 21:43:54,800 - DEBUG - Paused: True, Music Playing: False
2026-08-02 21:43:54,813 - DEBUG - Tick
2026-08-02 21:43:54,816 - DEBUG - Updating music
2026-08-02 21:43:54,816 - DEBUG - Entered _check_music
2026-08-02 21:43:54,816 - DEBUG - Paused: True, Music Playing: False
2026-08-02 21:43:54,830 - DEBUG - Tick
2026-08-02 21:43:54,833 - DEBUG - Updating music
2026-08-02 21:43:54,833 - DEBUG - Entered _check_music
2026-08-02 21:43:54,833 - DEBUG - Paused: True, Music Playing: False
2026-08-02 21:43:54,847 - DEBUG - Tick
2026-08-02 21:43:54,849 - DEBUG - Updating music
2026-08-02 21:43:54,850 - DEBUG - Entered _check_music
2026-08-02 21:43:54,850 - DEBUG - Paused: True, Music Playing: False
2026-08-02 21:43:54,863 - DEBUG - Tick
2026-08-02 21:43:54,866 - DEBUG - Updating music
2026-08-02 21:43:54,866 - DEBUG - Entered _check_music
2026-08-02 21:43:54,866 - DEBUG - Paused: True, Music Playing: False
2026-08-02 21:43:54,879 - DEBUG - Tick
2026-08-02 21:43:54,882 - DEBUG - Updating music
2026-08-02 21:43:54,882 - DEBUG - Entered _check_music
2026-08-02 21:43:54,882 - DEBUG - Paused: True, Music Playing: False
2026-08-02 21:43:54,895 - DEBUG - Tick
2026-08-02 21:43:54,898 - DEBUG - Updating music
2026-08-02 21:43:54,898 - DEBUG - Entered _check_music
2026-08-02 21:43:54,898 - DEBUG - Paused: True, Music Playing: False
2026-08-02 21:43:54,911 - DEBUG - Tick
2026-08-02 21:43:54,914 - DEBUG - Updating music
2026-08-02 21:43:54,914 - DEBUG - Entered _check_music
2026-08-02 21:43:54,914 - DEBUG - Paused: True, Music Playing: False
2026-08-02 21:43:54,928 - DEBUG - Tick
2026-08-02 21:43:54,931 - DEBUG - Updating music
2026-08-02 21:43:54,931 - DEBUG - Entered _check_music
2026-08-02 21:43:54,931 - DEBUG - Paused: True, Music Playing: False
2026-08-02 21:43:54,944 - DEBUG - Tick
2026-08-02 21:43:54,947 - DEBUG - Updating music
2026-08-02 21:43:54,947 - DEBUG - Entered _check_music
2026-08-02 21:43:54,947 - DEBUG - Paused: True, Music Playing: False
2026-08-02 21:43:54,960 - DEBUG - Tick
2026-08-02 21:43:54,963 - DEBUG - Updating music
2026-08-02 21:43:54,963 - DEBUG - Entered _check_music
2026-08-02 21:43:54,963 - DEBUG - Paused: True, Music Playing: False
2026-08-02 21:43:54,976 - DEBUG - Tick
2026-08-02 21:43:54,979 - DEBUG - Updating music
2026-08-02 21:43:54,980 - DEBUG - Entered _check_music
2026-08-02 21:43:54,980 - DEBUG - Paused: True, Music Playing: False
2026-08-02 21:43:54,992 - DEBUG - Tick
2026-08-02 21:43:54,995 - DEBUG - Updating music
2026-08-02 21:43:54,995 - DEBUG - Entered _check_music
2026-08-02 21:43:54,995 - DEBUG - Paused: True, Music Playing: False
2026-08-02 21:43:55,008 - DEBUG - Tick
2026-08-02 21:43:55,011 - DEBUG - Updating music
2026-08-02 21:43:55,011 - DEBUG - Entered _check_music
2026-08-02 21:43:55,011 - DEBUG - Paused: True, Music Playing: False
2026-08-02 21:43:55,025 - DEBUG - Tick
2026-08-02 21:43:55,028 - DEBUG - Updating music
2026-08-02 21:43:55,028 - DEBUG - Entered _check_music
2026-08-02 21:43:55,028 - DEBUG - Paused: True, Music Playing: False
2026-08-02 21:43:55,041 - DEBUG - Tick
2026-08-02 21:43:55,044 - DEBUG - Updating music
2026-08-02 21:43:55,045 - DEBUG - Entered _check_music
2026-08-02 21:43:55,045 - DEBUG - Paused: True, Music Playing: False
2026-08-02 21:43:55,057 - DEBUG - Tick
2026-08-02 21:43:55,060 - DEBUG - Updating music
2026-08-02 21:43:55,060 - DEBUG - Entered _check_music
2026-08-02 21:43:55,060 - DEBUG - Paused: True, Music Playing: False
2026-08-02 21:43:55,073 - DEBUG - Tick
2026-08-02 21:43:55,076 - DEBUG - Updating music
2026-08-02 21:43:55,076 - DEBUG - Entered _check_music
2026-08-02 21:43:55,076 - DEBUG - Paused: True, Music Playing: False
2026-08-02 21:43:55,089 - DEBUG - Tick
2026-08-02 21:43:55,092 - DEBUG - Updating music
2026-08-02 21:43:55,092 - DEBUG - Entered _check_music
2026-08-02 21:43:55,092 - DEBUG - Paused: True, Music Playing: False
2026-08-02 21:43:55,105 - DEBUG - Tick
2026-08-02 21:43:55,108 - DEBUG - Updating music
2026-08-02 21:43:55,108 - DEBUG - Entered _check_music
2026-08-02 21:43:55,108 - DEBUG - Paused: True, Music Playing: False
2026-08-02 21:43:55,121 - DEBUG - Tick
2026-08-02 21:43:55,125 - DEBUG - Updating music
2026-08-02 21:43:55,125 - DEBUG - Entered _check_music
2026-08-02 21:43:55,125 - DEBUG - Paused: True, Music Playing: False
2026-08-02 21:43:55,138 - DEBUG - Tick
2026-08-02 21:43:55,141 - DEBUG - Updating music
2026-08-02 21:43:55,142 - DEBUG - Entered _check_music
2026-08-02 21:43:55,142 - DEBUG - Paused: True, Music Playing: False
2026-08-02 21:43:55,154 - DEBUG - Tick
2026-08-02 21:43:55,157 - DEBUG - Updating music
2026-08-02 21:43:55,158 - DEBUG - Entered _check_music
2026-08-02 21:43:55,158 - DEBUG - Paused: True, Music Playing: False
2026-08-02 21:43:55,170 - DEBUG - Tick
2026-08-02 21:43:55,173 - DEBUG - Updating music
2026-08-02 21:43:55,173 - DEBUG - Entered _check_music
2026-08-02 21:43:55,173 - DEBUG - Paused: True, Music Playing: False
2026-08-02 21:43:55,186 - DEBUG - Tick
2026-08-02 21:43:55,189 - DEBUG - Updating music
2026-08-02 21:43:55,189 - DEBUG - Entered _check_music
2026-08-02 21:43:55,189 - DEBUG - Paused: True, Music Playing: False
2026-08-02 21:43:55,202 - DEBUG - Tick
2026-08-02 21:43:55,205 - DEBUG - Updating music
2026-08-02 21:43:55,205 - DEBUG - Entered _check_music
2026-08-02 21:43:55,205 - DEBUG - Paused: True, Music Playing: False
2026-08-02 21:43:55,217 - DEBUG - Tick
2026-08-02 21:43:55,221 - DEBUG - Updating music
2026-08-02 21:43:55,221 - DEBUG - Entered _check_music
2026-08-02 21:43:55,221 - DEBUG - Paused: True, Music Playing: False
2026-08-02 21:43:55,234 - DEBUG - Tick
2026-08-02 21:43:55,237 - DEBUG - Updating music
2026-08-02 21:43:55,237 - DEBUG - Entered _check_music
2026-08-02 21:43:55,237 - DEBUG - Paused: True, Music Playing: False
2026-08-02 21:43:55,249 - DEBUG - Tick
2026-08-02 21:43:55,252 - DEBUG - Updating music
2026-08-02 21:43:55,252 - DEBUG - Entered _check_music
2026-08-02 21:43:55,252 - DEBUG - Paused: True, Music Playing: False
2026-08-02 21:43:55,266 - DEBUG - Tick
2026-08-02 21:43:55,269 - DEBUG - Updating music
2026-08-02 21:43:55,269 - DEBUG - Entered _check_music
2026-08-02 21:43:55,269 - DEBUG - Paused: True, Music Playing: False
2026-08-02 21:43:55,282 - DEBUG - Tick
2026-08-02 21:43:55,285 - DEBUG - Updating music
2026-08-02 21:43:55,285 - DEBUG - Entered _check_music
2026-08-02 21:43:55,285 - DEBUG - Paused: True, Music Playing: False
2026-08-02 21:43:55,297 - DEBUG - Tick
2026-08-02 21:43:55,300 - DEBUG - Updating music
2026-08-02 21:43:55,300 - DEBUG - Entered _check_music
2026-08-02 21:43:55,300 - DEBUG - Paused: True, Music Playing: False
2026-08-02 21:43:55,314 - DEBUG - Tick
2026-08-02 21:43:55,316 - DEBUG - Updating music
2026-08-02 21:43:55,316 - DEBUG - Entered _check_music
2026-08-02 21:43:55,316 - DEBUG - Paused: True, Music Playing: False
2026-08-02 21:43:55,329 - DEBUG - Tick
2026-08-02 21:43:55,332 - DEBUG - Updating music
2026-08-02 21:43:55,332 - DEBUG - Entered _check_music
2026-08-02 21:43:55,332 - DEBUG - Paused: True, Music Playing: False
2026-08-02 21:43:55,346 - DEBUG - Tick
2026-08-02 21:43:55,349 - DEBUG - Updating music
2026-08-02 21:43:55,349 - DEBUG - Entered _check_music
2026-08-02 21:43:55,349 - DEBUG - Paused: True, Music Playing: False
2026-08-02 21:43:55,363 - DEBUG - Tick
2026-08-02 21:43:55,366 - DEBUG - Updating music
2026-08-02 21:43:55,366 - DEBUG - Entered _check_music
2026-08-02 21:43:55,366 - DEBUG - Paused: True, Music Playing: False
2026-08-02 21:43:55,381 - DEBUG - Tick
2026-08-02 21:43:55,384 - DEBUG - Updating music
2026-08-02 21:43:55,384 - DEBUG - Entered _check_music
2026-08-02 21:43:55,384 - DEBUG - Paused: True, Music Playing: False
2026-08-02 21:43:55,398 - DEBUG - Tick
2026-08-02 21:43:55,401 - DEBUG - Updating music
2026-08-02 21:43:55,401 - DEBUG - Entered _check_music
2026-08-02 21:43:55,401 - DEBUG - Paused: True, Music Playing: False
2026-08-02 21:43:55,414 - DEBUG - Tick
2026-08-02 21:43:55,417 - DEBUG - Updating music
2026-08-02 21:43:55,417 - DEBUG - Entered _check_music
2026-08-02 21:43:55,417 - DEBUG - Paused: True, Music Playing: False
2026-08-02 21:43:55,429 - DEBUG - Tick
2026-08-02 21:43:55,432 - DEBUG - Updating music
2026-08-02 21:43:55,432 - DEBUG - Entered _check_music
2026-08-02 21:43:55,432 - DEBUG - Paused: True, Music Playing: False
2026-08-02 21:43:55,445 - DEBUG - Tick
2026-08-02 21:43:55,448 - DEBUG - Updating music
2026-08-02 21:43:55,448 - DEBUG - Entered _check_music
2026-08-02 21:43:55,448 - DEBUG - Paused: True, Music Playing: False
2026-08-02 21:43:55,461 - DEBUG - Tick
2026-08-02 21:43:55,465 - DEBUG - Updating music
2026-08-02 21:43:55,465 - DEBUG - Entered _check_music
2026-08-02 21:43:55,465 - DEBUG - Paused: True, Music Playing: False
2026-08-02 21:43:55,478 - DEBUG - Tick
2026-08-02 21:43:55,481 - DEBUG - Updating music
2026-08-02 21:43:55,481 - DEBUG - Entered _check_music
2026-08-02 21:43:55,481 - DEBUG - Paused: True, Music Playing: False
2026-08-02 21:43:55,493 - DEBUG - Tick
2026-08-02 21:43:55,496 - DEBUG - Updating music
2026-08-02 21:43:55,496 - DEBUG - Entered _check_music
2026-08-02 21:43:55,496 - DEBUG - Paused: True, Music Playing: False
2026-08-02 21:43:55,510 - DEBUG - Tick
2026-08-02 21:43:55,513 - DEBUG - Updating music
2026-08-02 21:43:55,513 - DEBUG - Entered _check_music
2026-08-02 21:43:55,513 - DEBUG - Paused: True, Music Playing: False
2026-08-02 21:43:55,526 - DEBUG - Tick
2026-08-02 21:43:55,529 - DEBUG - Updating music
2026-08-02 21:43:55,529 - DEBUG - Entered _check_music
2026-08-02 21:43:55,529 - DEBUG - Paused: True, Music Playing: False
2026-08-02 21:43:55,541 - DEBUG - Tick
2026-08-02 21:43:55,545 - DEBUG - Updating music
2026-08-02 21:43:55,545 - DEBUG - Entered _check_music
2026-08-02 21:43:55,545 - DEBUG - Paused: True, Music Playing: False
2026-08-02 21:43:55,558 - DEBUG - Tick
2026-08-02 21:43:55,561 - DEBUG - Updating music
2026-08-02 21:43:55,561 - DEBUG - Entered _check_music
2026-08-02 21:43:55,561 - DEBUG - Paused: True, Music Playing: False
2026-08-02 21:43:55,574 - DEBUG - Tick
2026-08-02 21:43:55,577 - DEBUG - Updating music
2026-08-02 21:43:55,578 - DEBUG - Entered _check_music
2026-08-02 21:43:55,578 - DEBUG - Paused: True, Music Playing: False
2026-08-02 21:43:55,591 - DEBUG - Tick
2026-08-02 21:43:55,594 - DEBUG - Updating music
2026-08-02 21:43:55,594 - DEBUG - Entered _check_music
2026-08-02 21:43:55,594 - DEBUG - Paused: True, Music Playing: False
2026-08-02 21:43:55,606 - DEBUG - Tick
2026-08-02 21:43:55,609 - DEBUG - Updating music
2026-08-02 21:43:55,610 - DEBUG - Entered _check_music
2026-08-02 21:43:55,610 - DEBUG - Paused: True, Music Playing: False
2026-08-02 21:43:55,623 - DEBUG - Tick
2026-08-02 21:43:55,626 - DEBUG - Updating music
2026-08-02 21:43:55,626 - DEBUG - Entered _check_music
2026-08-02 21:43:55,626 - DEBUG - Paused: True, Music Playing: False
2026-08-02 21:43:55,638 - DEBUG - Tick
2026-08-02 21:43:55,641 - DEBUG - Updating music
2026-08-02 21:43:55,641 - DEBUG - Entered _check_music
2026-08-02 21:43:55,641 - DEBUG - Paused: True, Music Playing: False
2026-08-02 21:43:55,655 - DEBUG - Tick
2026-08-02 21:43:55,657 - DEBUG - Updating music
2026-08-02 21:43:55,657 - DEBUG - Entered _check_music
2026-08-02 21:43:55,657 - DEBUG - Paused: True, Music Playing: False
2026-08-02 21:43:55,670 - DEBUG - Tick
2026-08-02 21:43:55,673 - DEBUG - Updating music
2026-08-02 21:43:55,673 - DEBUG - Entered _check_music
2026-08-02 21:43:55,673 - DEBUG - Paused: True, Music Playing: False
2026-08-02 21:43:55,687 - DEBUG - Tick
2026-08-02 21:43:55,690 - DEBUG - Updating music
2026-08-02 21:43:55,690 - DEBUG - Entered _check_music
2026-08-02 21:43:55,690 - DEBUG - Paused: True, Music Playing: False
2026-08-02 21:43:55,704 - DEBUG - Tick
2026-08-02 21:43:55,707 - DEBUG - Updating music
2026-08-02 21:43:55,707 - DEBUG - Entered _check_music
2026-08-02 21:43:55,707 - DEBUG - Paused: True, Music Playing: False
2026-08-02 21:43:55,720 - DEBUG - Tick
2026-08-02 21:43:55,723 - DEBUG - Updating music
2026-08-02 21:43:55,723 - DEBUG - Entered _check_music
2026-08-02 21:43:55,723 - DEBUG - Paused: True, Music Playing: False
2026-08-02 21:43:55,736 - DEBUG - Tick
2026-08-02 21:43:55,739 - DEBUG - Updating music
2026-08-02 21:43:55,739 - DEBUG - Entered _check_music
2026-08-02 21:43:55,739 - DEBUG - Paused: True, Music Playing: False
2026-08-02 21:43:55,752 - DEBUG - Tick
2026-08-02 21:43:55,755 - DEBUG - Updating music
2026-08-02 21:43:55,755 - DEBUG - Entered _check_music
2026-08-02 21:43:55,755 - DEBUG - Paused: True, Music Playing: False
2026-08-02 21:43:55,768 - DEBUG - Tick
2026-08-02 21:43:55,771 - DEBUG - Updating music
2026-08-02 21:43:55,771 - DEBUG - Entered _check_music
2026-08-02 21:43:55,771 - DEBUG - Paused: True, Music Playing: False
2026-08-02 21:43:55,784 - DEBUG - Tick
2026-08-02 21:43:55,786 - DEBUG - Updating music
2026-08-02 21:43:55,787 - DEBUG - Entered _check_music
2026-08-02 21:43:55,787 - DEBUG - Paused: True, Music Playing: False
2026-08-02 21:43:55,800 - DEBUG - Tick
2026-08-02 21:43:55,803 - DEBUG - Updating music
2026-08-02 21:43:55,803 - DEBUG - Entered _check_music
2026-08-02 21:43:55,803 - DEBUG - Paused: True, Music Playing: False
2026-08-02 21:43:55,816 - DEBUG - Tick
2026-08-02 21:43:55,819 - DEBUG - Updating music
2026-08-02 21:43:55,819 - DEBUG - Entered _check_music
2026-08-02 21:43:55,819 - DEBUG - Paused: True, Music Playing: False
2026-08-02 21:43:55,832 - DEBUG - Tick
2026-08-02 21:43:55,835 - DEBUG - Updating music
2026-08-02 21:43:55,835 - DEBUG - Entered _check_music
2026-08-02 21:43:55,835 - DEBUG - Paused: True, Music Playing: False
2026-08-02 21:43:55,848 - DEBUG - Tick
2026-08-02 21:43:55,851 - DEBUG - Updating music
2026-08-02 21:43:55,851 - DEBUG - Entered _check_music
2026-08-02 21:43:55,851 - DEBUG - Paused: True, Music Playing: False
2026-08-02 21:43:55,864 - DEBUG - Tick
2026-08-02 21:43:55,867 - DEBUG - Updating music
2026-08-02 21:43:55,867 - DEBUG - Entered _check_music
2026-08-02 21:43:55,867 - DEBUG - Paused: True, Music Playing: False
2026-08-02 21:43:55,880 - DEBUG - Tick
2026-08-02 21:43:55,883 - DEBUG - Updating music
2026-08-02 21:43:55,883 - DEBUG - Entered _check_music
2026-08-02 21:43:55,883 - DEBUG - Paused: True, Music Playing: False
2026-08-02 21:43:55,896 - DEBUG - Tick
2026-08-02 21:43:55,899 - DEBUG - Updating music
2026-08-02 21:43:55,899 - DEBUG - Entered _check_music
2026-08-02 21:43:55,899 - DEBUG - Paused: True, Music Playing: False
2026-08-02 21:43:55,912 - DEBUG - Tick
2026-08-02 21:43:55,915 - DEBUG - Updating music
2026-08-02 21:43:55,915 - DEBUG - Entered _check_music
2026-08-02 21:43:55,915 - DEBUG - Paused: True, Music Playing: False
2026-08-02 21:43:55,928 - DEBUG - Tick
2026-08-02 21:43:55,931 - DEBUG - Updating music
2026-08-02 21:43:55,931 - DEBUG - Entered _check_music
2026-08-02 21:43:55,931 - DEBUG - Paused: True, Music Playing: False
2026-08-02 21:43:55,945 - DEBUG - Tick
2026-08-02 21:43:55,947 - DEBUG - Updating music
2026-08-02 21:43:55,947 - DEBUG - Entered _check_music
2026-08-02 21:43:55,948 - DEBUG - Paused: True, Music Playing: False
2026-08-02 21:43:55,961 - DEBUG - Tick
2026-08-02 21:43:55,964 - DEBUG - Updating music
2026-08-02 21:43:55,964 - DEBUG - Entered _check_music
2026-08-02 21:43:55,964 - DEBUG - Paused: True, Music Playing: False
2026-08-02 21:43:55,977 - DEBUG - Tick
2026-08-02 21:43:55,980 - DEBUG - Updating music
2026-08-02 21:43:55,980 - DEBUG - Entered _check_music
2026-08-02 21:43:55,980 - DEBUG - Paused: True, Music Playing: False
2026-08-02 21:43:55,992 - DEBUG - Tick
2026-08-02 21:43:55,996 - DEBUG - Updating music
2026-08-02 21:43:55,996 - DEBUG - Entered _check_music
2026-08-02 21:43:55,996 - DEBUG - Paused: True, Music Playing: False
2026-08-02 21:43:56,009 - DEBUG - Tick
2026-08-02 21:43:56,012 - DEBUG - Updating music
2026-08-02 21:43:56,012 - DEBUG - Entered _check_music
2026-08-02 21:43:56,012 - DEBUG - Paused: True, Music Playing: False
2026-08-02 21:43:56,025 - DEBUG - Tick
2026-08-02 21:43:56,028 - DEBUG - Updating music
2026-08-02 21:43:56,028 - DEBUG - Entered _check_music
2026-08-02 21:43:56,028 - DEBUG - Paused: True, Music Playing: False
2026-08-02 21:43:56,041 - DEBUG - Tick
2026-08-02 21:43:56,045 - DEBUG - Updating music
2026-08-02 21:43:56,045 - DEBUG - Entered _check_music
2026-08-02 21:43:56,045 - DEBUG - Paused: True, Music Playing: False
2026-08-02 21:43:56,057 - DEBUG - Tick
2026-08-02 21:43:56,060 - DEBUG - Updating music
2026-08-02 21:43:56,061 - DEBUG - Entered _check_music
2026-08-02 21:43:56,061 - DEBUG - Paused: True, Music Playing: False
2026-08-02 21:43:56,073 - DEBUG - Tick
2026-08-02 21:43:56,076 - DEBUG - Updating music
2026-08-02 21:43:56,076 - DEBUG - Entered _check_music
2026-08-02 21:43:56,076 - DEBUG - Paused: True, Music Playing: False
2026-08-02 21:43:56,089 - DEBUG - Tick
2026-08-02 21:43:56,092 - DEBUG - Updating music
2026-08-02 21:43:56,092 - DEBUG - Entered _check_music
2026-08-02 21:43:56,092 - DEBUG - Paused: True, Music Playing: False
2026-08-02 21:43:56,105 - DEBUG - Tick
2026-08-02 21:43:56,108 - DEBUG - Updating music
2026-08-02 21:43:56,108 - DEBUG - Entered _check_music
2026-08-02 21:43:56,108 - DEBUG - Paused: True, Music Playing: False
2026-08-02 21:43:56,120 - DEBUG - Tick
2026-08-02 21:43:56,123 - DEBUG - Updating music
2026-08-02 21:43:56,124 - DEBUG - Entered _check_music
2026-08-02 21:43:56,124 - DEBUG - Paused: True, Music Playing: False
2026-08-02 21:43:56,137 - DEBUG - Tick
2026-08-02 21:43:56,140 - DEBUG - Updating music
2026-08-02 21:43:56,140 - DEBUG - Entered _check_music
2026-08-02 21:43:56,140 - DEBUG - Paused: True, Music Playing: False
2026-08-02 21:43:56,153 - DEBUG - Tick
2026-08-02 21:43:56,156 - DEBUG - Updating music
2026-08-02 21:43:56,157 - DEBUG - Entered _check_music
2026-08-02 21:43:56,157 - DEBUG - Paused: True, Music Playing: False
2026-08-02 21:43:56,170 - DEBUG - Tick
2026-08-02 21:43:56,173 - DEBUG - Updating music
2026-08-02 21:43:56,173 - DEBUG - Entered _check_music
2026-08-02 21:43:56,173 - DEBUG - Paused: True, Music Playing: False
2026-08-02 21:43:56,186 - DEBUG - Tick
2026-08-02 21:43:56,189 - DEBUG - Updating music
2026-08-02 21:43:56,190 - DEBUG - Entered _check_music
2026-08-02 21:43:56,190 - DEBUG - Paused: True, Music Playing: False
2026-08-02 21:43:56,203 - DEBUG - Tick
2026-08-02 21:43:56,206 - DEBUG - Updating music
2026-08-02 21:43:56,206 - DEBUG - Entered _check_music
2026-08-02 21:43:56,206 - DEBUG - Paused: True, Music Playing: False
2026-08-02 21:43:56,218 - DEBUG - Tick
2026-08-02 21:43:56,221 - DEBUG - Updating music
2026-08-02 21:43:56,221 - DEBUG - Entered _check_music
2026-08-02 21:43:56,221 - DEBUG - Paused: True, Music Playing: False
2026-08-02 21:43:56,235 - DEBUG - Tick
2026-08-02 21:43:56,238 - DEBUG - Updating music
2026-08-02 21:43:56,238 - DEBUG - Entered _check_music
2026-08-02 21:43:56,238 - DEBUG - Paused: True, Music Playing: False
2026-08-02 21:43:56,251 - DEBUG - Tick
2026-08-02 21:43:56,254 - DEBUG - Updating music
2026-08-02 21:43:56,254 - DEBUG - Entered _check_music
2026-08-02 21:43:56,254 - DEBUG - Paused: True, Music Playing: False
2026-08-02 21:43:56,266 - DEBUG - Tick
2026-08-02 21:43:56,270 - DEBUG - Updating music
2026-08-02 21:43:56,270 - DEBUG - Entered _check_music
2026-08-02 21:43:56,270 - DEBUG - Paused: True, Music Playing: False
2026-08-02 21:43:56,283 - DEBUG - Tick
2026-08-02 21:43:56,286 - DEBUG - Updating music
2026-08-02 21:43:56,286 - DEBUG - Entered _check_music
2026-08-02 21:43:56,286 - DEBUG - Paused: True, Music Playing: False
2026-08-02 21:43:56,299 - DEBUG - Tick
2026-08-02 21:43:56,303 - DEBUG - Updating music
2026-08-02 21:43:56,303 - DEBUG - Entered _check_music
2026-08-02 21:43:56,303 - DEBUG - Paused: True, Music Playing: False
2026-08-02 21:43:56,316 - DEBUG - Tick
2026-08-02 21:43:56,319 - DEBUG - Updating music
2026-08-02 21:43:56,319 - DEBUG - Entered _check_music
2026-08-02 21:43:56,319 - DEBUG - Paused: True, Music Playing: False
2026-08-02 21:43:56,332 - DEBUG - Tick
2026-08-02 21:43:56,335 - DEBUG - Updating music
2026-08-02 21:43:56,335 - DEBUG - Entered _check_music
2026-08-02 21:43:56,335 - DEBUG - Paused: True, Music Playing: False
2026-08-02 21:43:56,348 - DEBUG - Tick
2026-08-02 21:43:56,351 - DEBUG - Updating music
2026-08-02 21:43:56,351 - DEBUG - Entered _check_music
2026-08-02 21:43:56,351 - DEBUG - Paused: True, Music Playing: False
2026-08-02 21:43:56,364 - DEBUG - Tick
2026-08-02 21:43:56,367 - DEBUG - Updating music
2026-08-02 21:43:56,367 - DEBUG - Entered _check_music
2026-08-02 21:43:56,367 - DEBUG - Paused: True, Music Playing: False
2026-08-02 21:43:56,380 - DEBUG - Tick
2026-08-02 21:43:56,383 - DEBUG - Updating music
2026-08-02 21:43:56,383 - DEBUG - Entered _check_music
2026-08-02 21:43:56,383 - DEBUG - Paused: True, Music Playing: False
2026-08-02 21:43:56,396 - DEBUG - Tick
2026-08-02 21:43:56,399 - DEBUG - Updating music
2026-08-02 21:43:56,399 - DEBUG - Entered _check_music
2026-08-02 21:43:56,399 - DEBUG - Paused: True, Music Playing: False
2026-08-02 21:43:56,413 - DEBUG - Tick
2026-08-02 21:43:56,416 - DEBUG - Updating music
2026-08-02 21:43:56,416 - DEBUG - Entered _check_music
2026-08-02 21:43:56,416 - DEBUG - Paused: True, Music Playing: False
2026-08-02 21:43:56,429 - DEBUG - Tick
2026-08-02 21:43:56,431 - DEBUG - Updating music
2026-08-02 21:43:56,432 - DEBUG - Entered _check_music
2026-08-02 21:43:56,432 - DEBUG - Paused: True, Music Playing: False
2026-08-02 21:43:56,445 - DEBUG - Tick
2026-08-02 21:43:56,448 - DEBUG - Updating music
2026-08-02 21:43:56,448 - DEBUG - Entered _check_music
2026-08-02 21:43:56,448 - DEBUG - Paused: True, Music Playing: False
2026-08-02 21:43:56,460 - DEBUG - Tick
2026-08-02 21:43:56,464 - DEBUG - Updating music
2026-08-02 21:43:56,464 - DEBUG - Entered _check_music
2026-08-02 21:43:56,464 - DEBUG - Paused: True, Music Playing: False
2026-08-02 21:43:56,477 - DEBUG - Tick
2026-08-02 21:43:56,480 - DEBUG - Updating music
2026-08-02 21:43:56,480 - DEBUG - Entered _check_music
2026-08-02 21:43:56,480 - DEBUG - Paused: True, Music Playing: False
2026-08-02 21:43:56,492 - DEBUG - Tick
2026-08-02 21:43:56,495 - DEBUG - Updating music
2026-08-02 21:43:56,495 - DEBUG - Entered _check_music
2026-08-02 21:43:56,495 - DEBUG - Paused: True, Music Playing: False
2026-08-02 21:43:56,509 - DEBUG - Tick
2026-08-02 21:43:56,512 - DEBUG - Updating music
2026-08-02 21:43:56,512 - DEBUG - Entered _check_music
2026-08-02 21:43:56,512 - DEBUG - Paused: True, Music Playing: False
2026-08-02 21:43:56,525 - DEBUG - Tick
2026-08-02 21:43:56,528 - DEBUG - Updating music
2026-08-02 21:43:56,528 - DEBUG - Entered _check_music
2026-08-02 21:43:56,528 - DEBUG - Paused: True, Music Playing: False
2026-08-02 21:43:56,541 - DEBUG - Tick
2026-08-02 21:43:56,544 - DEBUG - Updating music
2026-08-02 21:43:56,544 - DEBUG - Entered _check_music
2026-08-02 21:43:56,544 - DEBUG - Paused: True, Music Playing: False
2026-08-02 21:43:56,556 - DEBUG - Tick
